"Subject","Body","From: (Name)","From: (Address)","From: (Type)","To: (Name)","To: (Address)","To: (Type)","CC: (Name)","CC: (Address)","CC: (Type)","BCC: (Name)","BCC: (Address)","BCC: (Type)","Billing Information","Categories","Importance","Mileage","Sensitivity"
"Re: Duke in New York - Follow Up","Sounds good. See you then.

Get Outlook for iOS <https://aka.ms/o0ukef> 
________________________________

From: clayton.boggs@barclays.com <clayton.boggs@barclays.com>
Sent: Tuesday, February 3, 2026 3:52:47 PM
To: Graham Mills <graham.mills@duke.edu>
Subject: RE: Duke in New York - Follow Up 
 

Hey Graham – you are coming in person right? No need for my number. When you get here check in with front desk, they will get you setup with a badge to come up to the floor. Ill meet you down in the lobby (they’ll call me once you are all set with the badge)

 

From: Graham Mills <graham.mills@duke.edu> 
Sent: Tuesday, February 3, 2026 3:44 PM
To: Boggs, Clay: Markets (NYK) <clayton.boggs@barclays.com>
Subject: Re: Duke in New York - Follow Up

 

________________________________

CAUTION: This email originated from outside our organization - graham.mills@duke.edu <mailto:graham.mills@duke.edu>  Do not click on links, open attachments, or respond unless you recognize the sender and can validate the content is safe. 

________________________________

Hi Clay,

 

I just realized I never actually got your phone number. I'm going to head over now, and I'll wait in the lobby when I arrive. Shoot me your number when you get a chance and I'll call.

 

Best,

Graham

________________________________

From: clayton.boggs@barclays.com <mailto:clayton.boggs@barclays.com>  <clayton.boggs@barclays.com <mailto:clayton.boggs@barclays.com> >
Sent: Friday, January 30, 2026 3:29 PM
To: Graham Mills <graham.mills@duke.edu <mailto:graham.mills@duke.edu> >
Subject: RE: Duke in New York - Follow Up 

 

Great – leaving as is but if something comes up we can move around, not an issue

 

From: Graham Mills <graham.mills@duke.edu <mailto:graham.mills@duke.edu> > 
Sent: Friday, January 30, 2026 3:24 PM
To: Boggs, Clay: Markets (NYK) <clayton.boggs@barclays.com <mailto:clayton.boggs@barclays.com> >
Subject: Re: Duke in New York - Follow Up

 

________________________________

CAUTION: This email originated from outside our organization - graham.mills@duke.edu <mailto:graham.mills@duke.edu>  Do not click on links, open attachments, or respond unless you recognize the sender and can validate the content is safe. 

________________________________

Never mind - Tuesday works. John just texted saying UBS moved to Monday.

 

Best,

Graham

________________________________

From: Graham Mills <graham.mills@duke.edu <mailto:graham.mills@duke.edu> >
Sent: Friday, January 30, 2026 2:24 PM
To: clayton.boggs@barclays.com <mailto:clayton.boggs@barclays.com>  <clayton.boggs@barclays.com <mailto:clayton.boggs@barclays.com> >
Subject: Re: Duke in New York - Follow Up 

 

Hi Clay,

 

Is there any chance that we can reschedule for Monday or Wednesday afternoon? John just informed us that UBS will be having us for a visit on Tuesday afternoon. Let me know, and if not, I can just leave there early and meet you on Tuesday since my interview time was moved up to 2 pm, so I'll have time to interview, go to UBS, and head over if that works for you.

 

Sorry for the late notice, just found out about that visit today.

 

Also, my resume is attached as requested.

 

Best,

Graham

________________________________

From: clayton.boggs@barclays.com <mailto:clayton.boggs@barclays.com>  <clayton.boggs@barclays.com <mailto:clayton.boggs@barclays.com> >
Sent: Friday, January 30, 2026 7:16 AM
To: Graham Mills <graham.mills@duke.edu <mailto:graham.mills@duke.edu> >
Subject: RE: Duke in New York - Follow Up 

 

Thanks, and I don’t think I have a copy of your resume if you can send as well

 

From: Graham Mills <graham.mills@duke.edu <mailto:graham.mills@duke.edu> > 
Sent: Thursday, January 29, 2026 6:06 PM
To: Boggs, Clay: Markets (NYK) <clayton.boggs@barclays.com <mailto:clayton.boggs@barclays.com> >
Subject: Re: Duke in New York - Follow Up

 

________________________________

CAUTION: This email originated from outside our organization - graham.mills@duke.edu <mailto:graham.mills@duke.edu>  Do not click on links, open attachments, or respond unless you recognize the sender and can validate the content is safe. 

________________________________

Just sent an invite. I’ll be sure to call you as soon as the interview is done. See you then!

 

Get Outlook for iOS <https://urldefense.com/v3/__https:/aka.ms/o0ukef__;!!G7x19LdBoP0e!nVFBRcEjtyBdbrYkigzRS9w2It0k2fYx_L0LIAGeE9xFicxzdqDBuMOt-g2AMrkNaSj4EqAjyNxh6kWHTJUSfMSK5QYN2w$> 

________________________________

From: clayton.boggs@barclays.com <mailto:clayton.boggs@barclays.com>  <clayton.boggs@barclays.com <mailto:clayton.boggs@barclays.com> >
Sent: Thursday, January 29, 2026 3:25:00 PM
To: Graham Mills <graham.mills@duke.edu <mailto:graham.mills@duke.edu> >
Subject: RE: Duke in New York - Follow Up 

 

Sure- can call me after your interview. Can you send a cal just so I don’t double book 

 

From: Graham Mills <graham.mills@duke.edu <mailto:graham.mills@duke.edu> > 
Sent: Thursday, January 29, 2026 1:51 PM
To: Boggs, Clay: Markets (NYK) <clayton.boggs@barclays.com <mailto:clayton.boggs@barclays.com> >
Subject: Re: Duke in New York - Follow Up

 

________________________________

CAUTION: This email originated from outside our organization - graham.mills@duke.edu <mailto:graham.mills@duke.edu>  Do not click on links, open attachments, or respond unless you recognize the sender and can validate the content is safe. 

________________________________

I have an interview from 3 to 3:30, but any other time that afternoon works for me. What time works for you?

________________________________

From: clayton.boggs@barclays.com <mailto:clayton.boggs@barclays.com>  <clayton.boggs@barclays.com <mailto:clayton.boggs@barclays.com> >
Sent: Thursday, January 29, 2026 9:15 AM
To: Graham Mills <graham.mills@duke.edu <mailto:graham.mills@duke.edu> >
Subject: RE: Duke in New York - Follow Up 

 

Hi Graham – sure

Tues afternoon? 

 

From: Graham Mills <graham.mills@duke.edu <mailto:graham.mills@duke.edu> > 
Sent: Wednesday, January 28, 2026 4:19 PM
To: Boggs, Clay: Markets (NYK) <clayton.boggs@barclays.com <mailto:clayton.boggs@barclays.com> >
Subject: Duke in New York - Follow Up

 

________________________________

CAUTION: This email originated from outside our organization - graham.mills@duke.edu <mailto:graham.mills@duke.edu>  Do not click on links, open attachments, or respond unless you recognize the sender and can validate the content is safe. 

________________________________

Hi Clayton,

 

It was a pleasure to meet you the other day at the Duke event at Barclays. I had a great time learning from you and Alexi about the markets team.

 

I just got done talking to Joseph Reiff and he recommended I catch up with you. Is there a good time for me to come by the office? Just let me know what works for you.

 

Best,

Graham Mills

 

 

This e-mail and any attachments are confidential and intended solely for the addressee and may also be privileged or exempt from disclosure under applicable law. If you are not the addressee, or have received this e-mail in error, please notify the sender immediately, delete it from your system and do not copy, disclose or otherwise act upon any part of this e-mail or its attachments. 

Internet communications are not guaranteed to be secure or virus-free. The Barclays Group does not accept responsibility for any loss arising from unauthorised access to, or interference with, any Internet communications by any third party, or from the transmission of any viruses. Replies to this e-mail may be monitored by the Barclays Group for operational or business reasons. 

Any opinion or other information in this e-mail or its attachments that does not relate to the business of the Barclays Group is personal to the sender and is not given or endorsed by the Barclays Group. 

Barclays Bank PLC. Registered in England and Wales (registered no. 1026167). Registered Office: 1 Churchill Place, London, E14 5HP, United Kingdom. 

Barclays Bank PLC is authorised by the Prudential Regulation Authority and regulated by the Financial Conduct Authority and the Prudential Regulation Authority (Financial Services Register No. 122702). 

 

 

This e-mail and any attachments are confidential and intended solely for the addressee and may also be privileged or exempt from disclosure under applicable law. If you are not the addressee, or have received this e-mail in error, please notify the sender immediately, delete it from your system and do not copy, disclose or otherwise act upon any part of this e-mail or its attachments. 

Internet communications are not guaranteed to be secure or virus-free. The Barclays Group does not accept responsibility for any loss arising from unauthorised access to, or interference with, any Internet communications by any third party, or from the transmission of any viruses. Replies to this e-mail may be monitored by the Barclays Group for operational or business reasons. 

Any opinion or other information in this e-mail or its attachments that does not relate to the business of the Barclays Group is personal to the sender and is not given or endorsed by the Barclays Group. 

Barclays Bank PLC. Registered in England and Wales (registered no. 1026167). Registered Office: 1 Churchill Place, London, E14 5HP, United Kingdom. 

Barclays Bank PLC is authorised by the Prudential Regulation Authority and regulated by the Financial Conduct Authority and the Prudential Regulation Authority (Financial Services Register No. 122702). 

 

 

This e-mail and any attachments are confidential and intended solely for the addressee and may also be privileged or exempt from disclosure under applicable law. If you are not the addressee, or have received this e-mail in error, please notify the sender immediately, delete it from your system and do not copy, disclose or otherwise act upon any part of this e-mail or its attachments. 

Internet communications are not guaranteed to be secure or virus-free. The Barclays Group does not accept responsibility for any loss arising from unauthorised access to, or interference with, any Internet communications by any third party, or from the transmission of any viruses. Replies to this e-mail may be monitored by the Barclays Group for operational or business reasons. 

Any opinion or other information in this e-mail or its attachments that does not relate to the business of the Barclays Group is personal to the sender and is not given or endorsed by the Barclays Group. 

Barclays Bank PLC. Registered in England and Wales (registered no. 1026167). Registered Office: 1 Churchill Place, London, E14 5HP, United Kingdom. 

Barclays Bank PLC is authorised by the Prudential Regulation Authority and regulated by the Financial Conduct Authority and the Prudential Regulation Authority (Financial Services Register No. 122702). 

 

 

This e-mail and any attachments are confidential and intended solely for the addressee and may also be privileged or exempt from disclosure under applicable law. If you are not the addressee, or have received this e-mail in error, please notify the sender immediately, delete it from your system and do not copy, disclose or otherwise act upon any part of this e-mail or its attachments. 

Internet communications are not guaranteed to be secure or virus-free. The Barclays Group does not accept responsibility for any loss arising from unauthorised access to, or interference with, any Internet communications by any third party, or from the transmission of any viruses. Replies to this e-mail may be monitored by the Barclays Group for operational or business reasons. 

Any opinion or other information in this e-mail or its attachments that does not relate to the business of the Barclays Group is personal to the sender and is not given or endorsed by the Barclays Group. 

Barclays Bank PLC. Registered in England and Wales (registered no. 1026167). Registered Office: 1 Churchill Place, London, E14 5HP, United Kingdom. 

Barclays Bank PLC is authorised by the Prudential Regulation Authority and regulated by the Financial Conduct Authority and the Prudential Regulation Authority (Financial Services Register No. 122702). 

 




This e-mail and any attachments are confidential and intended solely for the addressee and may also be privileged or exempt from disclosure under applicable law. If you are not the addressee, or have received this e-mail in error, please notify the sender immediately, delete it from your system and do not copy, disclose or otherwise act upon any part of this e-mail or its attachments. 

Internet communications are not guaranteed to be secure or virus-free. The Barclays Group does not accept responsibility for any loss arising from unauthorised access to, or interference with, any Internet communications by any third party, or from the transmission of any viruses. Replies to this e-mail may be monitored by the Barclays Group for operational or business reasons. 

Any opinion or other information in this e-mail or its attachments that does not relate to the business of the Barclays Group is personal to the sender and is not given or endorsed by the Barclays Group. 

Barclays Bank PLC. Registered in England and Wales (registered no. 1026167). Registered Office: 1 Churchill Place, London, E14 5HP, United Kingdom. 

Barclays Bank PLC is authorised by the Prudential Regulation Authority and regulated by the Financial Conduct Authority and the Prudential Regulation Authority (Financial Services Register No. 122702). 


","Graham Mills","/o=ExchangeLabs/ou=Exchange Administrative Group (FYDIBOHF23SPDLT)/cn=Recipients/cn=db3bfe3506794f919ac1e0bca73ab3a9-a02bfddf-ef","EX","clayton.boggs@barclays.com","clayton.boggs@barclays.com","SMTP",,,,,,,,,"Normal",,"Normal"
"Re: Duke in New York - Follow Up","Hi Clay,

I just realized I never actually got your phone number. I'm going to head over now, and I'll wait in the lobby when I arrive. Shoot me your number when you get a chance and I'll call.

Best,
Graham
________________________________

From: clayton.boggs@barclays.com <clayton.boggs@barclays.com>
Sent: Friday, January 30, 2026 3:29 PM
To: Graham Mills <graham.mills@duke.edu>
Subject: RE: Duke in New York - Follow Up 
 

Great – leaving as is but if something comes up we can move around, not an issue

 

From: Graham Mills <graham.mills@duke.edu> 
Sent: Friday, January 30, 2026 3:24 PM
To: Boggs, Clay: Markets (NYK) <clayton.boggs@barclays.com>
Subject: Re: Duke in New York - Follow Up

 

________________________________

CAUTION: This email originated from outside our organization - graham.mills@duke.edu <mailto:graham.mills@duke.edu>  Do not click on links, open attachments, or respond unless you recognize the sender and can validate the content is safe. 

________________________________

Never mind - Tuesday works. John just texted saying UBS moved to Monday.

 

Best,

Graham

________________________________

From: Graham Mills <graham.mills@duke.edu <mailto:graham.mills@duke.edu> >
Sent: Friday, January 30, 2026 2:24 PM
To: clayton.boggs@barclays.com <mailto:clayton.boggs@barclays.com>  <clayton.boggs@barclays.com <mailto:clayton.boggs@barclays.com> >
Subject: Re: Duke in New York - Follow Up 

 

Hi Clay,

 

Is there any chance that we can reschedule for Monday or Wednesday afternoon? John just informed us that UBS will be having us for a visit on Tuesday afternoon. Let me know, and if not, I can just leave there early and meet you on Tuesday since my interview time was moved up to 2 pm, so I'll have time to interview, go to UBS, and head over if that works for you.

 

Sorry for the late notice, just found out about that visit today.

 

Also, my resume is attached as requested.

 

Best,

Graham

________________________________

From: clayton.boggs@barclays.com <mailto:clayton.boggs@barclays.com>  <clayton.boggs@barclays.com <mailto:clayton.boggs@barclays.com> >
Sent: Friday, January 30, 2026 7:16 AM
To: Graham Mills <graham.mills@duke.edu <mailto:graham.mills@duke.edu> >
Subject: RE: Duke in New York - Follow Up 

 

Thanks, and I don’t think I have a copy of your resume if you can send as well

 

From: Graham Mills <graham.mills@duke.edu <mailto:graham.mills@duke.edu> > 
Sent: Thursday, January 29, 2026 6:06 PM
To: Boggs, Clay: Markets (NYK) <clayton.boggs@barclays.com <mailto:clayton.boggs@barclays.com> >
Subject: Re: Duke in New York - Follow Up

 

________________________________

CAUTION: This email originated from outside our organization - graham.mills@duke.edu <mailto:graham.mills@duke.edu>  Do not click on links, open attachments, or respond unless you recognize the sender and can validate the content is safe. 

________________________________

Just sent an invite. I’ll be sure to call you as soon as the interview is done. See you then!

 

Get Outlook for iOS <https://urldefense.com/v3/__https:/aka.ms/o0ukef__;!!G7x19LdBoP0e!nVFBRcEjtyBdbrYkigzRS9w2It0k2fYx_L0LIAGeE9xFicxzdqDBuMOt-g2AMrkNaSj4EqAjyNxh6kWHTJUSfMSK5QYN2w$> 

________________________________

From: clayton.boggs@barclays.com <mailto:clayton.boggs@barclays.com>  <clayton.boggs@barclays.com <mailto:clayton.boggs@barclays.com> >
Sent: Thursday, January 29, 2026 3:25:00 PM
To: Graham Mills <graham.mills@duke.edu <mailto:graham.mills@duke.edu> >
Subject: RE: Duke in New York - Follow Up 

 

Sure- can call me after your interview. Can you send a cal just so I don’t double book 

 

From: Graham Mills <graham.mills@duke.edu <mailto:graham.mills@duke.edu> > 
Sent: Thursday, January 29, 2026 1:51 PM
To: Boggs, Clay: Markets (NYK) <clayton.boggs@barclays.com <mailto:clayton.boggs@barclays.com> >
Subject: Re: Duke in New York - Follow Up

 

________________________________

CAUTION: This email originated from outside our organization - graham.mills@duke.edu <mailto:graham.mills@duke.edu>  Do not click on links, open attachments, or respond unless you recognize the sender and can validate the content is safe. 

________________________________

I have an interview from 3 to 3:30, but any other time that afternoon works for me. What time works for you?

________________________________

From: clayton.boggs@barclays.com <mailto:clayton.boggs@barclays.com>  <clayton.boggs@barclays.com <mailto:clayton.boggs@barclays.com> >
Sent: Thursday, January 29, 2026 9:15 AM
To: Graham Mills <graham.mills@duke.edu <mailto:graham.mills@duke.edu> >
Subject: RE: Duke in New York - Follow Up 

 

Hi Graham – sure

Tues afternoon? 

 

From: Graham Mills <graham.mills@duke.edu <mailto:graham.mills@duke.edu> > 
Sent: Wednesday, January 28, 2026 4:19 PM
To: Boggs, Clay: Markets (NYK) <clayton.boggs@barclays.com <mailto:clayton.boggs@barclays.com> >
Subject: Duke in New York - Follow Up

 

________________________________

CAUTION: This email originated from outside our organization - graham.mills@duke.edu <mailto:graham.mills@duke.edu>  Do not click on links, open attachments, or respond unless you recognize the sender and can validate the content is safe. 

________________________________

Hi Clayton,

 

It was a pleasure to meet you the other day at the Duke event at Barclays. I had a great time learning from you and Alexi about the markets team.

 

I just got done talking to Joseph Reiff and he recommended I catch up with you. Is there a good time for me to come by the office? Just let me know what works for you.

 

Best,

Graham Mills

 

 

This e-mail and any attachments are confidential and intended solely for the addressee and may also be privileged or exempt from disclosure under applicable law. If you are not the addressee, or have received this e-mail in error, please notify the sender immediately, delete it from your system and do not copy, disclose or otherwise act upon any part of this e-mail or its attachments. 

Internet communications are not guaranteed to be secure or virus-free. The Barclays Group does not accept responsibility for any loss arising from unauthorised access to, or interference with, any Internet communications by any third party, or from the transmission of any viruses. Replies to this e-mail may be monitored by the Barclays Group for operational or business reasons. 

Any opinion or other information in this e-mail or its attachments that does not relate to the business of the Barclays Group is personal to the sender and is not given or endorsed by the Barclays Group. 

Barclays Bank PLC. Registered in England and Wales (registered no. 1026167). Registered Office: 1 Churchill Place, London, E14 5HP, United Kingdom. 

Barclays Bank PLC is authorised by the Prudential Regulation Authority and regulated by the Financial Conduct Authority and the Prudential Regulation Authority (Financial Services Register No. 122702). 

 

 

This e-mail and any attachments are confidential and intended solely for the addressee and may also be privileged or exempt from disclosure under applicable law. If you are not the addressee, or have received this e-mail in error, please notify the sender immediately, delete it from your system and do not copy, disclose or otherwise act upon any part of this e-mail or its attachments. 

Internet communications are not guaranteed to be secure or virus-free. The Barclays Group does not accept responsibility for any loss arising from unauthorised access to, or interference with, any Internet communications by any third party, or from the transmission of any viruses. Replies to this e-mail may be monitored by the Barclays Group for operational or business reasons. 

Any opinion or other information in this e-mail or its attachments that does not relate to the business of the Barclays Group is personal to the sender and is not given or endorsed by the Barclays Group. 

Barclays Bank PLC. Registered in England and Wales (registered no. 1026167). Registered Office: 1 Churchill Place, London, E14 5HP, United Kingdom. 

Barclays Bank PLC is authorised by the Prudential Regulation Authority and regulated by the Financial Conduct Authority and the Prudential Regulation Authority (Financial Services Register No. 122702). 

 

 

This e-mail and any attachments are confidential and intended solely for the addressee and may also be privileged or exempt from disclosure under applicable law. If you are not the addressee, or have received this e-mail in error, please notify the sender immediately, delete it from your system and do not copy, disclose or otherwise act upon any part of this e-mail or its attachments. 

Internet communications are not guaranteed to be secure or virus-free. The Barclays Group does not accept responsibility for any loss arising from unauthorised access to, or interference with, any Internet communications by any third party, or from the transmission of any viruses. Replies to this e-mail may be monitored by the Barclays Group for operational or business reasons. 

Any opinion or other information in this e-mail or its attachments that does not relate to the business of the Barclays Group is personal to the sender and is not given or endorsed by the Barclays Group. 

Barclays Bank PLC. Registered in England and Wales (registered no. 1026167). Registered Office: 1 Churchill Place, London, E14 5HP, United Kingdom. 

Barclays Bank PLC is authorised by the Prudential Regulation Authority and regulated by the Financial Conduct Authority and the Prudential Regulation Authority (Financial Services Register No. 122702). 

 




This e-mail and any attachments are confidential and intended solely for the addressee and may also be privileged or exempt from disclosure under applicable law. If you are not the addressee, or have received this e-mail in error, please notify the sender immediately, delete it from your system and do not copy, disclose or otherwise act upon any part of this e-mail or its attachments. 

Internet communications are not guaranteed to be secure or virus-free. The Barclays Group does not accept responsibility for any loss arising from unauthorised access to, or interference with, any Internet communications by any third party, or from the transmission of any viruses. Replies to this e-mail may be monitored by the Barclays Group for operational or business reasons. 

Any opinion or other information in this e-mail or its attachments that does not relate to the business of the Barclays Group is personal to the sender and is not given or endorsed by the Barclays Group. 

Barclays Bank PLC. Registered in England and Wales (registered no. 1026167). Registered Office: 1 Churchill Place, London, E14 5HP, United Kingdom. 

Barclays Bank PLC is authorised by the Prudential Regulation Authority and regulated by the Financial Conduct Authority and the Prudential Regulation Authority (Financial Services Register No. 122702). 


","Graham Mills","/o=ExchangeLabs/ou=Exchange Administrative Group (FYDIBOHF23SPDLT)/cn=Recipients/cn=db3bfe3506794f919ac1e0bca73ab3a9-a02bfddf-ef","EX","clayton.boggs@barclays.com","clayton.boggs@barclays.com","SMTP",,,,,,,,,"Normal",,"Normal"
"Re: [EXTERNAL] Duke Student - Fixed Income Interest","Thanks for getting back to me quickly. I attached my resume as requested. Let me know what times work for you.
________________________________

From: Arthur.Ringness@morganstanley.com <Arthur.Ringness@morganstanley.com>
Sent: Tuesday, February 3, 2026 3:38 PM
To: Graham Mills <graham.mills@duke.edu>
Subject: RE: [EXTERNAL] Duke Student - Fixed Income Interest 
 

 

Sure Graham. Shoot me your resume.

 

From: Graham Mills <graham.mills@duke.edu> 
Sent: Tuesday, February 3, 2026 12:32 PM
To: Ringness, Art (SRM) <Arthur.Ringness@morganstanley.com>
Subject: [EXTERNAL] Duke Student - Fixed Income Interest

 

Hi Art,

 

I am a Duke sophomore and am one of the students who came to the visit to Morgan Stanley's office a few weeks ago. I enjoyed talking with the team and appreciate you taking the time to be there over Zoom.

 

Are you available anytime this week or next for a quick phone call to discuss the intricacies of the fixed income market and the team at Morgan Stanley? Just let me know if anything works for you.

 

Best,

Graham Mills

 

________________________________


If you have received this communication in error, please notify the sender immediately. Your communications with Morgan Stanley are subject to the Morgan Stanley General Disclaimers http://www.morganstanley.com/disclaimers/terms and Privacy Policies https://www.morganstanley.com/privacy-pledge. This email and any files attached may be sensitive, confidential, subject to legal privilege and/or otherwise protected from disclosure. Morgan Stanley is not acting as a municipal advisor and the opinions or views contained herein are not intended to be, and do not constitute, advice within the meaning of Section 975 of the Dodd Frank Wall Street Reform and Consumer Protection Act. 

","Graham Mills","/o=ExchangeLabs/ou=Exchange Administrative Group (FYDIBOHF23SPDLT)/cn=Recipients/cn=db3bfe3506794f919ac1e0bca73ab3a9-a02bfddf-ef","EX","Arthur.Ringness@morganstanley.com","Arthur.Ringness@morganstanley.com","SMTP",,,,,,,,,"Normal",,"Normal"
"Graham / Alex Discussion","","Graham Mills","/o=ExchangeLabs/ou=Exchange Administrative Group (FYDIBOHF23SPDLT)/cn=Recipients/cn=db3bfe3506794f919ac1e0bca73ab3a9-a02bfddf-ef","EX","alexander.witten@nomura.com","alexander.witten@nomura.com","SMTP",,,,,,,,,"Normal",,"Normal"
"Duke Student - EM Interest","Hi Grace,

I am a Duke sophomore and am one of the students who came in for the visit last week. Thank you so much for having us and for sharing your perspective.

Are you available for a quick coffee or phone call this week or next to discuss emerging markets? I'm very interested in the space and haven't heard too much about it, but want to learn more. Just let me know if anything works for you.

Best,
Graham Mills
","Graham Mills","/O=EXCHANGELABS/OU=EXCHANGE ADMINISTRATIVE GROUP (FYDIBOHF23SPDLT)/CN=RECIPIENTS/CN=DB3BFE3506794F919AC1E0BCA73AB3A9-A02BFDDF-EF","EX","grace.k.evans@bofa.com","grace.k.evans@bofa.com","SMTP",,,,,,,,,"Normal",,"Normal"
"Duke Student - Fixed Income Interest","Hi Art,

I am a Duke sophomore and am one of the students who came to the visit to Morgan Stanley's office a few weeks ago. I enjoyed talking with the team and appreciate you taking the time to be there over Zoom.

Are you available anytime this week or next for a quick phone call to discuss the intricacies of the fixed income market and the team at Morgan Stanley? Just let me know if anything works for you.

Best,
Graham Mills

","Graham Mills","/O=EXCHANGELABS/OU=EXCHANGE ADMINISTRATIVE GROUP (FYDIBOHF23SPDLT)/CN=RECIPIENTS/CN=DB3BFE3506794F919AC1E0BCA73AB3A9-A02BFDDF-EF","EX","arthur.ringness@morganstanley.com","arthur.ringness@morganstanley.com","SMTP",,,,,,,,,"Normal",,"Normal"
"Duke Student - Trading Interest","Hi Tim,

I am a Duke sophomore and am one of the students who came to the visit to Morgan Stanley's office a few weeks ago. I enjoyed talking to you and getting to hear the perspective of a trader.

Are you available anytime this week or next for a quick coffee or phone call to discuss how traders actually make decisions and about the team at Morgan Stanley? Just let me know if anything works for you.

Best,
Graham Mills
","Graham Mills","/O=EXCHANGELABS/OU=EXCHANGE ADMINISTRATIVE GROUP (FYDIBOHF23SPDLT)/CN=RECIPIENTS/CN=DB3BFE3506794F919AC1E0BCA73AB3A9-A02BFDDF-EF","EX","tim.brown@morganstanley.com","tim.brown@morganstanley.com","SMTP",,,,,,,,,"Normal",,"Normal"
"Duke Student - Global Markets Interest","Hi Samir,

I am a Duke sophomore and am one of the students who attended the visit to Nomura a few weeks ago. I had a great time hearing from you and getting to learn from some of the other members of the team.

Do you have a moment this week or next to call or meet for coffee and discuss the sales side of the business a bit more in-depth? Just let me know if anything works for you.

Best,
Graham Mills
","Graham Mills","/O=EXCHANGELABS/OU=EXCHANGE ADMINISTRATIVE GROUP (FYDIBOHF23SPDLT)/CN=RECIPIENTS/CN=DB3BFE3506794F919AC1E0BCA73AB3A9-A02BFDDF-EF","EX","samir.patel@nomura.com","samir.patel@nomura.com","SMTP",,,,,,,,,"Normal",,"Normal"
"Re: Duke Student - Penn Office of Investments Interest","Hi Issac,

Thanks for getting back to me and for the information on the recruitment process. I'll be sure to reach back out in August. Best of luck until then.

Best,
Graham
________________________________

From: Mcginnis, Isaac L <isaac.mcginnis@upenn.edu>
Sent: Tuesday, February 3, 2026 1:43 PM
To: Graham Mills <graham.mills@duke.edu>
Subject: Re: Duke Student - Penn Office of Investments Interest 
 

Graham,




Mike kindly forwarded your message to me, as I help oversee recruiting at the office. Thanks for reaching out to express your interest. Our recruiting process for summer 2027 will begin in mid-August, and we do not consider early applications, so please reach out at that point if you are still interested in the program. From there, we can consider your application with the broader applicant pool. Feel free to reach out if you have any questions.




Best,

Isaac

 

From: Graham Mills <graham.mills@duke.edu>
Sent: Wednesday, January 28, 2026 9:30 AM
To: Lukasek, Michael A <michael.lukasek@upenn.edu>
Subject: Duke Student - Penn Office of Investments Interest

 

Dear Michael,

I am a sophomore at Duke University (Class of 2028) with previous experience working at a hospital endowment.

I am writing to submit my candidacy for a Summer 2027 Investment Analyst position. While I understand that the Office of Investments primarily recruits during the fall semester, the 2027 recruiting cycle across the industry has accelerated significantly. Given my prior experience in the allocator space, I wanted to proactively share my background with you, as joining Penn's investment team is of great interest to me.

Please find my application materials attached:

*	Cover Letter

*	Resume and Transcript (Combined into one document)

Thank you for your time and consideration.

Best regards,

Graham Mills Duke University | Class of 2028

704-770-7141

 

 

","Graham Mills","/o=ExchangeLabs/ou=Exchange Administrative Group (FYDIBOHF23SPDLT)/cn=Recipients/cn=db3bfe3506794f919ac1e0bca73ab3a9-a02bfddf-ef","EX","Mcginnis, Isaac L","isaac.mcginnis@upenn.edu","SMTP",,,,,,,,,"Normal",,"Normal"
"Re: [EXTERNAL]Re: Duke Student in NYC","Will do. Talk to you then!
________________________________

From: katie.desimone@jpmorgan.com <katie.desimone@jpmorgan.com>
Sent: Tuesday, February 3, 2026 12:42 PM
To: Graham Mills <graham.mills@duke.edu>
Subject: RE: [EXTERNAL]Re: Duke Student in NYC 
 

Great- do you mind calling my cell (631-552-8430) 

 

Thank you!

 

From: Graham Mills <graham.mills@duke.edu> 
Sent: Tuesday, February 03, 2026 11:45 AM
To: DeSimone, Katie (AM, USA) <katie.desimone@jpmorgan.com>
Subject: Re: [EXTERNAL]Re: Duke Student in NYC

 

That's perfect. You can call me then at 704-770-7141, or you can send me your number if you would prefer I call you. I'll send a calendar invite briefly.

________________________________

From: katie.desimone@jpmorgan.com <mailto:katie.desimone@jpmorgan.com>  <katie.desimone@jpmorgan.com <mailto:katie.desimone@jpmorgan.com> >
Sent: Tuesday, February 3, 2026 11:42 AM
To: Graham Mills <graham.mills@duke.edu <mailto:graham.mills@duke.edu> >
Subject: RE: [EXTERNAL]Re: Duke Student in NYC 

 

Does 2:30 work? 

 

 

From: Graham Mills <graham.mills@duke.edu <mailto:graham.mills@duke.edu> > 
Sent: Tuesday, February 03, 2026 11:41 AM
To: DeSimone, Katie (AM, USA) <katie.desimone@jpmorgan.com <mailto:katie.desimone@jpmorgan.com> >
Subject: Re: [EXTERNAL]Re: Duke Student in NYC

 

Thanks for getting back to me. Does sometime from 12 pm to 3 pm work for you?

________________________________

From: katie.desimone@jpmorgan.com <mailto:katie.desimone@jpmorgan.com>  <katie.desimone@jpmorgan.com <mailto:katie.desimone@jpmorgan.com> >
Sent: Tuesday, February 3, 2026 11:38 AM
To: Graham Mills <graham.mills@duke.edu <mailto:graham.mills@duke.edu> >
Subject: RE: [EXTERNAL]Re: Duke Student in NYC 

 

Hi Graham, 

 

Thanks for the follow up! Happy to chat. Do you have time this Thursday for a call? Let me know.

 

Best regards, 

Katie

 

From: Graham Mills <graham.mills@duke.edu <mailto:graham.mills@duke.edu> > 
Sent: Tuesday, February 03, 2026 11:19 AM
To: DeSimone, Katie (AM, USA) <katie.desimone@jpmorgan.com <mailto:katie.desimone@jpmorgan.com> >
Subject: [EXTERNAL]Re: Duke Student in NYC

 

Hi Katie,

 

I'm following up to see if there is any time you have to meet or call this week. Just let me know if anything works for you.

 

Best,

Graham

 

________________________________

From: Graham Mills <graham.mills@duke.edu <mailto:graham.mills@duke.edu> >
Sent: Saturday, January 17, 2026 1:06 AM
To: katie.desimone@jpmorgan.com <mailto:katie.desimone@jpmorgan.com>  <katie.desimone@jpmorgan.com <mailto:katie.desimone@jpmorgan.com> >
Subject: Duke Student in NYC 

 

Hi Katie,

 

I am a Duke student doing the Duke in New York program and am currently in NYC. I'm interested in asset management and have recently applied for the asset management internship at JPMorgan. 

 

I know you are busy, but since I'm in the city, are you available to meet me for a quick coffee outside of your office? If not, I'd love to just chat over the phone instead. Just let me know what works for you.

 

Best,

 

Graham Mills

 

https://www.linkedin.com/in/gmills1/ <https://nam11.safelinks.protection.outlook.com/?url=https%3A%2F%2Fwww.linkedin.com%2Fin%2Fgmills1%2F&data=05%7C02%7Cgraham.mills%40duke.edu%7Ce34be45dd337439a34c908de634baf5d%7Ccb72c54e4a314d9eb14a1ea36dfac94c%7C0%7C0%7C639057373879114651%7CUnknown%7CTWFpbGZsb3d8eyJFbXB0eU1hcGkiOnRydWUsIlYiOiIwLjAuMDAwMCIsIlAiOiJXaW4zMiIsIkFOIjoiTWFpbCIsIldUIjoyfQ%3D%3D%7C0%7C%7C%7C&sdata=GqC6YRCDy7sdsYOWL6mINUTfD5oyhX9%2FeC0BUlGLdtU%3D&reserved=0> 

 

 

This message is confidential and subject to terms at: https://www.jpmorgan.com/emaildisclaimer <https://nam11.safelinks.protection.outlook.com/?url=https%3A%2F%2Fwww.jpmorgan.com%2Femaildisclaimer&data=05%7C02%7Cgraham.mills%40duke.edu%7Ce34be45dd337439a34c908de634baf5d%7Ccb72c54e4a314d9eb14a1ea36dfac94c%7C0%7C0%7C639057373879163329%7CUnknown%7CTWFpbGZsb3d8eyJFbXB0eU1hcGkiOnRydWUsIlYiOiIwLjAuMDAwMCIsIlAiOiJXaW4zMiIsIkFOIjoiTWFpbCIsIldUIjoyfQ%3D%3D%7C0%7C%7C%7C&sdata=fWKNbv3put%2BRfOfIIlJzlfSb8Rq360wmTWMB4L27hs4%3D&reserved=0>  including on confidential, privileged or legal entity information, malicious content and monitoring of electronic messages. If you are not the intended recipient, please delete this message and notify the sender immediately. Any unauthorized use is strictly prohibited.

This message is confidential and subject to terms at: https://www.jpmorgan.com/emaildisclaimer <https://nam11.safelinks.protection.outlook.com/?url=https%3A%2F%2Fwww.jpmorgan.com%2Femaildisclaimer&data=05%7C02%7Cgraham.mills%40duke.edu%7Ce34be45dd337439a34c908de634baf5d%7Ccb72c54e4a314d9eb14a1ea36dfac94c%7C0%7C0%7C639057373879181377%7CUnknown%7CTWFpbGZsb3d8eyJFbXB0eU1hcGkiOnRydWUsIlYiOiIwLjAuMDAwMCIsIlAiOiJXaW4zMiIsIkFOIjoiTWFpbCIsIldUIjoyfQ%3D%3D%7C0%7C%7C%7C&sdata=l7GZSr4cG%2B939TPfZsny29Mg6dfM9FwvIrWOClpVyI4%3D&reserved=0>  including on confidential, privileged or legal entity information, malicious content and monitoring of electronic messages. If you are not the intended recipient, please delete this message and notify the sender immediately. Any unauthorized use is strictly prohibited.

This message is confidential and subject to terms at: https://www.jpmorgan.com/emaildisclaimer including on confidential, privileged or legal entity information, malicious content and monitoring of electronic messages. If you are not the intended recipient, please delete this message and notify the sender immediately. Any unauthorized use is strictly prohibited.

","Graham Mills","/o=ExchangeLabs/ou=Exchange Administrative Group (FYDIBOHF23SPDLT)/cn=Recipients/cn=db3bfe3506794f919ac1e0bca73ab3a9-a02bfddf-ef","EX","katie.desimone@jpmorgan.com","katie.desimone@jpmorgan.com","SMTP",,,,,,,,,"Normal",,"Normal"
"Re: Duke Student in NYC","Sounds good. I’ll give you a call then.

Get Outlook for iOS <https://aka.ms/o0ukef> 
________________________________

From: Orme, Andrew <aorme@wolferesearch.com>
Sent: Tuesday, February 3, 2026 11:57:25 AM
To: Graham Mills <graham.mills@duke.edu>
Subject: RE: Duke Student in NYC 
 

OK. Let’s do this Friday at 2 if that works

 

 



Andrew Orme 
Senior Associate, Equity Research

Chemicals, Agriculture & Packaging
(646) 582-9368 
AOrme@wolferesearch.com 
<mailto:AOrme@wolferesearch.com> www.wolferesearch.com <https://nam11.safelinks.protection.outlook.com/?url=http%3A%2F%2Fwww.wolferesearch.com%2F&data=05%7C02%7Cgraham.mills%40duke.edu%7C32121058c0f3499793d208de63455b58%7Ccb72c54e4a314d9eb14a1ea36dfac94c%7C0%7C0%7C639057346731281165%7CUnknown%7CTWFpbGZsb3d8eyJFbXB0eU1hcGkiOnRydWUsIlYiOiIwLjAuMDAwMCIsIlAiOiJXaW4zMiIsIkFOIjoiTWFpbCIsIldUIjoyfQ%3D%3D%7C0%7C%7C%7C&sdata=AaK0Ydp55lMO4WwE%2F5ZzREtqCMKf84SY3Qcm1gJkBc4%3D&reserved=0> 

 

 

From: Graham Mills <graham.mills@duke.edu> 
Sent: Tuesday, February 3, 2026 11:51 AM
To: Orme, Andrew <aorme@wolferesearch.com>
Subject: Re: Duke Student in NYC

 

I might have something around lunchtime this Friday, but I'm wide open other than that. Just let me know what works for you.

________________________________

From: Orme, Andrew <aorme@wolferesearch.com <mailto:aorme@wolferesearch.com> >
Sent: Tuesday, February 3, 2026 11:33 AM
To: Graham Mills <graham.mills@duke.edu <mailto:graham.mills@duke.edu> >
Subject: RE: Duke Student in NYC 

 

Hey, can do a fall this Friday or next. What does your schedule look like?

 

 



Andrew Orme 
Senior Associate, Equity Research

Chemicals, Agriculture & Packaging
(646) 582-9368 
AOrme@wolferesearch.com 
<mailto:AOrme@wolferesearch.com> www.wolferesearch.com <https://nam11.safelinks.protection.outlook.com/?url=http%3A%2F%2Fwww.wolferesearch.com%2F&data=05%7C02%7Cgraham.mills%40duke.edu%7C32121058c0f3499793d208de63455b58%7Ccb72c54e4a314d9eb14a1ea36dfac94c%7C0%7C0%7C639057346731306643%7CUnknown%7CTWFpbGZsb3d8eyJFbXB0eU1hcGkiOnRydWUsIlYiOiIwLjAuMDAwMCIsIlAiOiJXaW4zMiIsIkFOIjoiTWFpbCIsIldUIjoyfQ%3D%3D%7C0%7C%7C%7C&sdata=DOigk%2F5K7fdbmrTl9RohYJZwuRGBZ3FVlR3J4setcb8%3D&reserved=0> 

 

 

From: Graham Mills <graham.mills@duke.edu <mailto:graham.mills@duke.edu> > 
Sent: Tuesday, February 3, 2026 11:18 AM
To: Orme, Andrew <aorme@wolferesearch.com <mailto:aorme@wolferesearch.com> >
Subject: Re: Duke Student in NYC

 

Hi Andrew,

 

I'm following up to see if there is any time you have to call this week or next. Just let me know if anything works for you.

 

Best,

Graham

 

________________________________

From: Graham Mills <graham.mills@duke.edu <mailto:graham.mills@duke.edu> >
Sent: Wednesday, January 21, 2026 1:10 PM
To: Orme, Andrew <aorme@wolferesearch.com <mailto:aorme@wolferesearch.com> >
Subject: Re: Duke Student in NYC 

 

Here’s my schedule:

 

M: Anytime after 1:30

T: 12:30-1:30

W: Anytime after 12

Th: None

F: Anytime after 1

 

Let me know what works best for you.

 

Get Outlook for iOS <https://nam11.safelinks.protection.outlook.com/?url=https%3A%2F%2Faka.ms%2Fo0ukef&data=05%7C02%7Cgraham.mills%40duke.edu%7C32121058c0f3499793d208de63455b58%7Ccb72c54e4a314d9eb14a1ea36dfac94c%7C0%7C0%7C639057346731319475%7CUnknown%7CTWFpbGZsb3d8eyJFbXB0eU1hcGkiOnRydWUsIlYiOiIwLjAuMDAwMCIsIlAiOiJXaW4zMiIsIkFOIjoiTWFpbCIsIldUIjoyfQ%3D%3D%7C0%7C%7C%7C&sdata=gWCTSKB3YMj9%2FvUjKdWS8klxqfVvEjm8Tbr9wf7GwUs%3D&reserved=0> 

________________________________

From: Orme, Andrew <aorme@wolferesearch.com <mailto:aorme@wolferesearch.com> >
Sent: Tuesday, January 20, 2026 12:42:32 PM
To: Graham Mills <graham.mills@duke.edu <mailto:graham.mills@duke.edu> >
Subject: RE: Duke Student in NYC 

 

What times work for you next week?

 

 



Andrew Orme 
Senior Associate, Equity Research

Chemicals, Agriculture & Packaging
(646) 582-9368 
AOrme@wolferesearch.com 
<mailto:AOrme@wolferesearch.com> www.wolferesearch.com <https://nam11.safelinks.protection.outlook.com/?url=http%3A%2F%2Fwww.wolferesearch.com%2F&data=05%7C02%7Cgraham.mills%40duke.edu%7C32121058c0f3499793d208de63455b58%7Ccb72c54e4a314d9eb14a1ea36dfac94c%7C0%7C0%7C639057346731335741%7CUnknown%7CTWFpbGZsb3d8eyJFbXB0eU1hcGkiOnRydWUsIlYiOiIwLjAuMDAwMCIsIlAiOiJXaW4zMiIsIkFOIjoiTWFpbCIsIldUIjoyfQ%3D%3D%7C0%7C%7C%7C&sdata=93mm4qsxkjnj6spn7uGZs%2FAELA%2Bi8%2BQfPkFgXfE4CBc%3D&reserved=0> 

 

 

From: Graham Mills <graham.mills@duke.edu <mailto:graham.mills@duke.edu> > 
Sent: Tuesday, January 20, 2026 10:27 AM
To: Orme, Andrew <aorme@wolferesearch.com <mailto:aorme@wolferesearch.com> >
Subject: Re: Duke Student in NYC

 

Thanks for getting back to me. I’m free all day this Friday (except 2:00–3:00 PM). I can also make 12:30 PM work any day Tuesday through Thursday. If none of those windows work for you, let me know and I’m happy to look at times for next week.

Best,

Graham

 

________________________________

From: Orme, Andrew <aorme@wolferesearch.com <mailto:aorme@wolferesearch.com> >
Sent: Tuesday, January 20, 2026 8:31 AM
To: Graham Mills <graham.mills@duke.edu <mailto:graham.mills@duke.edu> >
Subject: RE: Duke Student in NYC 

 

Hey Graham—

 

Happy to do a quick coffee / chat sometime this week or next. Please shoot over some times that work best and we can get something on the cal.

 

Talk Soon.

 

-A

 

 



Andrew Orme 
Senior Associate, Equity Research

Chemicals, Agriculture & Packaging
(646) 582-9368 
AOrme@wolferesearch.com 
<mailto:AOrme@wolferesearch.com> www.wolferesearch.com <https://nam11.safelinks.protection.outlook.com/?url=http%3A%2F%2Fwww.wolferesearch.com%2F&data=05%7C02%7Cgraham.mills%40duke.edu%7C32121058c0f3499793d208de63455b58%7Ccb72c54e4a314d9eb14a1ea36dfac94c%7C0%7C0%7C639057346731352332%7CUnknown%7CTWFpbGZsb3d8eyJFbXB0eU1hcGkiOnRydWUsIlYiOiIwLjAuMDAwMCIsIlAiOiJXaW4zMiIsIkFOIjoiTWFpbCIsIldUIjoyfQ%3D%3D%7C0%7C%7C%7C&sdata=OjlyVQXqlYVdeSGUrX8ZDpHB1iqpu55F2l7WTBWgPx0%3D&reserved=0> 

 

 

From: Graham Mills <graham.mills@duke.edu <mailto:graham.mills@duke.edu> > 
Sent: Monday, January 19, 2026 2:00 PM
To: Orme, Andrew <aorme@wolferesearch.com <mailto:aorme@wolferesearch.com> >
Subject: Duke Student in NYC

 

Hi Andrew,

 

I am a Duke student doing the Duke in New York program and am currently in NYC. I'm interested in the S&T and Equity Research space as a whole and saw you worked in the space.

 

I know you are busy, but since I'm in the city, are you available to meet me for a quick coffee outside of your office? If not, I'd love to just chat over the phone instead. Just let me know what works for you.

 

Best,

 

Graham Mills

 

https://www.linkedin.com/in/gmills1/ <https://nam11.safelinks.protection.outlook.com/?url=https%3A%2F%2Fwww.linkedin.com%2Fin%2Fgmills1%2F&data=05%7C02%7Cgraham.mills%40duke.edu%7C32121058c0f3499793d208de63455b58%7Ccb72c54e4a314d9eb14a1ea36dfac94c%7C0%7C0%7C639057346731367180%7CUnknown%7CTWFpbGZsb3d8eyJFbXB0eU1hcGkiOnRydWUsIlYiOiIwLjAuMDAwMCIsIlAiOiJXaW4zMiIsIkFOIjoiTWFpbCIsIldUIjoyfQ%3D%3D%7C0%7C%7C%7C&sdata=C1O3g1MFnDknZeujLxKfxCbhPyfbxpbUXDJbgcH2bik%3D&reserved=0> 

 

 

For important disclosures regarding companies covered by Wolfe Research, LLC, please see disclosures <https://nam11.safelinks.protection.outlook.com/?url=https%3A%2F%2Fwolferesearch.bluematrix.com%2Fsellside%2FDisclosures.action&data=05%7C02%7Cgraham.mills%40duke.edu%7C32121058c0f3499793d208de63455b58%7Ccb72c54e4a314d9eb14a1ea36dfac94c%7C0%7C0%7C639057346731380894%7CUnknown%7CTWFpbGZsb3d8eyJFbXB0eU1hcGkiOnRydWUsIlYiOiIwLjAuMDAwMCIsIlAiOiJXaW4zMiIsIkFOIjoiTWFpbCIsIldUIjoyfQ%3D%3D%7C0%7C%7C%7C&sdata=JZfp8Kvw8qMNVImc92VSCsTV5M1aMBMy6EIXkrNX%2F5E%3D&reserved=0> . The information contained in this e-mail is intended for the exclusive use of the addressee(s) and may contain confidential or privileged information. Any review, use, disclosure, distribution or copying of this transmittal is prohibited except by or on behalf of the intended recipient. The contents of this e-mail, including any attachments, is to be used solely for informational purposes, and should not be regarded as an offer, or a solicitation of an offer to buy or sell a security, financial instrument or service discussed herein. Opinions in this communication constitute the current judgment of the author as of the date and time of this e-mail and are subject to change without notice. Information herein is believed to be reliable but Wolfe Research, LLC and its affiliates, including but not limited to WR Securities, LLC doing business as Wolfe Research Securities and as Wolfe Capital Markets and Advisory, makes no representation that it is complete or accurate. Recipients are encouraged to seek financial advice from their financial advisor regarding the appropriateness of investing in a security or financial instrument referred to in this e-mail and should understand that statements regarding the future performance of the financial instruments or the securities referenced herein may not be realized. We will not be able to accept orders by email to buy or sell securities, or honor time-sensitive instructions. Subject to applicable law, Wolfe Research and its affiliates reserve the right to intercept, monitor and retain communications transmitted through its systems. 

","Graham Mills","/o=ExchangeLabs/ou=Exchange Administrative Group (FYDIBOHF23SPDLT)/cn=Recipients/cn=db3bfe3506794f919ac1e0bca73ab3a9-a02bfddf-ef","EX","Orme, Andrew","aorme@wolferesearch.com","SMTP",,,,,,,,,"Normal",,"Normal"
"Re: Duke Student in NYC","I might have something around lunchtime this Friday, but I'm wide open other than that. Just let me know what works for you.
________________________________

From: Orme, Andrew <aorme@wolferesearch.com>
Sent: Tuesday, February 3, 2026 11:33 AM
To: Graham Mills <graham.mills@duke.edu>
Subject: RE: Duke Student in NYC 
 

Hey, can do a fall this Friday or next. What does your schedule look like?

 

 



Andrew Orme 
Senior Associate, Equity Research

Chemicals, Agriculture & Packaging
(646) 582-9368 
AOrme@wolferesearch.com 
<mailto:AOrme@wolferesearch.com> www.wolferesearch.com <https://nam11.safelinks.protection.outlook.com/?url=http%3A%2F%2Fwww.wolferesearch.com%2F&data=05%7C02%7Cgraham.mills%40duke.edu%7C06bc8121fe42409f950b08de63420715%7Ccb72c54e4a314d9eb14a1ea36dfac94c%7C0%7C0%7C639057332438555139%7CUnknown%7CTWFpbGZsb3d8eyJFbXB0eU1hcGkiOnRydWUsIlYiOiIwLjAuMDAwMCIsIlAiOiJXaW4zMiIsIkFOIjoiTWFpbCIsIldUIjoyfQ%3D%3D%7C0%7C%7C%7C&sdata=cRXT4NilWbQuxl2xYfmHRLiw8Ubhp4aH4lVbEv0Olvo%3D&reserved=0> 

 

 

From: Graham Mills <graham.mills@duke.edu> 
Sent: Tuesday, February 3, 2026 11:18 AM
To: Orme, Andrew <aorme@wolferesearch.com>
Subject: Re: Duke Student in NYC

 

Hi Andrew,

 

I'm following up to see if there is any time you have to call this week or next. Just let me know if anything works for you.

 

Best,

Graham

 

________________________________

From: Graham Mills <graham.mills@duke.edu <mailto:graham.mills@duke.edu> >
Sent: Wednesday, January 21, 2026 1:10 PM
To: Orme, Andrew <aorme@wolferesearch.com <mailto:aorme@wolferesearch.com> >
Subject: Re: Duke Student in NYC 

 

Here’s my schedule:

 

M: Anytime after 1:30

T: 12:30-1:30

W: Anytime after 12

Th: None

F: Anytime after 1

 

Let me know what works best for you.

 

Get Outlook for iOS <https://nam11.safelinks.protection.outlook.com/?url=https%3A%2F%2Faka.ms%2Fo0ukef&data=05%7C02%7Cgraham.mills%40duke.edu%7C06bc8121fe42409f950b08de63420715%7Ccb72c54e4a314d9eb14a1ea36dfac94c%7C0%7C0%7C639057332438594226%7CUnknown%7CTWFpbGZsb3d8eyJFbXB0eU1hcGkiOnRydWUsIlYiOiIwLjAuMDAwMCIsIlAiOiJXaW4zMiIsIkFOIjoiTWFpbCIsIldUIjoyfQ%3D%3D%7C0%7C%7C%7C&sdata=wfzR8YCP2JYS4gKEK%2BXbwVL4j9YKQMxaun01Zrf1g3k%3D&reserved=0> 

________________________________

From: Orme, Andrew <aorme@wolferesearch.com <mailto:aorme@wolferesearch.com> >
Sent: Tuesday, January 20, 2026 12:42:32 PM
To: Graham Mills <graham.mills@duke.edu <mailto:graham.mills@duke.edu> >
Subject: RE: Duke Student in NYC 

 

What times work for you next week?

 

 



Andrew Orme 
Senior Associate, Equity Research

Chemicals, Agriculture & Packaging
(646) 582-9368 
AOrme@wolferesearch.com 
<mailto:AOrme@wolferesearch.com> www.wolferesearch.com <https://nam11.safelinks.protection.outlook.com/?url=http%3A%2F%2Fwww.wolferesearch.com%2F&data=05%7C02%7Cgraham.mills%40duke.edu%7C06bc8121fe42409f950b08de63420715%7Ccb72c54e4a314d9eb14a1ea36dfac94c%7C0%7C0%7C639057332438618461%7CUnknown%7CTWFpbGZsb3d8eyJFbXB0eU1hcGkiOnRydWUsIlYiOiIwLjAuMDAwMCIsIlAiOiJXaW4zMiIsIkFOIjoiTWFpbCIsIldUIjoyfQ%3D%3D%7C0%7C%7C%7C&sdata=T%2FgR1HxRs60dKNpW0gS4fR%2BD0ffR15KSTRxRs8ipRiY%3D&reserved=0> 

 

 

From: Graham Mills <graham.mills@duke.edu <mailto:graham.mills@duke.edu> > 
Sent: Tuesday, January 20, 2026 10:27 AM
To: Orme, Andrew <aorme@wolferesearch.com <mailto:aorme@wolferesearch.com> >
Subject: Re: Duke Student in NYC

 

Thanks for getting back to me. I’m free all day this Friday (except 2:00–3:00 PM). I can also make 12:30 PM work any day Tuesday through Thursday. If none of those windows work for you, let me know and I’m happy to look at times for next week.

Best,

Graham

 

________________________________

From: Orme, Andrew <aorme@wolferesearch.com <mailto:aorme@wolferesearch.com> >
Sent: Tuesday, January 20, 2026 8:31 AM
To: Graham Mills <graham.mills@duke.edu <mailto:graham.mills@duke.edu> >
Subject: RE: Duke Student in NYC 

 

Hey Graham—

 

Happy to do a quick coffee / chat sometime this week or next. Please shoot over some times that work best and we can get something on the cal.

 

Talk Soon.

 

-A

 

 



Andrew Orme 
Senior Associate, Equity Research

Chemicals, Agriculture & Packaging
(646) 582-9368 
AOrme@wolferesearch.com 
<mailto:AOrme@wolferesearch.com> www.wolferesearch.com <https://nam11.safelinks.protection.outlook.com/?url=http%3A%2F%2Fwww.wolferesearch.com%2F&data=05%7C02%7Cgraham.mills%40duke.edu%7C06bc8121fe42409f950b08de63420715%7Ccb72c54e4a314d9eb14a1ea36dfac94c%7C0%7C0%7C639057332438640351%7CUnknown%7CTWFpbGZsb3d8eyJFbXB0eU1hcGkiOnRydWUsIlYiOiIwLjAuMDAwMCIsIlAiOiJXaW4zMiIsIkFOIjoiTWFpbCIsIldUIjoyfQ%3D%3D%7C0%7C%7C%7C&sdata=wtz0rMKDIYgD9uKw2K7Tg877aAKk8QCJNFng%2FAGHn%2BY%3D&reserved=0> 

 

 

From: Graham Mills <graham.mills@duke.edu <mailto:graham.mills@duke.edu> > 
Sent: Monday, January 19, 2026 2:00 PM
To: Orme, Andrew <aorme@wolferesearch.com <mailto:aorme@wolferesearch.com> >
Subject: Duke Student in NYC

 

Hi Andrew,

 

I am a Duke student doing the Duke in New York program and am currently in NYC. I'm interested in the S&T and Equity Research space as a whole and saw you worked in the space.

 

I know you are busy, but since I'm in the city, are you available to meet me for a quick coffee outside of your office? If not, I'd love to just chat over the phone instead. Just let me know what works for you.

 

Best,

 

Graham Mills

 

https://www.linkedin.com/in/gmills1/ <https://nam11.safelinks.protection.outlook.com/?url=https%3A%2F%2Fwww.linkedin.com%2Fin%2Fgmills1%2F&data=05%7C02%7Cgraham.mills%40duke.edu%7C06bc8121fe42409f950b08de63420715%7Ccb72c54e4a314d9eb14a1ea36dfac94c%7C0%7C0%7C639057332438662429%7CUnknown%7CTWFpbGZsb3d8eyJFbXB0eU1hcGkiOnRydWUsIlYiOiIwLjAuMDAwMCIsIlAiOiJXaW4zMiIsIkFOIjoiTWFpbCIsIldUIjoyfQ%3D%3D%7C0%7C%7C%7C&sdata=9Kb7tDo4ggW9xJCa0CmMIdR8IkvCo35mUJewZLmyym8%3D&reserved=0> 

 

 

For important disclosures regarding companies covered by Wolfe Research, LLC, please see disclosures <https://nam11.safelinks.protection.outlook.com/?url=https%3A%2F%2Fwolferesearch.bluematrix.com%2Fsellside%2FDisclosures.action&data=05%7C02%7Cgraham.mills%40duke.edu%7C06bc8121fe42409f950b08de63420715%7Ccb72c54e4a314d9eb14a1ea36dfac94c%7C0%7C0%7C639057332438688440%7CUnknown%7CTWFpbGZsb3d8eyJFbXB0eU1hcGkiOnRydWUsIlYiOiIwLjAuMDAwMCIsIlAiOiJXaW4zMiIsIkFOIjoiTWFpbCIsIldUIjoyfQ%3D%3D%7C0%7C%7C%7C&sdata=hgbeQlG0LOW0GKHI%2FbJbAdW9%2BkUiw2yIEWIcCxKdW5g%3D&reserved=0> . The information contained in this e-mail is intended for the exclusive use of the addressee(s) and may contain confidential or privileged information. Any review, use, disclosure, distribution or copying of this transmittal is prohibited except by or on behalf of the intended recipient. The contents of this e-mail, including any attachments, is to be used solely for informational purposes, and should not be regarded as an offer, or a solicitation of an offer to buy or sell a security, financial instrument or service discussed herein. Opinions in this communication constitute the current judgment of the author as of the date and time of this e-mail and are subject to change without notice. Information herein is believed to be reliable but Wolfe Research, LLC and its affiliates, including but not limited to WR Securities, LLC doing business as Wolfe Research Securities and as Wolfe Capital Markets and Advisory, makes no representation that it is complete or accurate. Recipients are encouraged to seek financial advice from their financial advisor regarding the appropriateness of investing in a security or financial instrument referred to in this e-mail and should understand that statements regarding the future performance of the financial instruments or the securities referenced herein may not be realized. We will not be able to accept orders by email to buy or sell securities, or honor time-sensitive instructions. Subject to applicable law, Wolfe Research and its affiliates reserve the right to intercept, monitor and retain communications transmitted through its systems. 

","Graham Mills","/o=ExchangeLabs/ou=Exchange Administrative Group (FYDIBOHF23SPDLT)/cn=Recipients/cn=db3bfe3506794f919ac1e0bca73ab3a9-a02bfddf-ef","EX","Orme, Andrew","aorme@wolferesearch.com","SMTP",,,,,,,,,"Normal",,"Normal"
"Graham / Katie Call","","Graham Mills","/o=ExchangeLabs/ou=Exchange Administrative Group (FYDIBOHF23SPDLT)/cn=Recipients/cn=db3bfe3506794f919ac1e0bca73ab3a9-a02bfddf-ef","EX","katie.desimone@jpmorgan.com","katie.desimone@jpmorgan.com","SMTP",,,,,,,,,"Normal",,"Normal"
"Re: [EXTERNAL]Re: Duke Student in NYC","That's perfect. You can call me then at 704-770-7141, or you can send me your number if you would prefer I call you. I'll send a calendar invite briefly.
________________________________

From: katie.desimone@jpmorgan.com <katie.desimone@jpmorgan.com>
Sent: Tuesday, February 3, 2026 11:42 AM
To: Graham Mills <graham.mills@duke.edu>
Subject: RE: [EXTERNAL]Re: Duke Student in NYC 
 

Does 2:30 work? 

 

 

From: Graham Mills <graham.mills@duke.edu> 
Sent: Tuesday, February 03, 2026 11:41 AM
To: DeSimone, Katie (AM, USA) <katie.desimone@jpmorgan.com>
Subject: Re: [EXTERNAL]Re: Duke Student in NYC

 

Thanks for getting back to me. Does sometime from 12 pm to 3 pm work for you?

________________________________

From: katie.desimone@jpmorgan.com <mailto:katie.desimone@jpmorgan.com>  <katie.desimone@jpmorgan.com <mailto:katie.desimone@jpmorgan.com> >
Sent: Tuesday, February 3, 2026 11:38 AM
To: Graham Mills <graham.mills@duke.edu <mailto:graham.mills@duke.edu> >
Subject: RE: [EXTERNAL]Re: Duke Student in NYC 

 

Hi Graham, 

 

Thanks for the follow up! Happy to chat. Do you have time this Thursday for a call? Let me know.

 

Best regards, 

Katie

 

From: Graham Mills <graham.mills@duke.edu <mailto:graham.mills@duke.edu> > 
Sent: Tuesday, February 03, 2026 11:19 AM
To: DeSimone, Katie (AM, USA) <katie.desimone@jpmorgan.com <mailto:katie.desimone@jpmorgan.com> >
Subject: [EXTERNAL]Re: Duke Student in NYC

 

Hi Katie,

 

I'm following up to see if there is any time you have to meet or call this week. Just let me know if anything works for you.

 

Best,

Graham

 

________________________________

From: Graham Mills <graham.mills@duke.edu <mailto:graham.mills@duke.edu> >
Sent: Saturday, January 17, 2026 1:06 AM
To: katie.desimone@jpmorgan.com <mailto:katie.desimone@jpmorgan.com>  <katie.desimone@jpmorgan.com <mailto:katie.desimone@jpmorgan.com> >
Subject: Duke Student in NYC 

 

Hi Katie,

 

I am a Duke student doing the Duke in New York program and am currently in NYC. I'm interested in asset management and have recently applied for the asset management internship at JPMorgan. 

 

I know you are busy, but since I'm in the city, are you available to meet me for a quick coffee outside of your office? If not, I'd love to just chat over the phone instead. Just let me know what works for you.

 

Best,

 

Graham Mills

 

https://www.linkedin.com/in/gmills1/ <https://nam11.safelinks.protection.outlook.com/?url=https%3A%2F%2Fwww.linkedin.com%2Fin%2Fgmills1%2F&data=05%7C02%7Cgraham.mills%40duke.edu%7Ccf9a8e55316349a8d82008de63433b51%7Ccb72c54e4a314d9eb14a1ea36dfac94c%7C0%7C0%7C639057337567367354%7CUnknown%7CTWFpbGZsb3d8eyJFbXB0eU1hcGkiOnRydWUsIlYiOiIwLjAuMDAwMCIsIlAiOiJXaW4zMiIsIkFOIjoiTWFpbCIsIldUIjoyfQ%3D%3D%7C0%7C%7C%7C&sdata=UJqN2%2B3t5AzNxE8jR4Lo%2BeUxYi2q7P7rK8qfwV6CPSY%3D&reserved=0> 

 

 

This message is confidential and subject to terms at: https://www.jpmorgan.com/emaildisclaimer <https://nam11.safelinks.protection.outlook.com/?url=https%3A%2F%2Fwww.jpmorgan.com%2Femaildisclaimer&data=05%7C02%7Cgraham.mills%40duke.edu%7Ccf9a8e55316349a8d82008de63433b51%7Ccb72c54e4a314d9eb14a1ea36dfac94c%7C0%7C0%7C639057337567396586%7CUnknown%7CTWFpbGZsb3d8eyJFbXB0eU1hcGkiOnRydWUsIlYiOiIwLjAuMDAwMCIsIlAiOiJXaW4zMiIsIkFOIjoiTWFpbCIsIldUIjoyfQ%3D%3D%7C0%7C%7C%7C&sdata=TVkfFJADZh1Q5RSIv2ZibrWk3LaXOUXzrrkC0L5hHZU%3D&reserved=0>  including on confidential, privileged or legal entity information, malicious content and monitoring of electronic messages. If you are not the intended recipient, please delete this message and notify the sender immediately. Any unauthorized use is strictly prohibited.

This message is confidential and subject to terms at: https://www.jpmorgan.com/emaildisclaimer including on confidential, privileged or legal entity information, malicious content and monitoring of electronic messages. If you are not the intended recipient, please delete this message and notify the sender immediately. Any unauthorized use is strictly prohibited.

","Graham Mills","/o=ExchangeLabs/ou=Exchange Administrative Group (FYDIBOHF23SPDLT)/cn=Recipients/cn=db3bfe3506794f919ac1e0bca73ab3a9-a02bfddf-ef","EX","katie.desimone@jpmorgan.com","katie.desimone@jpmorgan.com","SMTP",,,,,,,,,"Normal",,"Normal"
"Re: [EXTERNAL]Re: Duke Student in NYC","Thanks for getting back to me. Does sometime from 12 pm to 3 pm work for you?
________________________________

From: katie.desimone@jpmorgan.com <katie.desimone@jpmorgan.com>
Sent: Tuesday, February 3, 2026 11:38 AM
To: Graham Mills <graham.mills@duke.edu>
Subject: RE: [EXTERNAL]Re: Duke Student in NYC 
 

Hi Graham, 

 

Thanks for the follow up! Happy to chat. Do you have time this Thursday for a call? Let me know.

 

Best regards, 

Katie

 

From: Graham Mills <graham.mills@duke.edu> 
Sent: Tuesday, February 03, 2026 11:19 AM
To: DeSimone, Katie (AM, USA) <katie.desimone@jpmorgan.com>
Subject: [EXTERNAL]Re: Duke Student in NYC

 

Hi Katie,

 

I'm following up to see if there is any time you have to meet or call this week. Just let me know if anything works for you.

 

Best,

Graham

 

________________________________

From: Graham Mills <graham.mills@duke.edu <mailto:graham.mills@duke.edu> >
Sent: Saturday, January 17, 2026 1:06 AM
To: katie.desimone@jpmorgan.com <mailto:katie.desimone@jpmorgan.com>  <katie.desimone@jpmorgan.com <mailto:katie.desimone@jpmorgan.com> >
Subject: Duke Student in NYC 

 

Hi Katie,

 

I am a Duke student doing the Duke in New York program and am currently in NYC. I'm interested in asset management and have recently applied for the asset management internship at JPMorgan. 

 

I know you are busy, but since I'm in the city, are you available to meet me for a quick coffee outside of your office? If not, I'd love to just chat over the phone instead. Just let me know what works for you.

 

Best,

 

Graham Mills

 

https://www.linkedin.com/in/gmills1/ <https://nam11.safelinks.protection.outlook.com/?url=https%3A%2F%2Fwww.linkedin.com%2Fin%2Fgmills1%2F&data=05%7C02%7Cgraham.mills%40duke.edu%7C04042bfdbe3d4656ba3f08de6342b9de%7Ccb72c54e4a314d9eb14a1ea36dfac94c%7C0%7C0%7C639057335410322070%7CUnknown%7CTWFpbGZsb3d8eyJFbXB0eU1hcGkiOnRydWUsIlYiOiIwLjAuMDAwMCIsIlAiOiJXaW4zMiIsIkFOIjoiTWFpbCIsIldUIjoyfQ%3D%3D%7C0%7C%7C%7C&sdata=bxL%2BNelMJZh9c4qYkQzBRBEx2tdxyZgYGDbnDpq4918%3D&reserved=0> 

 

 

This message is confidential and subject to terms at: https://www.jpmorgan.com/emaildisclaimer including on confidential, privileged or legal entity information, malicious content and monitoring of electronic messages. If you are not the intended recipient, please delete this message and notify the sender immediately. Any unauthorized use is strictly prohibited.

","Graham Mills","/o=ExchangeLabs/ou=Exchange Administrative Group (FYDIBOHF23SPDLT)/cn=Recipients/cn=db3bfe3506794f919ac1e0bca73ab3a9-a02bfddf-ef","EX","katie.desimone@jpmorgan.com","katie.desimone@jpmorgan.com","SMTP",,,,,,,,,"Normal",,"Normal"
"Re: Duke Student in NYC","Hi Katie,

I'm following up to see if there is any time you have to meet or call this week. Just let me know if anything works for you.

Best,
Graham

________________________________

From: Graham Mills <graham.mills@duke.edu>
Sent: Saturday, January 17, 2026 1:06 AM
To: katie.desimone@jpmorgan.com <katie.desimone@jpmorgan.com>
Subject: Duke Student in NYC 
 
Hi Katie,

I am a Duke student doing the Duke in New York program and am currently in NYC. I'm interested in asset management and have recently applied for the asset management internship at JPMorgan. 

I know you are busy, but since I'm in the city, are you available to meet me for a quick coffee outside of your office? If not, I'd love to just chat over the phone instead. Just let me know what works for you.

Best,

Graham Mills

https://www.linkedin.com/in/gmills1/


","Graham Mills","/o=ExchangeLabs/ou=Exchange Administrative Group (FYDIBOHF23SPDLT)/cn=Recipients/cn=db3bfe3506794f919ac1e0bca73ab3a9-a02bfddf-ef","EX","katie.desimone@jpmorgan.com","katie.desimone@jpmorgan.com","SMTP",,,,,,,,,"Normal",,"Normal"
"Re: Duke Student in NYC","Hi Andrew,

I'm following up to see if there is any time you have to call this week or next. Just let me know if anything works for you.

Best,
Graham

________________________________

From: Graham Mills <graham.mills@duke.edu>
Sent: Wednesday, January 21, 2026 1:10 PM
To: Orme, Andrew <aorme@wolferesearch.com>
Subject: Re: Duke Student in NYC 
 
Here’s my schedule:

M: Anytime after 1:30
T: 12:30-1:30
W: Anytime after 12
Th: None
F: Anytime after 1

Let me know what works best for you.

Get Outlook for iOS <https://aka.ms/o0ukef> 
________________________________

From: Orme, Andrew <aorme@wolferesearch.com>
Sent: Tuesday, January 20, 2026 12:42:32 PM
To: Graham Mills <graham.mills@duke.edu>
Subject: RE: Duke Student in NYC 
 

What times work for you next week?

 

 



Andrew Orme 
Senior Associate, Equity Research

Chemicals, Agriculture & Packaging
(646) 582-9368 
AOrme@wolferesearch.com 
<mailto:AOrme@wolferesearch.com> www.wolferesearch.com <https://nam11.safelinks.protection.outlook.com/?url=http%3A%2F%2Fwww.wolferesearch.com%2F&data=05%7C02%7Cgraham.mills%40duke.edu%7Cd6e582ac461f40bfa24008de584b58f0%7Ccb72c54e4a314d9eb14a1ea36dfac94c%7C0%7C0%7C639045277832694646%7CUnknown%7CTWFpbGZsb3d8eyJFbXB0eU1hcGkiOnRydWUsIlYiOiIwLjAuMDAwMCIsIlAiOiJXaW4zMiIsIkFOIjoiTWFpbCIsIldUIjoyfQ%3D%3D%7C0%7C%7C%7C&sdata=2uIq0IOr7oo%2FD4N61qjTBEmRMtkxLgk%2FCEVAEO7kWwQ%3D&reserved=0> 

 

 

From: Graham Mills <graham.mills@duke.edu> 
Sent: Tuesday, January 20, 2026 10:27 AM
To: Orme, Andrew <aorme@wolferesearch.com>
Subject: Re: Duke Student in NYC

 

Thanks for getting back to me. I’m free all day this Friday (except 2:00–3:00 PM). I can also make 12:30 PM work any day Tuesday through Thursday. If none of those windows work for you, let me know and I’m happy to look at times for next week.

Best,

Graham

 

________________________________

From: Orme, Andrew <aorme@wolferesearch.com <mailto:aorme@wolferesearch.com> >
Sent: Tuesday, January 20, 2026 8:31 AM
To: Graham Mills <graham.mills@duke.edu <mailto:graham.mills@duke.edu> >
Subject: RE: Duke Student in NYC 

 

Hey Graham—

 

Happy to do a quick coffee / chat sometime this week or next. Please shoot over some times that work best and we can get something on the cal.

 

Talk Soon.

 

-A

 

 



Andrew Orme 
Senior Associate, Equity Research

Chemicals, Agriculture & Packaging
(646) 582-9368 
AOrme@wolferesearch.com 
<mailto:AOrme@wolferesearch.com> www.wolferesearch.com <https://nam11.safelinks.protection.outlook.com/?url=http%3A%2F%2Fwww.wolferesearch.com%2F&data=05%7C02%7Cgraham.mills%40duke.edu%7Cd6e582ac461f40bfa24008de584b58f0%7Ccb72c54e4a314d9eb14a1ea36dfac94c%7C0%7C0%7C639045277832724706%7CUnknown%7CTWFpbGZsb3d8eyJFbXB0eU1hcGkiOnRydWUsIlYiOiIwLjAuMDAwMCIsIlAiOiJXaW4zMiIsIkFOIjoiTWFpbCIsIldUIjoyfQ%3D%3D%7C0%7C%7C%7C&sdata=sbuSBKvmRGJEfrtF5a0ypyeMRlUDZOX0JhF8pxJlHqI%3D&reserved=0> 

 

 

From: Graham Mills <graham.mills@duke.edu <mailto:graham.mills@duke.edu> > 
Sent: Monday, January 19, 2026 2:00 PM
To: Orme, Andrew <aorme@wolferesearch.com <mailto:aorme@wolferesearch.com> >
Subject: Duke Student in NYC

 

Hi Andrew,

 

I am a Duke student doing the Duke in New York program and am currently in NYC. I'm interested in the S&T and Equity Research space as a whole and saw you worked in the space.

 

I know you are busy, but since I'm in the city, are you available to meet me for a quick coffee outside of your office? If not, I'd love to just chat over the phone instead. Just let me know what works for you.

 

Best,

 

Graham Mills

 

https://www.linkedin.com/in/gmills1/ <https://nam11.safelinks.protection.outlook.com/?url=https%3A%2F%2Fwww.linkedin.com%2Fin%2Fgmills1%2F&data=05%7C02%7Cgraham.mills%40duke.edu%7Cd6e582ac461f40bfa24008de584b58f0%7Ccb72c54e4a314d9eb14a1ea36dfac94c%7C0%7C0%7C639045277832740303%7CUnknown%7CTWFpbGZsb3d8eyJFbXB0eU1hcGkiOnRydWUsIlYiOiIwLjAuMDAwMCIsIlAiOiJXaW4zMiIsIkFOIjoiTWFpbCIsIldUIjoyfQ%3D%3D%7C0%7C%7C%7C&sdata=jr5WgA269xNHOEuIbFiiUlvlIgLjf%2B%2F2V97x9%2FdRmCI%3D&reserved=0> 

 

 

For important disclosures regarding companies covered by Wolfe Research, LLC, please see disclosures <https://nam11.safelinks.protection.outlook.com/?url=https%3A%2F%2Fwolferesearch.bluematrix.com%2Fsellside%2FDisclosures.action&data=05%7C02%7Cgraham.mills%40duke.edu%7Cd6e582ac461f40bfa24008de584b58f0%7Ccb72c54e4a314d9eb14a1ea36dfac94c%7C0%7C0%7C639045277832757904%7CUnknown%7CTWFpbGZsb3d8eyJFbXB0eU1hcGkiOnRydWUsIlYiOiIwLjAuMDAwMCIsIlAiOiJXaW4zMiIsIkFOIjoiTWFpbCIsIldUIjoyfQ%3D%3D%7C0%7C%7C%7C&sdata=B1VhlqG8ca1dlHOwjEp3eBeBbsPwFEPkf7z6%2FSwp8FM%3D&reserved=0> . The information contained in this e-mail is intended for the exclusive use of the addressee(s) and may contain confidential or privileged information. Any review, use, disclosure, distribution or copying of this transmittal is prohibited except by or on behalf of the intended recipient. The contents of this e-mail, including any attachments, is to be used solely for informational purposes, and should not be regarded as an offer, or a solicitation of an offer to buy or sell a security, financial instrument or service discussed herein. Opinions in this communication constitute the current judgment of the author as of the date and time of this e-mail and are subject to change without notice. Information herein is believed to be reliable but Wolfe Research, LLC and its affiliates, including but not limited to WR Securities, LLC doing business as Wolfe Research Securities and as Wolfe Capital Markets and Advisory, makes no representation that it is complete or accurate. Recipients are encouraged to seek financial advice from their financial advisor regarding the appropriateness of investing in a security or financial instrument referred to in this e-mail and should understand that statements regarding the future performance of the financial instruments or the securities referenced herein may not be realized. We will not be able to accept orders by email to buy or sell securities, or honor time-sensitive instructions. Subject to applicable law, Wolfe Research and its affiliates reserve the right to intercept, monitor and retain communications transmitted through its systems. 

","Graham Mills","/o=ExchangeLabs/ou=Exchange Administrative Group (FYDIBOHF23SPDLT)/cn=Recipients/cn=db3bfe3506794f919ac1e0bca73ab3a9-a02bfddf-ef","EX","Orme, Andrew","aorme@wolferesearch.com","SMTP",,,,,,,,,"Normal",,"Normal"
"Re: Duke Student in NYC","Hi Sherrick,

I'm following up to see if there is any time you have to call this week. Just let me know if anything works for you.

Best,
Graham

________________________________

From: Graham Mills <graham.mills@duke.edu>
Sent: Friday, January 23, 2026 12:57 PM
To: Sherrick Baffert <sbaffert@jonestrading.com>
Subject: Re: Duke Student in NYC 
 
Thanks for getting back to me. I’m available basically any afternoon time on Monday, Wednesday, or Friday. Just let me know works for you.

Get Outlook for iOS <https://aka.ms/o0ukef> 
________________________________

From: Sherrick Baffert <sbaffert@jonestrading.com>
Sent: Friday, January 23, 2026 10:07:58 AM
To: Graham Mills <graham.mills@duke.edu>
Subject: RE: Duke Student in NYC 
 

Graham – thanks for reaching out.  Didn’t realize Duke had a NYC program – that is great to hear.  


Let’s set up a quick chat for sometime next week over the phone. 

 

 

Sherrick Baffert

Institutional Sales Trader

JonesTrading

325 Hudson Street, 6th Floor | New York, NY 10013

Office: 212.267.0777

Mobile: 520.481.2808

JonesTrading.com <https://nam11.safelinks.protection.outlook.com/?url=http%3A%2F%2Fwww.jonestrading.com%2F&data=05%7C02%7Cgraham.mills%40duke.edu%7C69456eef3e4049420d2208de5a91338e%7Ccb72c54e4a314d9eb14a1ea36dfac94c%7C0%7C0%7C639047776846720180%7CUnknown%7CTWFpbGZsb3d8eyJFbXB0eU1hcGkiOnRydWUsIlYiOiIwLjAuMDAwMCIsIlAiOiJXaW4zMiIsIkFOIjoiTWFpbCIsIldUIjoyfQ%3D%3D%7C0%7C%7C%7C&sdata=fIAeuIl4qtajtNRE6uTg3myxoUQQUxPKyLgkxMdTHdE%3D&reserved=0> 

Disclosures <https://nam11.safelinks.protection.outlook.com/?url=https%3A%2F%2Fwww.jonestrading.com%2Fdisclosures%2F&data=05%7C02%7Cgraham.mills%40duke.edu%7C69456eef3e4049420d2208de5a91338e%7Ccb72c54e4a314d9eb14a1ea36dfac94c%7C0%7C0%7C639047776846763237%7CUnknown%7CTWFpbGZsb3d8eyJFbXB0eU1hcGkiOnRydWUsIlYiOiIwLjAuMDAwMCIsIlAiOiJXaW4zMiIsIkFOIjoiTWFpbCIsIldUIjoyfQ%3D%3D%7C0%7C%7C%7C&sdata=6uL28pP0WMuEElSg9xOzT3qMeQkZPJOvzhrZeyKr%2F04%3D&reserved=0> 

 

From: Graham Mills <graham.mills@duke.edu> 
Sent: Wednesday, January 21, 2026 12:00 PM
To: Sherrick Baffert <sbaffert@jonestrading.com>
Subject: Duke Student in NYC

 

Hi Sherrick,

 

I am a Duke student doing the Duke in New York program and am currently in NYC. I'm interested in the Sales and Trading space and saw that you worked at JonesTrading.

 

I know you are busy, but since I'm in the city, are you available to meet me for a quick coffee outside of your office? If not, I'd love to just chat over the phone instead. Just let me know what works for you.

 

Best,

 

Graham Mills

 

https://www.linkedin.com/in/gmills1/ <https://nam11.safelinks.protection.outlook.com/?url=https%3A%2F%2Fwww.linkedin.com%2Fin%2Fgmills1%2F&data=05%7C02%7Cgraham.mills%40duke.edu%7C69456eef3e4049420d2208de5a91338e%7Ccb72c54e4a314d9eb14a1ea36dfac94c%7C0%7C0%7C639047776846784488%7CUnknown%7CTWFpbGZsb3d8eyJFbXB0eU1hcGkiOnRydWUsIlYiOiIwLjAuMDAwMCIsIlAiOiJXaW4zMiIsIkFOIjoiTWFpbCIsIldUIjoyfQ%3D%3D%7C0%7C%7C%7C&sdata=UIoYtgZrmh76Ld6bWtoCHsCjUbyvtgn%2F43ZKJKxTRhY%3D&reserved=0> 

 

 

   Warning: Email originated from outside of JonesTrading. Beware of phishing attempts. Confirm sender identity before responding, forwarding, clicking or opening attachments.

 





All electronic messages and attachments sent to and from this user will be logged by the JonesTrading group of companies (""JonesTrading"") and are subject to archival, monitoring, review, and/or disclosure to someone other than the recipient. 

If the reader of this message is not the intended recipient, you are hereby notified that any dissemination, distribution, or copying of this communication, or any of its contents, is strictly prohibited. The information contained in this communication may contain information that is privileged, confidential, or proprietary, and has only been provided to the specific person or entity to which it is addressed. 

The JonesTrading group of companies consists of:
JonesTrading Institutional Services LLC, member FINRA and SIPC;
JonesTrading Canada Inc., member IIROC and Canadian Investor Protection Fund; and
JonesTrading International Limited, which is authorised and regulated by the Financial Conduct Authority, FRN 208165. Registered in England and Wales, registered office at Berkley Square House, Suite 184, Berkley Square, London W1J 6BD, Company No. 04274625.


For additional disclosures and notices please visit:http://jonestrading.com/disclosure.html <https://nam11.safelinks.protection.outlook.com/?url=http%3A%2F%2Fjonestrading.com%2Fdisclosure.html&data=05%7C02%7Cgraham.mills%40duke.edu%7C69456eef3e4049420d2208de5a91338e%7Ccb72c54e4a314d9eb14a1ea36dfac94c%7C0%7C0%7C639047776846801052%7CUnknown%7CTWFpbGZsb3d8eyJFbXB0eU1hcGkiOnRydWUsIlYiOiIwLjAuMDAwMCIsIlAiOiJXaW4zMiIsIkFOIjoiTWFpbCIsIldUIjoyfQ%3D%3D%7C0%7C%7C%7C&sdata=WKd35EWII7VA7PHikMNQcbDw9%2BiKMVtnQb9t7LyBy3w%3D&reserved=0>  

If you wish to discontinue receiving messages from JonesTrading, please click the following link: ""Unsubscribe"" <mailto:unsubscribe@jonestrading.com?Subject=Unsubscribe> 

","Graham Mills","/o=ExchangeLabs/ou=Exchange Administrative Group (FYDIBOHF23SPDLT)/cn=Recipients/cn=db3bfe3506794f919ac1e0bca73ab3a9-a02bfddf-ef","EX","Sherrick Baffert","sbaffert@jonestrading.com","SMTP",,,,,,,,,"Normal",,"Normal"
"Re: Duke Student connecting / Referred by Husayn Moody","Hi Claire,

I'm following up to see if there is any time you have to meet or call this week. Just let me know if anything works for you.

Best,
Graham

________________________________

From: Graham Mills
Sent: Tuesday, January 27, 2026 1:25 PM
To: claire.steinglass@nomura.com <claire.steinglass@nomura.com>
Subject: Duke Student connecting / Referred by Husayn Moody 
 
Hi Claire,
Hope you're having a good week. I am a Duke sophomore currently in New York as a part of the Duke in New York Program, and I actually got to visit Nomura last week.
I was just catching up with Husayn Moody, and he recommended I reach out to you. I know you are busy, but do you have 10-15 minutes to connect? We can hop on a call or meet for coffee by the office. Just let me know what works for you.
Best,
Graham Mills

","Graham Mills","/o=ExchangeLabs/ou=Exchange Administrative Group (FYDIBOHF23SPDLT)/cn=Recipients/cn=db3bfe3506794f919ac1e0bca73ab3a9-a02bfddf-ef","EX","claire.steinglass@nomura.com","claire.steinglass@nomura.com","SMTP",,,,,,,,,"Normal",,"Normal"
"Re: Duke Student - Summer Analyst Program Interest","Hi Recruiting Team,

I'm following up to see if there has been any update. Just let me know if anything comes up.

Best,
Graham

________________________________

From: recruiter <recruiter@hmc.harvard.edu>
Sent: Tuesday, January 27, 2026 5:37 PM
To: Graham Mills <graham.mills@duke.edu>
Subject: Automatic reply: Duke Student - Summer Analyst Program Interest 
 

Hello,

Thank you for your interest in Harvard Management Company. Due to the high volume of inquiries we receive, we are unable to respond to every request.

If you are inquiring about employment opportunities, please visit the “Working at HMC” <https://nam11.safelinks.protection.outlook.com/?url=https%3A%2F%2Fharvardcareers.silkroad.com%2F&data=05%7C02%7Cgraham.mills%40duke.edu%7Cb23f445de43f451351e008de5df4b624%7Ccb72c54e4a314d9eb14a1ea36dfac94c%7C0%7C0%7C639051502770752952%7CUnknown%7CTWFpbGZsb3d8eyJFbXB0eU1hcGkiOnRydWUsIlYiOiIwLjAuMDAwMCIsIlAiOiJXaW4zMiIsIkFOIjoiTWFpbCIsIldUIjoyfQ%3D%3D%7C0%7C%7C%7C&sdata=KAmH2je5SlPUiFZF2eF5oVqm%2Buhl3rDpCw%2Bq8Pe4ZyE%3D&reserved=0>  page on our website to apply to a specific job listing.

 

Thank you.

 

Harvard Management Company

www.hmc.harvard.edu    <https://nam11.safelinks.protection.outlook.com/?url=http%3A%2F%2Fwww.hmc.harvard.edu%2F&data=05%7C02%7Cgraham.mills%40duke.edu%7Cb23f445de43f451351e008de5df4b624%7Ccb72c54e4a314d9eb14a1ea36dfac94c%7C0%7C0%7C639051502770795439%7CUnknown%7CTWFpbGZsb3d8eyJFbXB0eU1hcGkiOnRydWUsIlYiOiIwLjAuMDAwMCIsIlAiOiJXaW4zMiIsIkFOIjoiTWFpbCIsIldUIjoyfQ%3D%3D%7C0%7C%7C%7C&sdata=8oiS3dshInrIq9wgnNZvlFJffvQeJC%2Bwev03SWPR%2FfQ%3D&reserved=0> 

 

","Graham Mills","/o=ExchangeLabs/ou=Exchange Administrative Group (FYDIBOHF23SPDLT)/cn=Recipients/cn=db3bfe3506794f919ac1e0bca73ab3a9-a02bfddf-ef","EX","recruiter","recruiter@hmc.harvard.edu","SMTP",,,,,,,,,"Normal",,"Normal"
"Re: Duke Student - Penn Office of Investments Interest","Hi Michael,

I'm following up to see if there has been any update on the situation. Just let me know if anything comes up.

Best,
Graham

________________________________

From: Graham Mills
Sent: Tuesday, January 27, 2026 6:26 PM
To: michael.lukasek@upenn.edu <michael.lukasek@upenn.edu>
Subject: Duke Student - Penn Office of Investments Interest 
 
Dear Michael,
I am a sophomore at Duke University (Class of 2028) with previous experience working at a hospital endowment.
I am writing to submit my candidacy for a Summer 2027 Investment Analyst position. While I understand that the Office of Investments primarily recruits during the fall semester, the 2027 recruiting cycle across the industry has accelerated significantly. Given my prior experience in the allocator space, I wanted to proactively share my background with you, as joining Penn's investment team is of great interest to me.
Please find my application materials attached:

*	
	Cover Letter
*	
	Resume and Transcript (Combined into one document)

Thank you for your time and consideration.
Best regards,
Graham Mills Duke University | Class of 2028
704-770-7141


","Graham Mills","/o=ExchangeLabs/ou=Exchange Administrative Group (FYDIBOHF23SPDLT)/cn=Recipients/cn=db3bfe3506794f919ac1e0bca73ab3a9-a02bfddf-ef","EX","michael.lukasek@upenn.edu","michael.lukasek@upenn.edu","SMTP",,,,,,,,,"Normal",,"Normal"
"Re: Duke Student in NYC","Hi Catalina,

I'm following up to see if there is any time you have to meet or call this week. Just let me know if anything works for you.

Best,
Graham
________________________________

From: Graham Mills <graham.mills@duke.edu>
Sent: Wednesday, January 28, 2026 4:21 PM
To: Sanchez-carrion, Catalina <catalina.sanchez-carrion@bofa.com>
Subject: Re: Duke Student in NYC 
 
Hi Catalina,

Thanks for getting back to me. I’d love to come by the office and see the trading floor. I’m actually going to be in Winter Village Friday afternoon if you would like me to come in then. If not, I’m wide open during the afternoon Monday through Wednesday next week so just let me know what works for you.

Best,
Graham

Get Outlook for iOS <https://aka.ms/o0ukef> 
________________________________

From: Sanchez-carrion, Catalina <catalina.sanchez-carrion@bofa.com>
Sent: Wednesday, January 28, 2026 3:11:59 PM
To: Graham Mills <graham.mills@duke.edu>
Subject: RE: Duke Student in NYC 
 

Hey Graham,

 

Hope you are doing well. Hope you are enjoying Duke in NY so far!

 

Apologies for the delayed response. Happy to meet for a coffee / if you would like to find time to come to the trading floor at some juncture next week we can make that work. 

 

Let me know what your schedule is like and we can make it work. 

 

All the best,
Catalina

 

From: Graham Mills <graham.mills@duke.edu> 
Sent: Friday, January 16, 2026 5:08 PM
To: Sanchez-carrion, Catalina <catalina.sanchez-carrion@bofa.com>
Subject: Duke Student in NYC

 

Hi Catalina,

 

I am a Duke student doing the Duke in New York program and am currently in NYC. I'm interested in markets and have recently applied for the Sales and Trading internship at Bank of America. 

 

Since I'm in the city, are you available to meet me for a quick coffee outside of your office? If not, I'd love to just chat over the phone instead. Just let me know what works for you.

 

Best,

 

Graham Mills

 

https://www.linkedin.com/in/gmills1/ <https://urldefense.com/v3/__https:/www.linkedin.com/in/gmills1/__;!!I2XIyG2ANlwasLbx!UDq5zXuyk4xR4jfm0ukWIBvdIuuHudfTUj4XXdpdSoFvbyektFFMxAtDkiBR79QWvBOQ9g7Y8Lcv-nkbtMacrhIHN2u-iUvJCEs$> 

 

________________________________

This message, and any attachment(s), is for the intended recipient(s) only, may contain information that is privileged, confidential and/or proprietary and subject to important terms and conditions available at http://www.bankofamerica.com/electronic-disclaimer. If you are not the intended recipient, please delete this message. For more information about how Bank of America protects your privacy, including specific rights that may apply, please visit the following pages: https://business.bofa.com/en-us/content/global-privacy-notices.html (which includes global privacy notices) and https://www.bankofamerica.com/security-center/privacy-overview/ (which includes US State specific privacy notices such as the http://www.bankofamerica.com/ccpa-notice).

","Graham Mills","/o=ExchangeLabs/ou=Exchange Administrative Group (FYDIBOHF23SPDLT)/cn=Recipients/cn=db3bfe3506794f919ac1e0bca73ab3a9-a02bfddf-ef","EX","Sanchez-carrion, Catalina","catalina.sanchez-carrion@bofa.com","SMTP",,,,,,,,,"Normal",,"Normal"
"Re: Duke Student - S&T Interest","Hi Ryan, following up on my note below to see if you might have 15 minutes for a brief call sometime next week. I’d love to learn more about your experience on the rates team.

Best,
Graham
________________________________

From: Graham Mills
Sent: Wednesday, January 28, 2026 4:33 PM
To: ryan.platz@nomura.com <ryan.platz@nomura.com>
Subject: Duke Student - S&T Interest 
 
Hi Ryan,

I am a Duke sophomore who attended the Duke event at Nomura last week. I followed up with Husayn yesterday about the sales and trading team and he pointed me in your direction.

I’m very interested in the rates team and would love to talk about your group as well as the recruiting process as a whole. Are you available for me to either swing by the office or for a quick call? Just let me know.

Best,
Graham Mills
","Graham Mills","/o=ExchangeLabs/ou=Exchange Administrative Group (FYDIBOHF23SPDLT)/cn=Recipients/cn=db3bfe3506794f919ac1e0bca73ab3a9-a02bfddf-ef","EX","ryan.platz@nomura.com","ryan.platz@nomura.com","SMTP",,,,,,,,,"Normal",,"Normal"
"Re: Evergreen | First Round Phone Interview Request","Hi Aaron,

I hope you've been well. I know we didn't get to speak on the phone the other day, but I spoke with your colleague and enjoyed learning about the firm. 

Do you have any idea when I can expect any updates on the application process? Just let me know if you hear anything.

Best,
Graham
________________________________

From: Aaron Mertzel <amertzel@evergreensg.com>
Sent: Friday, January 23, 2026 4:20 PM
To: Graham Mills <graham.mills@duke.edu>
Subject: Evergreen | First Round Phone Interview Request 
 

Graham,

Thanks for your interest in the 2027 Summer Investing Analyst position at Evergreen Services Group. We're excited to move forward with the interview process.

To help us schedule your phone interview, please select a time through the Calendly link below. Please don't hesitate to reach out with any questions and feel free to visit our website <https://nam11.safelinks.protection.outlook.com/?url=https%3A%2F%2Fwww.evergreensg.com%2F&data=05%7C02%7Cgraham.mills%40duke.edu%7C867f354d5b68498e021508de5ac549c6%7Ccb72c54e4a314d9eb14a1ea36dfac94c%7C0%7C0%7C639048001424867903%7CUnknown%7CTWFpbGZsb3d8eyJFbXB0eU1hcGkiOnRydWUsIlYiOiIwLjAuMDAwMCIsIlAiOiJXaW4zMiIsIkFOIjoiTWFpbCIsIldUIjoyfQ%3D%3D%7C80000%7C%7C%7C&sdata=Rq8BzvU%2B0FWtDfr%2F2f%2FyLH58ng98FnhWOviqK5CgFmI%3D&reserved=0> to learn more about Evergreen in the meantime. 

We look forward to talking to you soon!

Best, 
Aaron


Calendly link <https://nam11.safelinks.protection.outlook.com/?url=https%3A%2F%2Fcalendly.com%2Fd%2Fcx67-rvc-p4h%2F2027-summer-analyst-first-round-interview%3Futm_content%3D2e39b70d8d1aa01e390a6585ac55733eea3efeab5d404044c1b6ec48773d4a61%26utm_campaign%3Dcalendly-b620b17388d6da9cbca1a3368d345c60%26utm_term%3Dhttps%3A%2F%2Fapp5.greenhouse.io%2Fguides%2F7361158005%2Fpeople%2F73379608005%3Fapplication_id%3D77035974005&data=05%7C02%7Cgraham.mills%40duke.edu%7C867f354d5b68498e021508de5ac549c6%7Ccb72c54e4a314d9eb14a1ea36dfac94c%7C0%7C0%7C639048001424896914%7CUnknown%7CTWFpbGZsb3d8eyJFbXB0eU1hcGkiOnRydWUsIlYiOiIwLjAuMDAwMCIsIlAiOiJXaW4zMiIsIkFOIjoiTWFpbCIsIldUIjoyfQ%3D%3D%7C80000%7C%7C%7C&sdata=wipWEoULalARXLcaBYqeS8rDeDWb8bxcrSstfrKsBwA%3D&reserved=0>  <http://email.gh-mail.evergreensg.com/o/eJwUyktOwzAQANDTdHZEM-P_wgvEDbgAcuupE5HE4E8lbo-yfXo5amO1FpBIzgZGxYZgjU8yrJJLRI9nEH93j6AVk_Ls1d0EDVtkZIvEionR0EJGhIWCMxi8pnDTWNa3I237Ii9ppYmcvSyPekBt5WvLUSOSDYho4Edar-eFTikXLPpLWyzrwXTTmOe3LJIn9G2vVzMw4vsc9UhDMoz4kXY58_73Kb9T-oDZpV0PXpH_AwAA__-cz0NP> 
","Graham Mills","/o=ExchangeLabs/ou=Exchange Administrative Group (FYDIBOHF23SPDLT)/cn=Recipients/cn=db3bfe3506794f919ac1e0bca73ab3a9-a02bfddf-ef","EX","Aaron Mertzel","amertzel@evergreensg.com","SMTP",,,,,,,,,"Normal",,"Normal"
"Re: Duke Student Interested in S&T - Graham","I applied already, just haven't heard anything back.

I'll follow up Friday morning, and we can set a time then.
________________________________

From: McCollum, Will <william.mccollum@bofa.com>
Sent: Tuesday, February 3, 2026 10:47 AM
To: Graham Mills <graham.mills@duke.edu>
Subject: RE: Duke Student Interested in S&T - Graham 
 

Oh nice wish I had known. Lets try this Friday again email me in the morning and I will let you know if I am free. In the meantime, you’ve applied to the program correct? Have you heard anything back? 

 

From: Graham Mills <graham.mills@duke.edu> 
Sent: Tuesday, February 3, 2026 10:44 AM
To: McCollum, Will <william.mccollum@bofa.com>
Subject: Re: Duke Student Interested in S&T - Graham

 

Hi Will,

 

I'm actually in the Duke in New York Program, so I will be in NY for the whole semester and was with the group that visited last Tuesday. 

 

I can do lunchtime on Friday, just let me know when and where you prefer to meet.

 

Best,

Graham

________________________________

From: McCollum, Will <william.mccollum@bofa.com <mailto:william.mccollum@bofa.com> >
Sent: Tuesday, February 3, 2026 10:35 AM
To: Graham Mills <graham.mills@duke.edu <mailto:graham.mills@duke.edu> >
Subject: RE: Duke Student Interested in S&T - Graham 

 

HI Graham,

 

Not too sure here. Are you still in NY? Can potentially do something Thursday Friday around lunch time. 

 

From: Graham Mills <graham.mills@duke.edu <mailto:graham.mills@duke.edu> > 
Sent: Tuesday, February 3, 2026 8:06 AM
To: McCollum, Will <william.mccollum@bofa.com <mailto:william.mccollum@bofa.com> >
Subject: Re: Duke Student Interested in S&T - Graham

 

Hi Will,

 

Sorry for not getting back to you sooner. I thought I messaged you back right away on Friday, but I must not have.

 

Which afternoons work for you this week?

 

Best,

Graham

________________________________

From: McCollum, Will <william.mccollum@bofa.com <mailto:william.mccollum@bofa.com> >
Sent: Friday, January 30, 2026 1:09 PM
To: Graham Mills <graham.mills@duke.edu <mailto:graham.mills@duke.edu> >
Subject: RE: Duke Student Interested in S&T - Graham 

 

Hey unfortunately its not a great time. Are you around next week? 

 

From: Graham Mills <graham.mills@duke.edu <mailto:graham.mills@duke.edu> > 
Sent: Friday, January 30, 2026 1:02 PM
To: McCollum, Will <william.mccollum@bofa.com <mailto:william.mccollum@bofa.com> >
Subject: Re: Duke Student Interested in S&T - Graham

 

Hi Will,

 

Sorry for the late check in, but are you still good to meet in Winter Village at 2?

 

Get Outlook for iOS <https://urldefense.com/v3/__https:/aka.ms/o0ukef__;!!I2XIyG2ANlwasLbx!Tl1hIWZX8Ri327hxriyAIX-iKamE68AARhELOuusmKaJ5OUcZJCdjaWJbjITFJNujOtdOC0Y35xTzv7nBuRFJzj6iVpO9Q$> 

________________________________

From: McCollum, Will <william.mccollum@bofa.com <mailto:william.mccollum@bofa.com> >
Sent: Thursday, January 22, 2026 2:24:06 PM
To: Graham Mills <graham.mills@duke.edu <mailto:graham.mills@duke.edu> >
Subject: RE: Duke Student Interested in S&T - Graham 

 

Sounds good just email me morning of. Thanks 

 

From: Graham Mills <graham.mills@duke.edu <mailto:graham.mills@duke.edu> > 
Sent: Thursday, January 22, 2026 2:03 PM
To: McCollum, Will <william.mccollum@bofa.com <mailto:william.mccollum@bofa.com> >
Subject: Re: Duke Student Interested in S&T - Graham

 

Bryant Park is perfect. We can plan to meet somewhere in winter village. See you then!

________________________________

From: McCollum, Will <william.mccollum@bofa.com <mailto:william.mccollum@bofa.com> >
Sent: Thursday, January 22, 2026 1:47 PM
To: Graham Mills <graham.mills@duke.edu <mailto:graham.mills@duke.edu> >
Subject: RE: Duke Student Interested in S&T - Graham 

 

Lets try Friday 2pm. Let me know if you are around Bryant park we can sit in the winter village for a bit. 

 

From: Graham Mills <graham.mills@duke.edu <mailto:graham.mills@duke.edu> > 
Sent: Thursday, January 22, 2026 1:13 PM
To: McCollum, Will <william.mccollum@bofa.com <mailto:william.mccollum@bofa.com> >
Subject: Re: Duke Student Interested in S&T - Graham

 

Thanks for getting back to me. Here's my availability:

 

M: Anytime after 1:30 pm

T: After 5 pm

W: 1 - 4:30 pm

Th: NA

F: Anytime after 1 pm

 

Just let me know what works best for you.

________________________________

From: McCollum, Will <william.mccollum@bofa.com <mailto:william.mccollum@bofa.com> >
Sent: Thursday, January 22, 2026 12:28 PM
To: Graham Mills <graham.mills@duke.edu <mailto:graham.mills@duke.edu> >
Subject: RE: Duke Student Interested in S&T - Graham 

 

Hi Graham, 

 

Sure thing. Are you around next week? Send a few dates / times will see if we can line up a coffee. 

 

Will 

 

Will McCollum
Pension, Endowment, Foundation and Asset Manager Solutions

BofA Securities, Inc.

One Bryant Park, 5th Floor, New York, NY 10036

T: 212-449-1619 | M: 929-797-2090

william.mccollum@bofa.com <mailto:william.mccollum@bofa.com> 

 

 

From: Graham Mills <graham.mills@duke.edu <mailto:graham.mills@duke.edu> > 
Sent: Thursday, January 22, 2026 10:29 AM
To: McCollum, Will <william.mccollum@bofa.com <mailto:william.mccollum@bofa.com> >
Subject: Duke Student Interested in S&T - Graham

 

Hi Will,

Moving this conversation to your work email as requested.

To recap, I’m a Duke sophomore recruiting for Sales & Trading and was referred to you by Ana Wilmer. Since I am currently in NYC for the semester, do you have 15-20 minutes for a quick coffee or a brief call sometime this week?

Thanks,

Graham

 

 

 

________________________________

This message, and any attachment(s), is for the intended recipient(s) only, may contain information that is privileged, confidential and/or proprietary and subject to important terms and conditions available at http://www.bankofamerica.com/electronic-disclaimer <https://nam11.safelinks.protection.outlook.com/?url=http%3A%2F%2Fwww.bankofamerica.com%2Felectronic-disclaimer&data=05%7C02%7Cgraham.mills%40duke.edu%7C7b091d857ccd4088e62e08de633b9f84%7Ccb72c54e4a314d9eb14a1ea36dfac94c%7C0%7C0%7C639057304921867055%7CUnknown%7CTWFpbGZsb3d8eyJFbXB0eU1hcGkiOnRydWUsIlYiOiIwLjAuMDAwMCIsIlAiOiJXaW4zMiIsIkFOIjoiTWFpbCIsIldUIjoyfQ%3D%3D%7C0%7C%7C%7C&sdata=l25NkxI9LKudQfwsOfQlKAX7IuqbwHWMVlgUU9tZIVY%3D&reserved=0> . If you are not the intended recipient, please delete this message. For more information about how Bank of America protects your privacy, including specific rights that may apply, please visit the following pages: https://business.bofa.com/en-us/content/global-privacy-notices.html <https://nam11.safelinks.protection.outlook.com/?url=https%3A%2F%2Fbusiness.bofa.com%2Fen-us%2Fcontent%2Fglobal-privacy-notices.html&data=05%7C02%7Cgraham.mills%40duke.edu%7C7b091d857ccd4088e62e08de633b9f84%7Ccb72c54e4a314d9eb14a1ea36dfac94c%7C0%7C0%7C639057304921912411%7CUnknown%7CTWFpbGZsb3d8eyJFbXB0eU1hcGkiOnRydWUsIlYiOiIwLjAuMDAwMCIsIlAiOiJXaW4zMiIsIkFOIjoiTWFpbCIsIldUIjoyfQ%3D%3D%7C0%7C%7C%7C&sdata=MH6aHu%2BWmhpThXr5Ry097t6RYia5%2BuaPGxS6mnxTX2g%3D&reserved=0>  (which includes global privacy notices) and https://www.bankofamerica.com/security-center/privacy-overview/ <https://nam11.safelinks.protection.outlook.com/?url=https%3A%2F%2Fwww.bankofamerica.com%2Fsecurity-center%2Fprivacy-overview%2F&data=05%7C02%7Cgraham.mills%40duke.edu%7C7b091d857ccd4088e62e08de633b9f84%7Ccb72c54e4a314d9eb14a1ea36dfac94c%7C0%7C0%7C639057304921937631%7CUnknown%7CTWFpbGZsb3d8eyJFbXB0eU1hcGkiOnRydWUsIlYiOiIwLjAuMDAwMCIsIlAiOiJXaW4zMiIsIkFOIjoiTWFpbCIsIldUIjoyfQ%3D%3D%7C0%7C%7C%7C&sdata=X7kvkoQ%2F2y%2FbwutcZ%2FBLwfW22F4SEGafr81%2FdoJj1ws%3D&reserved=0>  (which includes US State specific privacy notices such as the http://www.bankofamerica.com/ccpa-notice <https://nam11.safelinks.protection.outlook.com/?url=http%3A%2F%2Fwww.bankofamerica.com%2Fccpa-notice&data=05%7C02%7Cgraham.mills%40duke.edu%7C7b091d857ccd4088e62e08de633b9f84%7Ccb72c54e4a314d9eb14a1ea36dfac94c%7C0%7C0%7C639057304921960581%7CUnknown%7CTWFpbGZsb3d8eyJFbXB0eU1hcGkiOnRydWUsIlYiOiIwLjAuMDAwMCIsIlAiOiJXaW4zMiIsIkFOIjoiTWFpbCIsIldUIjoyfQ%3D%3D%7C0%7C%7C%7C&sdata=9K5abLlgquHAroPQlMFmreewY%2B3vrsS2A95Lu%2BeHUZg%3D&reserved=0> ).

________________________________

This message, and any attachment(s), is for the intended recipient(s) only, may contain information that is privileged, confidential and/or proprietary and subject to important terms and conditions available at http://www.bankofamerica.com/electronic-disclaimer <https://nam11.safelinks.protection.outlook.com/?url=http%3A%2F%2Fwww.bankofamerica.com%2Felectronic-disclaimer&data=05%7C02%7Cgraham.mills%40duke.edu%7C7b091d857ccd4088e62e08de633b9f84%7Ccb72c54e4a314d9eb14a1ea36dfac94c%7C0%7C0%7C639057304921983053%7CUnknown%7CTWFpbGZsb3d8eyJFbXB0eU1hcGkiOnRydWUsIlYiOiIwLjAuMDAwMCIsIlAiOiJXaW4zMiIsIkFOIjoiTWFpbCIsIldUIjoyfQ%3D%3D%7C0%7C%7C%7C&sdata=dppv1M2a7oU%2BLvrr6O8Znved2hFHHxPh6d2EHRHYylw%3D&reserved=0> . If you are not the intended recipient, please delete this message. For more information about how Bank of America protects your privacy, including specific rights that may apply, please visit the following pages: https://business.bofa.com/en-us/content/global-privacy-notices.html <https://nam11.safelinks.protection.outlook.com/?url=https%3A%2F%2Fbusiness.bofa.com%2Fen-us%2Fcontent%2Fglobal-privacy-notices.html&data=05%7C02%7Cgraham.mills%40duke.edu%7C7b091d857ccd4088e62e08de633b9f84%7Ccb72c54e4a314d9eb14a1ea36dfac94c%7C0%7C0%7C639057304922005111%7CUnknown%7CTWFpbGZsb3d8eyJFbXB0eU1hcGkiOnRydWUsIlYiOiIwLjAuMDAwMCIsIlAiOiJXaW4zMiIsIkFOIjoiTWFpbCIsIldUIjoyfQ%3D%3D%7C0%7C%7C%7C&sdata=5j3%2F%2BdTwfnx06JVjOsx2JOxjobcnXUPNOI%2BRaMarXS4%3D&reserved=0>  (which includes global privacy notices) and https://www.bankofamerica.com/security-center/privacy-overview/ <https://nam11.safelinks.protection.outlook.com/?url=https%3A%2F%2Fwww.bankofamerica.com%2Fsecurity-center%2Fprivacy-overview%2F&data=05%7C02%7Cgraham.mills%40duke.edu%7C7b091d857ccd4088e62e08de633b9f84%7Ccb72c54e4a314d9eb14a1ea36dfac94c%7C0%7C0%7C639057304922027923%7CUnknown%7CTWFpbGZsb3d8eyJFbXB0eU1hcGkiOnRydWUsIlYiOiIwLjAuMDAwMCIsIlAiOiJXaW4zMiIsIkFOIjoiTWFpbCIsIldUIjoyfQ%3D%3D%7C0%7C%7C%7C&sdata=MTJaN1U82Xh%2B7mMn21j1HRavNkkC1Hg3q4lcIS0rvOw%3D&reserved=0>  (which includes US State specific privacy notices such as the http://www.bankofamerica.com/ccpa-notice <https://nam11.safelinks.protection.outlook.com/?url=http%3A%2F%2Fwww.bankofamerica.com%2Fccpa-notice&data=05%7C02%7Cgraham.mills%40duke.edu%7C7b091d857ccd4088e62e08de633b9f84%7Ccb72c54e4a314d9eb14a1ea36dfac94c%7C0%7C0%7C639057304922044884%7CUnknown%7CTWFpbGZsb3d8eyJFbXB0eU1hcGkiOnRydWUsIlYiOiIwLjAuMDAwMCIsIlAiOiJXaW4zMiIsIkFOIjoiTWFpbCIsIldUIjoyfQ%3D%3D%7C0%7C%7C%7C&sdata=JavNSBG6cWFSggrkAjNhT7xTKkcjz3rlNhquoplX3j0%3D&reserved=0> ).

________________________________

This message, and any attachment(s), is for the intended recipient(s) only, may contain information that is privileged, confidential and/or proprietary and subject to important terms and conditions available at http://www.bankofamerica.com/electronic-disclaimer <https://nam11.safelinks.protection.outlook.com/?url=http%3A%2F%2Fwww.bankofamerica.com%2Felectronic-disclaimer&data=05%7C02%7Cgraham.mills%40duke.edu%7C7b091d857ccd4088e62e08de633b9f84%7Ccb72c54e4a314d9eb14a1ea36dfac94c%7C0%7C0%7C639057304922060717%7CUnknown%7CTWFpbGZsb3d8eyJFbXB0eU1hcGkiOnRydWUsIlYiOiIwLjAuMDAwMCIsIlAiOiJXaW4zMiIsIkFOIjoiTWFpbCIsIldUIjoyfQ%3D%3D%7C0%7C%7C%7C&sdata=q3uMmqlmrVf6SGr%2FWfSaIROnatGsG6kqWeN9zDN%2FALQ%3D&reserved=0> . If you are not the intended recipient, please delete this message. For more information about how Bank of America protects your privacy, including specific rights that may apply, please visit the following pages: https://business.bofa.com/en-us/content/global-privacy-notices.html <https://nam11.safelinks.protection.outlook.com/?url=https%3A%2F%2Fbusiness.bofa.com%2Fen-us%2Fcontent%2Fglobal-privacy-notices.html&data=05%7C02%7Cgraham.mills%40duke.edu%7C7b091d857ccd4088e62e08de633b9f84%7Ccb72c54e4a314d9eb14a1ea36dfac94c%7C0%7C0%7C639057304922075827%7CUnknown%7CTWFpbGZsb3d8eyJFbXB0eU1hcGkiOnRydWUsIlYiOiIwLjAuMDAwMCIsIlAiOiJXaW4zMiIsIkFOIjoiTWFpbCIsIldUIjoyfQ%3D%3D%7C0%7C%7C%7C&sdata=oWkm%2BVJzZ3x%2FMraRLIBFA%2BmL74mpvCsZZ3vp6ryNQQQ%3D&reserved=0>  (which includes global privacy notices) and https://www.bankofamerica.com/security-center/privacy-overview/ <https://nam11.safelinks.protection.outlook.com/?url=https%3A%2F%2Fwww.bankofamerica.com%2Fsecurity-center%2Fprivacy-overview%2F&data=05%7C02%7Cgraham.mills%40duke.edu%7C7b091d857ccd4088e62e08de633b9f84%7Ccb72c54e4a314d9eb14a1ea36dfac94c%7C0%7C0%7C639057304922090614%7CUnknown%7CTWFpbGZsb3d8eyJFbXB0eU1hcGkiOnRydWUsIlYiOiIwLjAuMDAwMCIsIlAiOiJXaW4zMiIsIkFOIjoiTWFpbCIsIldUIjoyfQ%3D%3D%7C0%7C%7C%7C&sdata=hW4xfHMhKqySrwMoWjVbtMYc7bcHHUKQxOxApG3Uin8%3D&reserved=0>  (which includes US State specific privacy notices such as the http://www.bankofamerica.com/ccpa-notice <https://nam11.safelinks.protection.outlook.com/?url=http%3A%2F%2Fwww.bankofamerica.com%2Fccpa-notice&data=05%7C02%7Cgraham.mills%40duke.edu%7C7b091d857ccd4088e62e08de633b9f84%7Ccb72c54e4a314d9eb14a1ea36dfac94c%7C0%7C0%7C639057304922106141%7CUnknown%7CTWFpbGZsb3d8eyJFbXB0eU1hcGkiOnRydWUsIlYiOiIwLjAuMDAwMCIsIlAiOiJXaW4zMiIsIkFOIjoiTWFpbCIsIldUIjoyfQ%3D%3D%7C0%7C%7C%7C&sdata=W1k3e9xkoI%2BMMss%2F1cj%2BpnlZXXcs0rajtVnw5Y52SwI%3D&reserved=0> ).

________________________________

This message, and any attachment(s), is for the intended recipient(s) only, may contain information that is privileged, confidential and/or proprietary and subject to important terms and conditions available at http://www.bankofamerica.com/electronic-disclaimer <https://nam11.safelinks.protection.outlook.com/?url=http%3A%2F%2Fwww.bankofamerica.com%2Felectronic-disclaimer&data=05%7C02%7Cgraham.mills%40duke.edu%7C7b091d857ccd4088e62e08de633b9f84%7Ccb72c54e4a314d9eb14a1ea36dfac94c%7C0%7C0%7C639057304922121042%7CUnknown%7CTWFpbGZsb3d8eyJFbXB0eU1hcGkiOnRydWUsIlYiOiIwLjAuMDAwMCIsIlAiOiJXaW4zMiIsIkFOIjoiTWFpbCIsIldUIjoyfQ%3D%3D%7C0%7C%7C%7C&sdata=ZXayNq20HTmjxD00GPubBU0NICfqeb5WRcaAwjPL1FY%3D&reserved=0> . If you are not the intended recipient, please delete this message. For more information about how Bank of America protects your privacy, including specific rights that may apply, please visit the following pages: https://business.bofa.com/en-us/content/global-privacy-notices.html <https://nam11.safelinks.protection.outlook.com/?url=https%3A%2F%2Fbusiness.bofa.com%2Fen-us%2Fcontent%2Fglobal-privacy-notices.html&data=05%7C02%7Cgraham.mills%40duke.edu%7C7b091d857ccd4088e62e08de633b9f84%7Ccb72c54e4a314d9eb14a1ea36dfac94c%7C0%7C0%7C639057304922138131%7CUnknown%7CTWFpbGZsb3d8eyJFbXB0eU1hcGkiOnRydWUsIlYiOiIwLjAuMDAwMCIsIlAiOiJXaW4zMiIsIkFOIjoiTWFpbCIsIldUIjoyfQ%3D%3D%7C0%7C%7C%7C&sdata=htrCUjvGZeEg3JrK%2BmIbMso4gk3gq%2B0Z3Sj9s6Fmgsw%3D&reserved=0>  (which includes global privacy notices) and https://www.bankofamerica.com/security-center/privacy-overview/ <https://nam11.safelinks.protection.outlook.com/?url=https%3A%2F%2Fwww.bankofamerica.com%2Fsecurity-center%2Fprivacy-overview%2F&data=05%7C02%7Cgraham.mills%40duke.edu%7C7b091d857ccd4088e62e08de633b9f84%7Ccb72c54e4a314d9eb14a1ea36dfac94c%7C0%7C0%7C639057304922154829%7CUnknown%7CTWFpbGZsb3d8eyJFbXB0eU1hcGkiOnRydWUsIlYiOiIwLjAuMDAwMCIsIlAiOiJXaW4zMiIsIkFOIjoiTWFpbCIsIldUIjoyfQ%3D%3D%7C0%7C%7C%7C&sdata=Asjy%2Bou%2FZLH0DK%2B5T1K6mdFKYs7TDGWDr2LiUBIiJbY%3D&reserved=0>  (which includes US State specific privacy notices such as the http://www.bankofamerica.com/ccpa-notice <https://nam11.safelinks.protection.outlook.com/?url=http%3A%2F%2Fwww.bankofamerica.com%2Fccpa-notice&data=05%7C02%7Cgraham.mills%40duke.edu%7C7b091d857ccd4088e62e08de633b9f84%7Ccb72c54e4a314d9eb14a1ea36dfac94c%7C0%7C0%7C639057304922174461%7CUnknown%7CTWFpbGZsb3d8eyJFbXB0eU1hcGkiOnRydWUsIlYiOiIwLjAuMDAwMCIsIlAiOiJXaW4zMiIsIkFOIjoiTWFpbCIsIldUIjoyfQ%3D%3D%7C0%7C%7C%7C&sdata=R6rX1VlxojnDIy7JLqXIRkFzGoZ8GHBPK5ARDb4mzxU%3D&reserved=0> ).

________________________________

This message, and any attachment(s), is for the intended recipient(s) only, may contain information that is privileged, confidential and/or proprietary and subject to important terms and conditions available at http://www.bankofamerica.com/electronic-disclaimer <https://nam11.safelinks.protection.outlook.com/?url=http%3A%2F%2Fwww.bankofamerica.com%2Felectronic-disclaimer&data=05%7C02%7Cgraham.mills%40duke.edu%7C7b091d857ccd4088e62e08de633b9f84%7Ccb72c54e4a314d9eb14a1ea36dfac94c%7C0%7C0%7C639057304922194371%7CUnknown%7CTWFpbGZsb3d8eyJFbXB0eU1hcGkiOnRydWUsIlYiOiIwLjAuMDAwMCIsIlAiOiJXaW4zMiIsIkFOIjoiTWFpbCIsIldUIjoyfQ%3D%3D%7C0%7C%7C%7C&sdata=lTanusmi1B%2FllQhkuXLeZZsR45Yfho5ca56jdXbn70Q%3D&reserved=0> . If you are not the intended recipient, please delete this message. For more information about how Bank of America protects your privacy, including specific rights that may apply, please visit the following pages: https://business.bofa.com/en-us/content/global-privacy-notices.html <https://nam11.safelinks.protection.outlook.com/?url=https%3A%2F%2Fbusiness.bofa.com%2Fen-us%2Fcontent%2Fglobal-privacy-notices.html&data=05%7C02%7Cgraham.mills%40duke.edu%7C7b091d857ccd4088e62e08de633b9f84%7Ccb72c54e4a314d9eb14a1ea36dfac94c%7C0%7C0%7C639057304922213386%7CUnknown%7CTWFpbGZsb3d8eyJFbXB0eU1hcGkiOnRydWUsIlYiOiIwLjAuMDAwMCIsIlAiOiJXaW4zMiIsIkFOIjoiTWFpbCIsIldUIjoyfQ%3D%3D%7C0%7C%7C%7C&sdata=5chh%2FvGaWgMXuRwPVxOSqbW00LycDlYMYBAk9t9ZwCk%3D&reserved=0>  (which includes global privacy notices) and https://www.bankofamerica.com/security-center/privacy-overview/ <https://nam11.safelinks.protection.outlook.com/?url=https%3A%2F%2Fwww.bankofamerica.com%2Fsecurity-center%2Fprivacy-overview%2F&data=05%7C02%7Cgraham.mills%40duke.edu%7C7b091d857ccd4088e62e08de633b9f84%7Ccb72c54e4a314d9eb14a1ea36dfac94c%7C0%7C0%7C639057304922229325%7CUnknown%7CTWFpbGZsb3d8eyJFbXB0eU1hcGkiOnRydWUsIlYiOiIwLjAuMDAwMCIsIlAiOiJXaW4zMiIsIkFOIjoiTWFpbCIsIldUIjoyfQ%3D%3D%7C0%7C%7C%7C&sdata=axvxagmsdYvvwDHhbbGCAjvvIzBB33dzrEGizLNAyyw%3D&reserved=0>  (which includes US State specific privacy notices such as the http://www.bankofamerica.com/ccpa-notice <https://nam11.safelinks.protection.outlook.com/?url=http%3A%2F%2Fwww.bankofamerica.com%2Fccpa-notice&data=05%7C02%7Cgraham.mills%40duke.edu%7C7b091d857ccd4088e62e08de633b9f84%7Ccb72c54e4a314d9eb14a1ea36dfac94c%7C0%7C0%7C639057304922244532%7CUnknown%7CTWFpbGZsb3d8eyJFbXB0eU1hcGkiOnRydWUsIlYiOiIwLjAuMDAwMCIsIlAiOiJXaW4zMiIsIkFOIjoiTWFpbCIsIldUIjoyfQ%3D%3D%7C0%7C%7C%7C&sdata=IpiRsbpL75pMt1Fm3epYeuYOTFi3B%2FA9wy8xxNKAAjI%3D&reserved=0> ).

________________________________

This message, and any attachment(s), is for the intended recipient(s) only, may contain information that is privileged, confidential and/or proprietary and subject to important terms and conditions available at http://www.bankofamerica.com/electronic-disclaimer. If you are not the intended recipient, please delete this message. For more information about how Bank of America protects your privacy, including specific rights that may apply, please visit the following pages: https://business.bofa.com/en-us/content/global-privacy-notices.html (which includes global privacy notices) and https://www.bankofamerica.com/security-center/privacy-overview/ (which includes US State specific privacy notices such as the http://www.bankofamerica.com/ccpa-notice).

","Graham Mills","/o=ExchangeLabs/ou=Exchange Administrative Group (FYDIBOHF23SPDLT)/cn=Recipients/cn=db3bfe3506794f919ac1e0bca73ab3a9-a02bfddf-ef","EX","McCollum, Will","william.mccollum@bofa.com","SMTP",,,,,,,,,"Normal",,"Normal"
"Re: Duke Student Interested in S&T - Graham","Hi Will,

I'm actually in the Duke in New York Program, so I will be in NY for the whole semester and was with the group that visited last Tuesday. 

I can do lunchtime on Friday, just let me know when and where you prefer to meet.

Best,
Graham
________________________________

From: McCollum, Will <william.mccollum@bofa.com>
Sent: Tuesday, February 3, 2026 10:35 AM
To: Graham Mills <graham.mills@duke.edu>
Subject: RE: Duke Student Interested in S&T - Graham 
 

HI Graham,

 

Not too sure here. Are you still in NY? Can potentially do something Thursday Friday around lunch time. 

 

From: Graham Mills <graham.mills@duke.edu> 
Sent: Tuesday, February 3, 2026 8:06 AM
To: McCollum, Will <william.mccollum@bofa.com>
Subject: Re: Duke Student Interested in S&T - Graham

 

Hi Will,

 

Sorry for not getting back to you sooner. I thought I messaged you back right away on Friday, but I must not have.

 

Which afternoons work for you this week?

 

Best,

Graham

________________________________

From: McCollum, Will <william.mccollum@bofa.com <mailto:william.mccollum@bofa.com> >
Sent: Friday, January 30, 2026 1:09 PM
To: Graham Mills <graham.mills@duke.edu <mailto:graham.mills@duke.edu> >
Subject: RE: Duke Student Interested in S&T - Graham 

 

Hey unfortunately its not a great time. Are you around next week? 

 

From: Graham Mills <graham.mills@duke.edu <mailto:graham.mills@duke.edu> > 
Sent: Friday, January 30, 2026 1:02 PM
To: McCollum, Will <william.mccollum@bofa.com <mailto:william.mccollum@bofa.com> >
Subject: Re: Duke Student Interested in S&T - Graham

 

Hi Will,

 

Sorry for the late check in, but are you still good to meet in Winter Village at 2?

 

Get Outlook for iOS <https://urldefense.com/v3/__https:/aka.ms/o0ukef__;!!I2XIyG2ANlwasLbx!Tl1hIWZX8Ri327hxriyAIX-iKamE68AARhELOuusmKaJ5OUcZJCdjaWJbjITFJNujOtdOC0Y35xTzv7nBuRFJzj6iVpO9Q$> 

________________________________

From: McCollum, Will <william.mccollum@bofa.com <mailto:william.mccollum@bofa.com> >
Sent: Thursday, January 22, 2026 2:24:06 PM
To: Graham Mills <graham.mills@duke.edu <mailto:graham.mills@duke.edu> >
Subject: RE: Duke Student Interested in S&T - Graham 

 

Sounds good just email me morning of. Thanks 

 

From: Graham Mills <graham.mills@duke.edu <mailto:graham.mills@duke.edu> > 
Sent: Thursday, January 22, 2026 2:03 PM
To: McCollum, Will <william.mccollum@bofa.com <mailto:william.mccollum@bofa.com> >
Subject: Re: Duke Student Interested in S&T - Graham

 

Bryant Park is perfect. We can plan to meet somewhere in winter village. See you then!

________________________________

From: McCollum, Will <william.mccollum@bofa.com <mailto:william.mccollum@bofa.com> >
Sent: Thursday, January 22, 2026 1:47 PM
To: Graham Mills <graham.mills@duke.edu <mailto:graham.mills@duke.edu> >
Subject: RE: Duke Student Interested in S&T - Graham 

 

Lets try Friday 2pm. Let me know if you are around Bryant park we can sit in the winter village for a bit. 

 

From: Graham Mills <graham.mills@duke.edu <mailto:graham.mills@duke.edu> > 
Sent: Thursday, January 22, 2026 1:13 PM
To: McCollum, Will <william.mccollum@bofa.com <mailto:william.mccollum@bofa.com> >
Subject: Re: Duke Student Interested in S&T - Graham

 

Thanks for getting back to me. Here's my availability:

 

M: Anytime after 1:30 pm

T: After 5 pm

W: 1 - 4:30 pm

Th: NA

F: Anytime after 1 pm

 

Just let me know what works best for you.

________________________________

From: McCollum, Will <william.mccollum@bofa.com <mailto:william.mccollum@bofa.com> >
Sent: Thursday, January 22, 2026 12:28 PM
To: Graham Mills <graham.mills@duke.edu <mailto:graham.mills@duke.edu> >
Subject: RE: Duke Student Interested in S&T - Graham 

 

Hi Graham, 

 

Sure thing. Are you around next week? Send a few dates / times will see if we can line up a coffee. 

 

Will 

 

Will McCollum
Pension, Endowment, Foundation and Asset Manager Solutions

BofA Securities, Inc.

One Bryant Park, 5th Floor, New York, NY 10036

T: 212-449-1619 | M: 929-797-2090

william.mccollum@bofa.com <mailto:william.mccollum@bofa.com> 

 

 

From: Graham Mills <graham.mills@duke.edu <mailto:graham.mills@duke.edu> > 
Sent: Thursday, January 22, 2026 10:29 AM
To: McCollum, Will <william.mccollum@bofa.com <mailto:william.mccollum@bofa.com> >
Subject: Duke Student Interested in S&T - Graham

 

Hi Will,

Moving this conversation to your work email as requested.

To recap, I’m a Duke sophomore recruiting for Sales & Trading and was referred to you by Ana Wilmer. Since I am currently in NYC for the semester, do you have 15-20 minutes for a quick coffee or a brief call sometime this week?

Thanks,

Graham

 

 

 

________________________________

This message, and any attachment(s), is for the intended recipient(s) only, may contain information that is privileged, confidential and/or proprietary and subject to important terms and conditions available at http://www.bankofamerica.com/electronic-disclaimer <https://nam11.safelinks.protection.outlook.com/?url=http%3A%2F%2Fwww.bankofamerica.com%2Felectronic-disclaimer&data=05%7C02%7Cgraham.mills%40duke.edu%7C626bf1e4cdca44cddd0308de6339dbcb%7Ccb72c54e4a314d9eb14a1ea36dfac94c%7C0%7C0%7C639057297332888294%7CUnknown%7CTWFpbGZsb3d8eyJFbXB0eU1hcGkiOnRydWUsIlYiOiIwLjAuMDAwMCIsIlAiOiJXaW4zMiIsIkFOIjoiTWFpbCIsIldUIjoyfQ%3D%3D%7C0%7C%7C%7C&sdata=Bc87JMaV2Zq8iYwgGsV7XQTp4OTlBdQcepjRO4hH59A%3D&reserved=0> . If you are not the intended recipient, please delete this message. For more information about how Bank of America protects your privacy, including specific rights that may apply, please visit the following pages: https://business.bofa.com/en-us/content/global-privacy-notices.html <https://nam11.safelinks.protection.outlook.com/?url=https%3A%2F%2Fbusiness.bofa.com%2Fen-us%2Fcontent%2Fglobal-privacy-notices.html&data=05%7C02%7Cgraham.mills%40duke.edu%7C626bf1e4cdca44cddd0308de6339dbcb%7Ccb72c54e4a314d9eb14a1ea36dfac94c%7C0%7C0%7C639057297332939198%7CUnknown%7CTWFpbGZsb3d8eyJFbXB0eU1hcGkiOnRydWUsIlYiOiIwLjAuMDAwMCIsIlAiOiJXaW4zMiIsIkFOIjoiTWFpbCIsIldUIjoyfQ%3D%3D%7C0%7C%7C%7C&sdata=AlmK1XLBMBAn1BSV8VxYOrBYEqK2zFnslqxo25YZb2o%3D&reserved=0>  (which includes global privacy notices) and https://www.bankofamerica.com/security-center/privacy-overview/ <https://nam11.safelinks.protection.outlook.com/?url=https%3A%2F%2Fwww.bankofamerica.com%2Fsecurity-center%2Fprivacy-overview%2F&data=05%7C02%7Cgraham.mills%40duke.edu%7C626bf1e4cdca44cddd0308de6339dbcb%7Ccb72c54e4a314d9eb14a1ea36dfac94c%7C0%7C0%7C639057297332990366%7CUnknown%7CTWFpbGZsb3d8eyJFbXB0eU1hcGkiOnRydWUsIlYiOiIwLjAuMDAwMCIsIlAiOiJXaW4zMiIsIkFOIjoiTWFpbCIsIldUIjoyfQ%3D%3D%7C0%7C%7C%7C&sdata=UR5uX86oLVcE6qyUhenlOXeiTDKBJ%2Fnm7K1HdTKpnho%3D&reserved=0>  (which includes US State specific privacy notices such as the http://www.bankofamerica.com/ccpa-notice <https://nam11.safelinks.protection.outlook.com/?url=http%3A%2F%2Fwww.bankofamerica.com%2Fccpa-notice&data=05%7C02%7Cgraham.mills%40duke.edu%7C626bf1e4cdca44cddd0308de6339dbcb%7Ccb72c54e4a314d9eb14a1ea36dfac94c%7C0%7C0%7C639057297333016026%7CUnknown%7CTWFpbGZsb3d8eyJFbXB0eU1hcGkiOnRydWUsIlYiOiIwLjAuMDAwMCIsIlAiOiJXaW4zMiIsIkFOIjoiTWFpbCIsIldUIjoyfQ%3D%3D%7C0%7C%7C%7C&sdata=ySUmsHJ7vB%2FsXKAqJ4NCVSPMX7W71hWPD4rLAIauV60%3D&reserved=0> ).

________________________________

This message, and any attachment(s), is for the intended recipient(s) only, may contain information that is privileged, confidential and/or proprietary and subject to important terms and conditions available at http://www.bankofamerica.com/electronic-disclaimer <https://nam11.safelinks.protection.outlook.com/?url=http%3A%2F%2Fwww.bankofamerica.com%2Felectronic-disclaimer&data=05%7C02%7Cgraham.mills%40duke.edu%7C626bf1e4cdca44cddd0308de6339dbcb%7Ccb72c54e4a314d9eb14a1ea36dfac94c%7C0%7C0%7C639057297333039994%7CUnknown%7CTWFpbGZsb3d8eyJFbXB0eU1hcGkiOnRydWUsIlYiOiIwLjAuMDAwMCIsIlAiOiJXaW4zMiIsIkFOIjoiTWFpbCIsIldUIjoyfQ%3D%3D%7C0%7C%7C%7C&sdata=Mx5ZaoD1k5R0toZ%2FA1A9DoDoaP%2BblB3IlWsjz8lmgJA%3D&reserved=0> . If you are not the intended recipient, please delete this message. For more information about how Bank of America protects your privacy, including specific rights that may apply, please visit the following pages: https://business.bofa.com/en-us/content/global-privacy-notices.html <https://nam11.safelinks.protection.outlook.com/?url=https%3A%2F%2Fbusiness.bofa.com%2Fen-us%2Fcontent%2Fglobal-privacy-notices.html&data=05%7C02%7Cgraham.mills%40duke.edu%7C626bf1e4cdca44cddd0308de6339dbcb%7Ccb72c54e4a314d9eb14a1ea36dfac94c%7C0%7C0%7C639057297333061896%7CUnknown%7CTWFpbGZsb3d8eyJFbXB0eU1hcGkiOnRydWUsIlYiOiIwLjAuMDAwMCIsIlAiOiJXaW4zMiIsIkFOIjoiTWFpbCIsIldUIjoyfQ%3D%3D%7C0%7C%7C%7C&sdata=9xU5q4io5QfMbAdBV3diI6UhwfmaW1sCinZW0TlQyUU%3D&reserved=0>  (which includes global privacy notices) and https://www.bankofamerica.com/security-center/privacy-overview/ <https://nam11.safelinks.protection.outlook.com/?url=https%3A%2F%2Fwww.bankofamerica.com%2Fsecurity-center%2Fprivacy-overview%2F&data=05%7C02%7Cgraham.mills%40duke.edu%7C626bf1e4cdca44cddd0308de6339dbcb%7Ccb72c54e4a314d9eb14a1ea36dfac94c%7C0%7C0%7C639057297333085022%7CUnknown%7CTWFpbGZsb3d8eyJFbXB0eU1hcGkiOnRydWUsIlYiOiIwLjAuMDAwMCIsIlAiOiJXaW4zMiIsIkFOIjoiTWFpbCIsIldUIjoyfQ%3D%3D%7C0%7C%7C%7C&sdata=bf6ayeqPCYIDNjPpjnwN72tGEHaQEEQnPOOLaiyQ%2FJQ%3D&reserved=0>  (which includes US State specific privacy notices such as the http://www.bankofamerica.com/ccpa-notice <https://nam11.safelinks.protection.outlook.com/?url=http%3A%2F%2Fwww.bankofamerica.com%2Fccpa-notice&data=05%7C02%7Cgraham.mills%40duke.edu%7C626bf1e4cdca44cddd0308de6339dbcb%7Ccb72c54e4a314d9eb14a1ea36dfac94c%7C0%7C0%7C639057297333144191%7CUnknown%7CTWFpbGZsb3d8eyJFbXB0eU1hcGkiOnRydWUsIlYiOiIwLjAuMDAwMCIsIlAiOiJXaW4zMiIsIkFOIjoiTWFpbCIsIldUIjoyfQ%3D%3D%7C0%7C%7C%7C&sdata=oS5LhsvWwvFK7yEaQoqrEZTC5KWEhTQLTyok3Ivqa3A%3D&reserved=0> ).

________________________________

This message, and any attachment(s), is for the intended recipient(s) only, may contain information that is privileged, confidential and/or proprietary and subject to important terms and conditions available at http://www.bankofamerica.com/electronic-disclaimer <https://nam11.safelinks.protection.outlook.com/?url=http%3A%2F%2Fwww.bankofamerica.com%2Felectronic-disclaimer&data=05%7C02%7Cgraham.mills%40duke.edu%7C626bf1e4cdca44cddd0308de6339dbcb%7Ccb72c54e4a314d9eb14a1ea36dfac94c%7C0%7C0%7C639057297333185571%7CUnknown%7CTWFpbGZsb3d8eyJFbXB0eU1hcGkiOnRydWUsIlYiOiIwLjAuMDAwMCIsIlAiOiJXaW4zMiIsIkFOIjoiTWFpbCIsIldUIjoyfQ%3D%3D%7C0%7C%7C%7C&sdata=%2B8CyJZmQpDpXEPEZ4sevP5Yyt1c32ZU0qYb%2FRYt3jMQ%3D&reserved=0> . If you are not the intended recipient, please delete this message. For more information about how Bank of America protects your privacy, including specific rights that may apply, please visit the following pages: https://business.bofa.com/en-us/content/global-privacy-notices.html <https://nam11.safelinks.protection.outlook.com/?url=https%3A%2F%2Fbusiness.bofa.com%2Fen-us%2Fcontent%2Fglobal-privacy-notices.html&data=05%7C02%7Cgraham.mills%40duke.edu%7C626bf1e4cdca44cddd0308de6339dbcb%7Ccb72c54e4a314d9eb14a1ea36dfac94c%7C0%7C0%7C639057297333210650%7CUnknown%7CTWFpbGZsb3d8eyJFbXB0eU1hcGkiOnRydWUsIlYiOiIwLjAuMDAwMCIsIlAiOiJXaW4zMiIsIkFOIjoiTWFpbCIsIldUIjoyfQ%3D%3D%7C0%7C%7C%7C&sdata=N0W0dAMIjgA0Mh5yXUvCikOPmlNkg0SpYUuIw%2Fjtu50%3D&reserved=0>  (which includes global privacy notices) and https://www.bankofamerica.com/security-center/privacy-overview/ <https://nam11.safelinks.protection.outlook.com/?url=https%3A%2F%2Fwww.bankofamerica.com%2Fsecurity-center%2Fprivacy-overview%2F&data=05%7C02%7Cgraham.mills%40duke.edu%7C626bf1e4cdca44cddd0308de6339dbcb%7Ccb72c54e4a314d9eb14a1ea36dfac94c%7C0%7C0%7C639057297333235114%7CUnknown%7CTWFpbGZsb3d8eyJFbXB0eU1hcGkiOnRydWUsIlYiOiIwLjAuMDAwMCIsIlAiOiJXaW4zMiIsIkFOIjoiTWFpbCIsIldUIjoyfQ%3D%3D%7C0%7C%7C%7C&sdata=GjfXtlrdgymHyePdkXXesTITOBRWYMSyvHIrQrsvb%2BI%3D&reserved=0>  (which includes US State specific privacy notices such as the http://www.bankofamerica.com/ccpa-notice <https://nam11.safelinks.protection.outlook.com/?url=http%3A%2F%2Fwww.bankofamerica.com%2Fccpa-notice&data=05%7C02%7Cgraham.mills%40duke.edu%7C626bf1e4cdca44cddd0308de6339dbcb%7Ccb72c54e4a314d9eb14a1ea36dfac94c%7C0%7C0%7C639057297333255993%7CUnknown%7CTWFpbGZsb3d8eyJFbXB0eU1hcGkiOnRydWUsIlYiOiIwLjAuMDAwMCIsIlAiOiJXaW4zMiIsIkFOIjoiTWFpbCIsIldUIjoyfQ%3D%3D%7C0%7C%7C%7C&sdata=Lp8zR5a2%2BaW7qkL5bfehs5nfTENerMB88YkRLyzn%2F00%3D&reserved=0> ).

________________________________

This message, and any attachment(s), is for the intended recipient(s) only, may contain information that is privileged, confidential and/or proprietary and subject to important terms and conditions available at http://www.bankofamerica.com/electronic-disclaimer <https://nam11.safelinks.protection.outlook.com/?url=http%3A%2F%2Fwww.bankofamerica.com%2Felectronic-disclaimer&data=05%7C02%7Cgraham.mills%40duke.edu%7C626bf1e4cdca44cddd0308de6339dbcb%7Ccb72c54e4a314d9eb14a1ea36dfac94c%7C0%7C0%7C639057297333279366%7CUnknown%7CTWFpbGZsb3d8eyJFbXB0eU1hcGkiOnRydWUsIlYiOiIwLjAuMDAwMCIsIlAiOiJXaW4zMiIsIkFOIjoiTWFpbCIsIldUIjoyfQ%3D%3D%7C0%7C%7C%7C&sdata=%2By18VRaCdPLyub2xgthoLNlOHed515i%2B%2BoaHEMzr3UY%3D&reserved=0> . If you are not the intended recipient, please delete this message. For more information about how Bank of America protects your privacy, including specific rights that may apply, please visit the following pages: https://business.bofa.com/en-us/content/global-privacy-notices.html <https://nam11.safelinks.protection.outlook.com/?url=https%3A%2F%2Fbusiness.bofa.com%2Fen-us%2Fcontent%2Fglobal-privacy-notices.html&data=05%7C02%7Cgraham.mills%40duke.edu%7C626bf1e4cdca44cddd0308de6339dbcb%7Ccb72c54e4a314d9eb14a1ea36dfac94c%7C0%7C0%7C639057297333325992%7CUnknown%7CTWFpbGZsb3d8eyJFbXB0eU1hcGkiOnRydWUsIlYiOiIwLjAuMDAwMCIsIlAiOiJXaW4zMiIsIkFOIjoiTWFpbCIsIldUIjoyfQ%3D%3D%7C0%7C%7C%7C&sdata=WiWV2VooW%2FaUqtUfKrv2bClzaRm7JmPI%2BDi5z481MW4%3D&reserved=0>  (which includes global privacy notices) and https://www.bankofamerica.com/security-center/privacy-overview/ <https://nam11.safelinks.protection.outlook.com/?url=https%3A%2F%2Fwww.bankofamerica.com%2Fsecurity-center%2Fprivacy-overview%2F&data=05%7C02%7Cgraham.mills%40duke.edu%7C626bf1e4cdca44cddd0308de6339dbcb%7Ccb72c54e4a314d9eb14a1ea36dfac94c%7C0%7C0%7C639057297333358974%7CUnknown%7CTWFpbGZsb3d8eyJFbXB0eU1hcGkiOnRydWUsIlYiOiIwLjAuMDAwMCIsIlAiOiJXaW4zMiIsIkFOIjoiTWFpbCIsIldUIjoyfQ%3D%3D%7C0%7C%7C%7C&sdata=al5teiaXo6SWosGUDAXKgC2pTcJF3h0%2Bk7dCIhi%2FczQ%3D&reserved=0>  (which includes US State specific privacy notices such as the http://www.bankofamerica.com/ccpa-notice <https://nam11.safelinks.protection.outlook.com/?url=http%3A%2F%2Fwww.bankofamerica.com%2Fccpa-notice&data=05%7C02%7Cgraham.mills%40duke.edu%7C626bf1e4cdca44cddd0308de6339dbcb%7Ccb72c54e4a314d9eb14a1ea36dfac94c%7C0%7C0%7C639057297333386652%7CUnknown%7CTWFpbGZsb3d8eyJFbXB0eU1hcGkiOnRydWUsIlYiOiIwLjAuMDAwMCIsIlAiOiJXaW4zMiIsIkFOIjoiTWFpbCIsIldUIjoyfQ%3D%3D%7C0%7C%7C%7C&sdata=sA9Nh3riaAE09iC%2BwOinbT%2FqbRifrunIBEYo2ZeEghw%3D&reserved=0> ).

________________________________

This message, and any attachment(s), is for the intended recipient(s) only, may contain information that is privileged, confidential and/or proprietary and subject to important terms and conditions available at http://www.bankofamerica.com/electronic-disclaimer. If you are not the intended recipient, please delete this message. For more information about how Bank of America protects your privacy, including specific rights that may apply, please visit the following pages: https://business.bofa.com/en-us/content/global-privacy-notices.html (which includes global privacy notices) and https://www.bankofamerica.com/security-center/privacy-overview/ (which includes US State specific privacy notices such as the http://www.bankofamerica.com/ccpa-notice).

","Graham Mills","/o=ExchangeLabs/ou=Exchange Administrative Group (FYDIBOHF23SPDLT)/cn=Recipients/cn=db3bfe3506794f919ac1e0bca73ab3a9-a02bfddf-ef","EX","McCollum, Will","william.mccollum@bofa.com","SMTP",,,,,,,,,"Normal",,"Normal"
"Duke Student in NYC - S&T Interest","Hi Katherine,

I am a Duke sophomore currently in NYC as a part of the Duke in New York Program. I'm very interested in global markets and would love to learn more about the team at Wells Fargo.

Do you have any availability this week or next to meet for coffee or talk over the phone? Just let me know what works for you.

Best,
Graham Mills
","Graham Mills","/O=EXCHANGELABS/OU=EXCHANGE ADMINISTRATIVE GROUP (FYDIBOHF23SPDLT)/CN=RECIPIENTS/CN=DB3BFE3506794F919AC1E0BCA73AB3A9-A02BFDDF-EF","EX","katherine.vieser@wellsfargo.com","katherine.vieser@wellsfargo.com","SMTP",,,,,,,,,"Normal",,"Normal"
"Re: [EXTERNAL]Duke in New York Student","Next Wednesday at 2pm is perfect for me. Should I plan on meeting you in the lobby?

Best,
Graham


________________________________

From: Kim, Chiwan <chiwan.kim@jpmchase.com>
Sent: Tuesday, February 3, 2026 8:41 AM
To: Graham Mills <graham.mills@duke.edu>
Subject: RE: [EXTERNAL]Duke in New York Student 
 

Hi Graham – 

 

Do you want to try Wed/Thurs next week? Potentially 2pm?

 

Best,

Chiwan

 

Chiwan Kim | C&IB Global Equity Derivatives | Strategic Equity Solutions | J.P. Morgan | 270 Park Avenue, 5th Floor, New York, NY, 10179 | T: (212) 622-2518 | M: (646) 326-5412 | chiwan.kim@jpmorgan.com <mailto:chiwan.kim@jpmorgan.com> 

J.P. Morgan Securities LLC Disclaimer: http://www.jpmorgan.com/pages/jpmorgan/email <https://nam11.safelinks.protection.outlook.com/?url=http%3A%2F%2Fwww.jpmorgan.com%2Fpages%2Fjpmorgan%2Femail&data=05%7C02%7Cgraham.mills%40duke.edu%7C94113e342d09430cd1ec08de632a309d%7Ccb72c54e4a314d9eb14a1ea36dfac94c%7C0%7C0%7C639057230014243339%7CUnknown%7CTWFpbGZsb3d8eyJFbXB0eU1hcGkiOnRydWUsIlYiOiIwLjAuMDAwMCIsIlAiOiJXaW4zMiIsIkFOIjoiTWFpbCIsIldUIjoyfQ%3D%3D%7C0%7C%7C%7C&sdata=xKQYUE6nua%2F3wOkGsYOaA%2BIL8M9YOYyHepV%2BpswI0Bk%3D&reserved=0>  

 

From: Graham Mills <graham.mills@duke.edu> 
Sent: Tuesday, February 03, 2026 8:00 AM
To: Kim, Chiwan (CIB S&M, USA) <chiwan.kim@jpmchase.com>
Subject: [EXTERNAL]Duke in New York Student

 

Hi Chiwan,

 

I had a great time getting to know you and the other members of the S&T team from Duke the other week at the student visit to the office. I met with Austin today at the office and talked some more about the dynamics of the role. 

 

Are you available anytime this week or next for me to meet you at the office and talk a bit more about your role and the recruitment process? Just let me know what works for you.

 

Best, 

Graham

This message is confidential and subject to terms at: https://www.jpmorgan.com/emaildisclaimer including on confidential, privileged or legal entity information, malicious content and monitoring of electronic messages. If you are not the intended recipient, please delete this message and notify the sender immediately. Any unauthorized use is strictly prohibited.

","Graham Mills","/o=ExchangeLabs/ou=Exchange Administrative Group (FYDIBOHF23SPDLT)/cn=Recipients/cn=db3bfe3506794f919ac1e0bca73ab3a9-a02bfddf-ef","EX","Kim, Chiwan","chiwan.kim@jpmchase.com","SMTP",,,,,,,,,"Normal",,"Normal"
"Recruiting Process - Investment Management","Dear Investment Management Recruiting at Morgan Stanley,

I am a Duke sophomore interested in the Investment Management team at Morgan Stanley. I applied a few weeks ago to the Hedge Fund Solutions group in both New York and West Hoboken. 

Is there any chance you could connect me with some members of the team to speak with and learn more about the role? Additionally, has there been any update on what stage of the recruitment cycle we are currently at for the role? Thanks.

Best,
Graham Mills
","Graham Mills","/O=EXCHANGELABS/OU=EXCHANGE ADMINISTRATIVE GROUP (FYDIBOHF23SPDLT)/CN=RECIPIENTS/CN=DB3BFE3506794F919AC1E0BCA73AB3A9-A02BFDDF-EF","EX","imcampusrecruiting@morganstanley.com","imcampusrecruiting@morganstanley.com","SMTP",,,,,,,,,"Normal",,"Normal"
"Re: Duke Student Interested in S&T - Graham","Hi Will,

Sorry for not getting back to you sooner. I thought I messaged you back right away on Friday, but I must not have.

Which afternoons work for you this week?

Best,
Graham
________________________________

From: McCollum, Will <william.mccollum@bofa.com>
Sent: Friday, January 30, 2026 1:09 PM
To: Graham Mills <graham.mills@duke.edu>
Subject: RE: Duke Student Interested in S&T - Graham 
 

Hey unfortunately its not a great time. Are you around next week? 

 

From: Graham Mills <graham.mills@duke.edu> 
Sent: Friday, January 30, 2026 1:02 PM
To: McCollum, Will <william.mccollum@bofa.com>
Subject: Re: Duke Student Interested in S&T - Graham

 

Hi Will,

 

Sorry for the late check in, but are you still good to meet in Winter Village at 2?

 

Get Outlook for iOS <https://urldefense.com/v3/__https:/aka.ms/o0ukef__;!!I2XIyG2ANlwasLbx!Tl1hIWZX8Ri327hxriyAIX-iKamE68AARhELOuusmKaJ5OUcZJCdjaWJbjITFJNujOtdOC0Y35xTzv7nBuRFJzj6iVpO9Q$> 

________________________________

From: McCollum, Will <william.mccollum@bofa.com <mailto:william.mccollum@bofa.com> >
Sent: Thursday, January 22, 2026 2:24:06 PM
To: Graham Mills <graham.mills@duke.edu <mailto:graham.mills@duke.edu> >
Subject: RE: Duke Student Interested in S&T - Graham 

 

Sounds good just email me morning of. Thanks 

 

From: Graham Mills <graham.mills@duke.edu <mailto:graham.mills@duke.edu> > 
Sent: Thursday, January 22, 2026 2:03 PM
To: McCollum, Will <william.mccollum@bofa.com <mailto:william.mccollum@bofa.com> >
Subject: Re: Duke Student Interested in S&T - Graham

 

Bryant Park is perfect. We can plan to meet somewhere in winter village. See you then!

________________________________

From: McCollum, Will <william.mccollum@bofa.com <mailto:william.mccollum@bofa.com> >
Sent: Thursday, January 22, 2026 1:47 PM
To: Graham Mills <graham.mills@duke.edu <mailto:graham.mills@duke.edu> >
Subject: RE: Duke Student Interested in S&T - Graham 

 

Lets try Friday 2pm. Let me know if you are around Bryant park we can sit in the winter village for a bit. 

 

From: Graham Mills <graham.mills@duke.edu <mailto:graham.mills@duke.edu> > 
Sent: Thursday, January 22, 2026 1:13 PM
To: McCollum, Will <william.mccollum@bofa.com <mailto:william.mccollum@bofa.com> >
Subject: Re: Duke Student Interested in S&T - Graham

 

Thanks for getting back to me. Here's my availability:

 

M: Anytime after 1:30 pm

T: After 5 pm

W: 1 - 4:30 pm

Th: NA

F: Anytime after 1 pm

 

Just let me know what works best for you.

________________________________

From: McCollum, Will <william.mccollum@bofa.com <mailto:william.mccollum@bofa.com> >
Sent: Thursday, January 22, 2026 12:28 PM
To: Graham Mills <graham.mills@duke.edu <mailto:graham.mills@duke.edu> >
Subject: RE: Duke Student Interested in S&T - Graham 

 

Hi Graham, 

 

Sure thing. Are you around next week? Send a few dates / times will see if we can line up a coffee. 

 

Will 

 

Will McCollum
Pension, Endowment, Foundation and Asset Manager Solutions

BofA Securities, Inc.

One Bryant Park, 5th Floor, New York, NY 10036

T: 212-449-1619 | M: 929-797-2090

william.mccollum@bofa.com <mailto:william.mccollum@bofa.com> 

 

 

From: Graham Mills <graham.mills@duke.edu <mailto:graham.mills@duke.edu> > 
Sent: Thursday, January 22, 2026 10:29 AM
To: McCollum, Will <william.mccollum@bofa.com <mailto:william.mccollum@bofa.com> >
Subject: Duke Student Interested in S&T - Graham

 

Hi Will,

Moving this conversation to your work email as requested.

To recap, I’m a Duke sophomore recruiting for Sales & Trading and was referred to you by Ana Wilmer. Since I am currently in NYC for the semester, do you have 15-20 minutes for a quick coffee or a brief call sometime this week?

Thanks,

Graham

 

 

 

________________________________

This message, and any attachment(s), is for the intended recipient(s) only, may contain information that is privileged, confidential and/or proprietary and subject to important terms and conditions available at http://www.bankofamerica.com/electronic-disclaimer <https://nam11.safelinks.protection.outlook.com/?url=http%3A%2F%2Fwww.bankofamerica.com%2Felectronic-disclaimer&data=05%7C02%7Cgraham.mills%40duke.edu%7C593b6c605ecf476324c608de602ac8f6%7Ccb72c54e4a314d9eb14a1ea36dfac94c%7C0%7C0%7C639053934044800331%7CUnknown%7CTWFpbGZsb3d8eyJFbXB0eU1hcGkiOnRydWUsIlYiOiIwLjAuMDAwMCIsIlAiOiJXaW4zMiIsIkFOIjoiTWFpbCIsIldUIjoyfQ%3D%3D%7C0%7C%7C%7C&sdata=CqYq02DTlC6cs7auTux%2Bn0kQvYnQszUQpkPxfqvhI%2F4%3D&reserved=0> . If you are not the intended recipient, please delete this message. For more information about how Bank of America protects your privacy, including specific rights that may apply, please visit the following pages: https://business.bofa.com/en-us/content/global-privacy-notices.html <https://nam11.safelinks.protection.outlook.com/?url=https%3A%2F%2Fbusiness.bofa.com%2Fen-us%2Fcontent%2Fglobal-privacy-notices.html&data=05%7C02%7Cgraham.mills%40duke.edu%7C593b6c605ecf476324c608de602ac8f6%7Ccb72c54e4a314d9eb14a1ea36dfac94c%7C0%7C0%7C639053934044875735%7CUnknown%7CTWFpbGZsb3d8eyJFbXB0eU1hcGkiOnRydWUsIlYiOiIwLjAuMDAwMCIsIlAiOiJXaW4zMiIsIkFOIjoiTWFpbCIsIldUIjoyfQ%3D%3D%7C0%7C%7C%7C&sdata=VTwvs1JkKaN1PFVF0ObK81UqHXg2Gq8h14TqIJHdQAo%3D&reserved=0>  (which includes global privacy notices) and https://www.bankofamerica.com/security-center/privacy-overview/ <https://nam11.safelinks.protection.outlook.com/?url=https%3A%2F%2Fwww.bankofamerica.com%2Fsecurity-center%2Fprivacy-overview%2F&data=05%7C02%7Cgraham.mills%40duke.edu%7C593b6c605ecf476324c608de602ac8f6%7Ccb72c54e4a314d9eb14a1ea36dfac94c%7C0%7C0%7C639053934044919902%7CUnknown%7CTWFpbGZsb3d8eyJFbXB0eU1hcGkiOnRydWUsIlYiOiIwLjAuMDAwMCIsIlAiOiJXaW4zMiIsIkFOIjoiTWFpbCIsIldUIjoyfQ%3D%3D%7C0%7C%7C%7C&sdata=e1mHPisFbZl51%2BmS20mLhMIQDJQuyK5xiEoUVpiPaJ8%3D&reserved=0>  (which includes US State specific privacy notices such as the http://www.bankofamerica.com/ccpa-notice <https://nam11.safelinks.protection.outlook.com/?url=http%3A%2F%2Fwww.bankofamerica.com%2Fccpa-notice&data=05%7C02%7Cgraham.mills%40duke.edu%7C593b6c605ecf476324c608de602ac8f6%7Ccb72c54e4a314d9eb14a1ea36dfac94c%7C0%7C0%7C639053934044942743%7CUnknown%7CTWFpbGZsb3d8eyJFbXB0eU1hcGkiOnRydWUsIlYiOiIwLjAuMDAwMCIsIlAiOiJXaW4zMiIsIkFOIjoiTWFpbCIsIldUIjoyfQ%3D%3D%7C0%7C%7C%7C&sdata=lGpIpjW5qGSeD%2BNPRXOrK1S0U94%2Bc2gOvRPxxA%2FLdyA%3D&reserved=0> ).

________________________________

This message, and any attachment(s), is for the intended recipient(s) only, may contain information that is privileged, confidential and/or proprietary and subject to important terms and conditions available at http://www.bankofamerica.com/electronic-disclaimer <https://nam11.safelinks.protection.outlook.com/?url=http%3A%2F%2Fwww.bankofamerica.com%2Felectronic-disclaimer&data=05%7C02%7Cgraham.mills%40duke.edu%7C593b6c605ecf476324c608de602ac8f6%7Ccb72c54e4a314d9eb14a1ea36dfac94c%7C0%7C0%7C639053934044964274%7CUnknown%7CTWFpbGZsb3d8eyJFbXB0eU1hcGkiOnRydWUsIlYiOiIwLjAuMDAwMCIsIlAiOiJXaW4zMiIsIkFOIjoiTWFpbCIsIldUIjoyfQ%3D%3D%7C0%7C%7C%7C&sdata=nXixYfHnux%2F7HKPeEcf5LDO99fuTBrFBDHbIJKS3EMw%3D&reserved=0> . If you are not the intended recipient, please delete this message. For more information about how Bank of America protects your privacy, including specific rights that may apply, please visit the following pages: https://business.bofa.com/en-us/content/global-privacy-notices.html <https://nam11.safelinks.protection.outlook.com/?url=https%3A%2F%2Fbusiness.bofa.com%2Fen-us%2Fcontent%2Fglobal-privacy-notices.html&data=05%7C02%7Cgraham.mills%40duke.edu%7C593b6c605ecf476324c608de602ac8f6%7Ccb72c54e4a314d9eb14a1ea36dfac94c%7C0%7C0%7C639053934044988269%7CUnknown%7CTWFpbGZsb3d8eyJFbXB0eU1hcGkiOnRydWUsIlYiOiIwLjAuMDAwMCIsIlAiOiJXaW4zMiIsIkFOIjoiTWFpbCIsIldUIjoyfQ%3D%3D%7C0%7C%7C%7C&sdata=AXVTebcqFqhJiF5%2Bo6GAPrcOwPH11tETYq%2BTAyKajx0%3D&reserved=0>  (which includes global privacy notices) and https://www.bankofamerica.com/security-center/privacy-overview/ <https://nam11.safelinks.protection.outlook.com/?url=https%3A%2F%2Fwww.bankofamerica.com%2Fsecurity-center%2Fprivacy-overview%2F&data=05%7C02%7Cgraham.mills%40duke.edu%7C593b6c605ecf476324c608de602ac8f6%7Ccb72c54e4a314d9eb14a1ea36dfac94c%7C0%7C0%7C639053934045046144%7CUnknown%7CTWFpbGZsb3d8eyJFbXB0eU1hcGkiOnRydWUsIlYiOiIwLjAuMDAwMCIsIlAiOiJXaW4zMiIsIkFOIjoiTWFpbCIsIldUIjoyfQ%3D%3D%7C0%7C%7C%7C&sdata=trVVIVDQ5o9EytIi%2FcpPizptnYKdJP3PmNkaMI4KepM%3D&reserved=0>  (which includes US State specific privacy notices such as the http://www.bankofamerica.com/ccpa-notice <https://nam11.safelinks.protection.outlook.com/?url=http%3A%2F%2Fwww.bankofamerica.com%2Fccpa-notice&data=05%7C02%7Cgraham.mills%40duke.edu%7C593b6c605ecf476324c608de602ac8f6%7Ccb72c54e4a314d9eb14a1ea36dfac94c%7C0%7C0%7C639053934045066172%7CUnknown%7CTWFpbGZsb3d8eyJFbXB0eU1hcGkiOnRydWUsIlYiOiIwLjAuMDAwMCIsIlAiOiJXaW4zMiIsIkFOIjoiTWFpbCIsIldUIjoyfQ%3D%3D%7C0%7C%7C%7C&sdata=b%2FiWpqLzWu93Ox33bsH15y4SIZG2DDH%2BItYYwkMT1lw%3D&reserved=0> ).

________________________________

This message, and any attachment(s), is for the intended recipient(s) only, may contain information that is privileged, confidential and/or proprietary and subject to important terms and conditions available at http://www.bankofamerica.com/electronic-disclaimer <https://nam11.safelinks.protection.outlook.com/?url=http%3A%2F%2Fwww.bankofamerica.com%2Felectronic-disclaimer&data=05%7C02%7Cgraham.mills%40duke.edu%7C593b6c605ecf476324c608de602ac8f6%7Ccb72c54e4a314d9eb14a1ea36dfac94c%7C0%7C0%7C639053934045083671%7CUnknown%7CTWFpbGZsb3d8eyJFbXB0eU1hcGkiOnRydWUsIlYiOiIwLjAuMDAwMCIsIlAiOiJXaW4zMiIsIkFOIjoiTWFpbCIsIldUIjoyfQ%3D%3D%7C0%7C%7C%7C&sdata=TVKDAef5rVJUzDVajgn07n%2B%2BFhoqrFzYvCmvFAbO7yc%3D&reserved=0> . If you are not the intended recipient, please delete this message. For more information about how Bank of America protects your privacy, including specific rights that may apply, please visit the following pages: https://business.bofa.com/en-us/content/global-privacy-notices.html <https://nam11.safelinks.protection.outlook.com/?url=https%3A%2F%2Fbusiness.bofa.com%2Fen-us%2Fcontent%2Fglobal-privacy-notices.html&data=05%7C02%7Cgraham.mills%40duke.edu%7C593b6c605ecf476324c608de602ac8f6%7Ccb72c54e4a314d9eb14a1ea36dfac94c%7C0%7C0%7C639053934045103383%7CUnknown%7CTWFpbGZsb3d8eyJFbXB0eU1hcGkiOnRydWUsIlYiOiIwLjAuMDAwMCIsIlAiOiJXaW4zMiIsIkFOIjoiTWFpbCIsIldUIjoyfQ%3D%3D%7C0%7C%7C%7C&sdata=u2d54hP54aSbrXqAwjcJ8EqlvSRqtt%2FUs6omEmfL6Yw%3D&reserved=0>  (which includes global privacy notices) and https://www.bankofamerica.com/security-center/privacy-overview/ <https://nam11.safelinks.protection.outlook.com/?url=https%3A%2F%2Fwww.bankofamerica.com%2Fsecurity-center%2Fprivacy-overview%2F&data=05%7C02%7Cgraham.mills%40duke.edu%7C593b6c605ecf476324c608de602ac8f6%7Ccb72c54e4a314d9eb14a1ea36dfac94c%7C0%7C0%7C639053934045123647%7CUnknown%7CTWFpbGZsb3d8eyJFbXB0eU1hcGkiOnRydWUsIlYiOiIwLjAuMDAwMCIsIlAiOiJXaW4zMiIsIkFOIjoiTWFpbCIsIldUIjoyfQ%3D%3D%7C0%7C%7C%7C&sdata=O4erv6xCJwVHdP%2BRIy%2BOcIpnJQl7AFD0%2BmNmF26BGvs%3D&reserved=0>  (which includes US State specific privacy notices such as the http://www.bankofamerica.com/ccpa-notice <https://nam11.safelinks.protection.outlook.com/?url=http%3A%2F%2Fwww.bankofamerica.com%2Fccpa-notice&data=05%7C02%7Cgraham.mills%40duke.edu%7C593b6c605ecf476324c608de602ac8f6%7Ccb72c54e4a314d9eb14a1ea36dfac94c%7C0%7C0%7C639053934045142147%7CUnknown%7CTWFpbGZsb3d8eyJFbXB0eU1hcGkiOnRydWUsIlYiOiIwLjAuMDAwMCIsIlAiOiJXaW4zMiIsIkFOIjoiTWFpbCIsIldUIjoyfQ%3D%3D%7C0%7C%7C%7C&sdata=58o%2FPUY7t1oHgzcrX47E%2FsNII301WevzVrUDdbAZ4H4%3D&reserved=0> ).

________________________________

This message, and any attachment(s), is for the intended recipient(s) only, may contain information that is privileged, confidential and/or proprietary and subject to important terms and conditions available at http://www.bankofamerica.com/electronic-disclaimer. If you are not the intended recipient, please delete this message. For more information about how Bank of America protects your privacy, including specific rights that may apply, please visit the following pages: https://business.bofa.com/en-us/content/global-privacy-notices.html (which includes global privacy notices) and https://www.bankofamerica.com/security-center/privacy-overview/ (which includes US State specific privacy notices such as the http://www.bankofamerica.com/ccpa-notice).

","Graham Mills","/o=ExchangeLabs/ou=Exchange Administrative Group (FYDIBOHF23SPDLT)/cn=Recipients/cn=db3bfe3506794f919ac1e0bca73ab3a9-a02bfddf-ef","EX","McCollum, Will","william.mccollum@bofa.com","SMTP",,,,,,,,,"Normal",,"Normal"
"Re: Duke Student - MIT Management Company Interest","Hi Nina,

Just wanted to check in and see if there has been any update. I look forward to hearing back from you.

Best,
Graham
________________________________

From: Graham Mills
Sent: Tuesday, January 27, 2026 5:35 PM
To: nlavernia@mitimco.mit.edu <nlavernia@mitimco.mit.edu>
Subject: Duke Student - MIT Management Company Interest 
 
Hi Nina,
I am a sophomore at Duke with previous experience interning at a hospital endowment. That experience sparked my interest in the allocator space, and I have been following MITIMCo’s work closely.
I am writing to inquire about the recruiting timeline for your summer internship program. As I map out my application deadlines for the upcoming cycle, I wanted to ensure I didn't miss the window to apply.
Best,
Graham Mills
704-770-7141

","Graham Mills","/o=ExchangeLabs/ou=Exchange Administrative Group (FYDIBOHF23SPDLT)/cn=Recipients/cn=db3bfe3506794f919ac1e0bca73ab3a9-a02bfddf-ef","EX","nlavernia@mitimco.mit.edu","nlavernia@mitimco.mit.edu","SMTP",,,,,,,,,"Normal",,"Normal"
"Duke in New York Student","Hi Johnathan,

I had a great time getting to learn about your role the other week at the Duke student visit to the office. I spoke with Emma a few days ago and am very interested in the markets team at Citi.

Are you available anytime this week or next for me to meet you at the office or call and talk a bit more about your role and the recruitment process? Just let me know what works for you.

Best, 
Graham

","Graham Mills","/O=EXCHANGELABS/OU=EXCHANGE ADMINISTRATIVE GROUP (FYDIBOHF23SPDLT)/CN=RECIPIENTS/CN=DB3BFE3506794F919AC1E0BCA73AB3A9-A02BFDDF-EF","EX","johnathan.herzog@citi.com","johnathan.herzog@citi.com","SMTP",,,,,,,,,"Normal",,"Normal"
"Duke in New York Student","Hi Chiwan,

I had a great time getting to know you and the other members of the S&T team from Duke the other week at the student visit to the office. I met with Austin today at the office and talked some more about the dynamics of the role. 

Are you available anytime this week or next for me to meet you at the office and talk a bit more about your role and the recruitment process? Just let me know what works for you.

Best, 
Graham
","Graham Mills","/O=EXCHANGELABS/OU=EXCHANGE ADMINISTRATIVE GROUP (FYDIBOHF23SPDLT)/CN=RECIPIENTS/CN=DB3BFE3506794F919AC1E0BCA73AB3A9-A02BFDDF-EF","EX","chiwan.kim@jpmorgan.com","chiwan.kim@jpmorgan.com","SMTP",,,,,,,,,"Normal",,"Normal"
"Re: [EXTERNAL]Duke Student Visit - Follow Up","I’m waiting in the lobby by the man desk. Take your time.

Get Outlook for iOS <https://aka.ms/o0ukef> 
________________________________

From: Mufengi, Austin <austin.mufengi@jpmchase.com>
Sent: Monday, February 2, 2026 10:28:59 AM
To: Graham Mills <graham.mills@duke.edu>
Subject: RE: [EXTERNAL]Duke Student Visit - Follow Up 
 

Hi Graham – still good to meet  my end. See you then.

 

Austin Mufengi | Structured Investments | J.P. Morgan | 270 Park Avenue, 5th Floor, New York, NY 10179 | T: +1 (212) 622-2623 | austin.mufengi@jpmchase.com

 

From: Graham Mills <graham.mills@duke.edu> 
Sent: Monday, February 02, 2026 10:25 AM
To: Mufengi, Austin (CIB S&M, USA) <austin.mufengi@jpmchase.com>
Subject: Re: [EXTERNAL]Duke Student Visit - Follow Up

 

Hey Austin,

 

Are you still available at 4:30 pm today? Just let me know.

 

Best,

Graham

________________________________

From: Graham Mills <graham.mills@duke.edu <mailto:graham.mills@duke.edu> >
Sent: Saturday, January 24, 2026 10:58 PM
To: Mufengi, Austin <austin.mufengi@jpmchase.com <mailto:austin.mufengi@jpmchase.com> >
Subject: Re: [EXTERNAL]Duke Student Visit - Follow Up 

 

Sounds good. I'll check back in with you that morning.

________________________________

From: Mufengi, Austin <austin.mufengi@jpmchase.com <mailto:austin.mufengi@jpmchase.com> >
Sent: Friday, January 23, 2026 6:13 PM
To: Graham Mills <graham.mills@duke.edu <mailto:graham.mills@duke.edu> >
Subject: RE: [EXTERNAL]Duke Student Visit - Follow Up 

 

That works. Lets meet up in the office.

 

Austin Mufengi | Structured Investments | J.P. Morgan | 270 Park Avenue, 5th Floor, New York, NY 10179 | T: +1 (212) 622-2623 | austin.mufengi@jpmchase.com <mailto:austin.mufengi@jpmchase.com> 

 

From: Graham Mills <graham.mills@duke.edu <mailto:graham.mills@duke.edu> > 
Sent: Friday, January 23, 2026 3:20 PM
To: Mufengi, Austin (CIB S&M, USA) <austin.mufengi@jpmchase.com <mailto:austin.mufengi@jpmchase.com> >
Subject: Re: [EXTERNAL]Duke Student Visit - Follow Up

 

Hey Austin,

 

Thanks for getting back to me. Does 4:30 pm Monday, February 2, work for you? Also, would you prefer I meet you by the office or over phone? Just let me know.

 

Best,

Graham

________________________________

From: Mufengi, Austin <austin.mufengi@jpmchase.com <mailto:austin.mufengi@jpmchase.com> >
Sent: Friday, January 23, 2026 2:41 PM
To: Graham Mills <graham.mills@duke.edu <mailto:graham.mills@duke.edu> >
Subject: RE: [EXTERNAL]Duke Student Visit - Follow Up 

 

Hi Graham – of course. My calendar is packed next week so let’s aim for the first week of February. Let me know if anything works post 4pm  Feb 2 – 4.

 

Austin Mufengi | Structured Investments | J.P. Morgan | 270 Park Avenue, 5th Floor, New York, NY 10179 | T: +1 (212) 622-2623 | austin.mufengi@jpmchase.com <mailto:austin.mufengi@jpmchase.com> 

 

From: Graham Mills <graham.mills@duke.edu <mailto:graham.mills@duke.edu> > 
Sent: Thursday, January 22, 2026 8:30 AM
To: Mufengi, Austin (CIB S&M, USA) <austin.mufengi@jpmchase.com <mailto:austin.mufengi@jpmchase.com> >
Subject: [EXTERNAL]Duke Student Visit - Follow Up

 

Hi Austin,

 

I had a great time talking to you at the Duke event yesterday. I enjoyed learning about your team and the more unique products you work with.

 

With that said, I'm interested in learning more and exploring more about the equity derivatives team and your specific role on it. Are you available for a quick coffee or phone call? Just let me know what works for you and we can schedule something.

 

Best,

Graham

This message is confidential and subject to terms at: https://www.jpmorgan.com/emaildisclaimer <https://nam11.safelinks.protection.outlook.com/?url=https%3A%2F%2Fwww.jpmorgan.com%2Femaildisclaimer&data=05%7C02%7Cgraham.mills%40duke.edu%7C3e7c409ee8aa470a0ade08de626fd1a2%7Ccb72c54e4a314d9eb14a1ea36dfac94c%7C0%7C0%7C639056429612910348%7CUnknown%7CTWFpbGZsb3d8eyJFbXB0eU1hcGkiOnRydWUsIlYiOiIwLjAuMDAwMCIsIlAiOiJXaW4zMiIsIkFOIjoiTWFpbCIsIldUIjoyfQ%3D%3D%7C0%7C%7C%7C&sdata=gZzpJMha8qdLm3vrCVT2cidR324VCzUtnvgHMApaY0c%3D&reserved=0>  including on confidential, privileged or legal entity information, malicious content and monitoring of electronic messages. If you are not the intended recipient, please delete this message and notify the sender immediately. Any unauthorized use is strictly prohibited.

This message is confidential and subject to terms at: https://www.jpmorgan.com/emaildisclaimer <https://nam11.safelinks.protection.outlook.com/?url=https%3A%2F%2Fwww.jpmorgan.com%2Femaildisclaimer&data=05%7C02%7Cgraham.mills%40duke.edu%7C3e7c409ee8aa470a0ade08de626fd1a2%7Ccb72c54e4a314d9eb14a1ea36dfac94c%7C0%7C0%7C639056429612952001%7CUnknown%7CTWFpbGZsb3d8eyJFbXB0eU1hcGkiOnRydWUsIlYiOiIwLjAuMDAwMCIsIlAiOiJXaW4zMiIsIkFOIjoiTWFpbCIsIldUIjoyfQ%3D%3D%7C0%7C%7C%7C&sdata=1fBar624SgHvI4%2FXXcuGr31UGT8FIbr42t08uJFY5Jo%3D&reserved=0>  including on confidential, privileged or legal entity information, malicious content and monitoring of electronic messages. If you are not the intended recipient, please delete this message and notify the sender immediately. Any unauthorized use is strictly prohibited.

This message is confidential and subject to terms at: https://www.jpmorgan.com/emaildisclaimer including on confidential, privileged or legal entity information, malicious content and monitoring of electronic messages. If you are not the intended recipient, please delete this message and notify the sender immediately. Any unauthorized use is strictly prohibited.

","Graham Mills","/o=ExchangeLabs/ou=Exchange Administrative Group (FYDIBOHF23SPDLT)/cn=Recipients/cn=db3bfe3506794f919ac1e0bca73ab3a9-a02bfddf-ef","EX","Mufengi, Austin","austin.mufengi@jpmchase.com","SMTP",,,,,,,,,"Normal",,"Normal"
"Re: [EXTERNAL]Duke Student Visit - Follow Up","Hey Austin,

Are you still available at 4:30 pm today? Just let me know.

Best,
Graham
________________________________

From: Graham Mills <graham.mills@duke.edu>
Sent: Saturday, January 24, 2026 10:58 PM
To: Mufengi, Austin <austin.mufengi@jpmchase.com>
Subject: Re: [EXTERNAL]Duke Student Visit - Follow Up 
 
Sounds good. I'll check back in with you that morning.
________________________________

From: Mufengi, Austin <austin.mufengi@jpmchase.com>
Sent: Friday, January 23, 2026 6:13 PM
To: Graham Mills <graham.mills@duke.edu>
Subject: RE: [EXTERNAL]Duke Student Visit - Follow Up 
 

That works. Lets meet up in the office.

 

Austin Mufengi | Structured Investments | J.P. Morgan | 270 Park Avenue, 5th Floor, New York, NY 10179 | T: +1 (212) 622-2623 | austin.mufengi@jpmchase.com

 

From: Graham Mills <graham.mills@duke.edu> 
Sent: Friday, January 23, 2026 3:20 PM
To: Mufengi, Austin (CIB S&M, USA) <austin.mufengi@jpmchase.com>
Subject: Re: [EXTERNAL]Duke Student Visit - Follow Up

 

Hey Austin,

 

Thanks for getting back to me. Does 4:30 pm Monday, February 2, work for you? Also, would you prefer I meet you by the office or over phone? Just let me know.

 

Best,

Graham

________________________________

From: Mufengi, Austin <austin.mufengi@jpmchase.com>
Sent: Friday, January 23, 2026 2:41 PM
To: Graham Mills <graham.mills@duke.edu>
Subject: RE: [EXTERNAL]Duke Student Visit - Follow Up 

 

Hi Graham – of course. My calendar is packed next week so let’s aim for the first week of February. Let me know if anything works post 4pm  Feb 2 – 4.

 

Austin Mufengi | Structured Investments | J.P. Morgan | 270 Park Avenue, 5th Floor, New York, NY 10179 | T: +1 (212) 622-2623 | austin.mufengi@jpmchase.com

 

From: Graham Mills <graham.mills@duke.edu> 
Sent: Thursday, January 22, 2026 8:30 AM
To: Mufengi, Austin (CIB S&M, USA) <austin.mufengi@jpmchase.com>
Subject: [EXTERNAL]Duke Student Visit - Follow Up

 

Hi Austin,

 

I had a great time talking to you at the Duke event yesterday. I enjoyed learning about your team and the more unique products you work with.

 

With that said, I'm interested in learning more and exploring more about the equity derivatives team and your specific role on it. Are you available for a quick coffee or phone call? Just let me know what works for you and we can schedule something.

 

Best,

Graham

This message is confidential and subject to terms at: https://www.jpmorgan.com/emaildisclaimer including on confidential, privileged or legal entity information, malicious content and monitoring of electronic messages. If you are not the intended recipient, please delete this message and notify the sender immediately. Any unauthorized use is strictly prohibited.

This message is confidential and subject to terms at: https://www.jpmorgan.com/emaildisclaimer including on confidential, privileged or legal entity information, malicious content and monitoring of electronic messages. If you are not the intended recipient, please delete this message and notify the sender immediately. Any unauthorized use is strictly prohibited.

","Graham Mills","/o=ExchangeLabs/ou=Exchange Administrative Group (FYDIBOHF23SPDLT)/cn=Recipients/cn=db3bfe3506794f919ac1e0bca73ab3a9-a02bfddf-ef","EX","Mufengi, Austin","austin.mufengi@jpmchase.com","SMTP",,,,,,,,,"Normal",,"Normal"
"Re: ***RESPONSE REQUESTED*** Truist 2027 Wholesale Credit Delivery - Asset Based Lending - Summer Analyst Program","Hi Letitia,

I am available on Wednesday from anytime from 12 pm to 2 pm and from 2:30 pm to 6:00 pm for a call. Just keep me posted on when you decide to schedule me.

Best,
Graham Mills
________________________________

From: WholesaleEarlyCareers <WholesaleEarlyCareers@truist.com>
Sent: Saturday, January 31, 2026 4:38 PM
To: White, Letitia <Letitia.P.White@truist.com>
Subject: RE: ***RESPONSE REQUESTED*** Truist 2027 Wholesale Credit Delivery - Asset Based Lending - Summer Analyst Program 
 

Phone interviews are taking place on Wednesday, February 4th. Apologies for the mistake in the third paragraph that mentions Thursday.

 

Please reply all when your send in your availability. No need to resend your availability if you have already done so. It has been documented.

 

Letitia

 

Letitia P. Bethel-White

Assistant Vice President

University Relations Recruiter / Truist Bank

2017 Platinum Performance Excellence Award Winner

Financial Fitness Program Graduate

303 Peachtree St, Atlanta, GA 30308

Office: 404-813-2418 

letitia.p.white@truist.com <mailto:letitia.p.white@truist.com> 

LinkedIn: Letitia Bethel-White <https://nam11.safelinks.protection.outlook.com/?url=https%3A%2F%2Fwww.linkedin.com%2Fin%2Fletitia-bethel-white-3b4725187%3Flipi%3Durn%253Ali%253Apage%253Ad_flagship3_profile_view_base_contact_details%253BEiecAF4pQ%252FWR%252BTBKz3YouA%253D%253D&data=05%7C02%7Cgraham.mills%40duke.edu%7C6279d22450854fd16be408de61111748%7Ccb72c54e4a314d9eb14a1ea36dfac94c%7C0%7C0%7C639054923215231047%7CUnknown%7CTWFpbGZsb3d8eyJFbXB0eU1hcGkiOnRydWUsIlYiOiIwLjAuMDAwMCIsIlAiOiJXaW4zMiIsIkFOIjoiTWFpbCIsIldUIjoyfQ%3D%3D%7C0%7C%7C%7C&sdata=rd4qb%2BT2Q%2FYVz3oldmWDkLP9%2FQkkKTffm3mQVkpVOVs%3D&reserved=0> 



It’s Spring Recruiting Season!! I appreciate your patience with my response time.  In order to remain fully engaged with our recruiting processes, my email monitoring will be delayed. If you have a pressing matter that requires my immediate attention, please use **URGENT** in the subject line and/or reach out to our HR Coordinator Lexi Perez at Lexi.Perez@truist.com <mailto:Lexi.Perez@truist.com> . 

 

From: WholesaleEarlyCareers <WholesaleEarlyCareers@truist.com> 
Sent: Saturday, January 31, 2026 4:13 PM
To: White, Letitia <Letitia.P.White@truist.com>
Subject: ***RESPONSE REQUESTED*** Truist 2027 Wholesale Credit Delivery - Asset Based Lending - Summer Analyst Program
Importance: High

 



 

 

Wholesale Banking Talent Development Programs & Early Career Recruiting Team

2027 Wholesale Credit Delivery – Asset Based Lending – Summer Analyst Program

 

Congratulations! 

 

You’ve been selected to participate in a first round phone interview for the Wholesale Credit Delivery – Asset Based Lending (ABL) – Summer Analyst Program (Internship).

 

Phone interviews will be held on Wednesday, February 4th between 9:00 AM and 5:00 PM EST.

 

The format of the interview will be one 30-minute phone interview with a member of the ABL team. Please reply all to this email by 11:59 PM EST on Sunday, February 1st to confirm your interest in moving forward with this interview process and to inform us of any time(s) you are NOT available on Thursday. You will receive your interview schedule by 3:00 PM EST on Tuesday, February 3rd. Please contact both Letitia Bethel-White and Lexi Perez if it is not received by that time,

 

After first round interviews, select candidates will be chosen to advance to a virtual Super Day taking place on Tuesday, February 10th. If you do not receive an invitation to participate in the Super Day, it means you were not selected to move forward in the process. A formal notification regarding this decision will be sent out at a later date.

 

Please let us know if you are no longer interested in this position so that we can remove you from the candidate pool.

 

At this time, Truist will not sponsor an applicant for employment authorization, nor will we offer any immigration-related support for this position (including H-1B, F-1 OPT, F-1 STEM OPT, F-1 CPT, J-1, TN-1 or TN-2, E-3, or sponsorship for U.S. permanent residence.)

 

Do not hesitate to reach out should you have any questions or concerns.

 

Thank you,

 

Wholesale Banking Recruiting Team

 

 

Wholesale Banking Recruiting Team

 

Letitia P. Bethel-White,  University Recruiter

Letitia.P.White@Truist.com <mailto:Letitia.P.White@Truist.com>  

Phone: 404-813-2418

 

Lexi Perez, University Recruiting Coordinator

Lexi.Perez@Truist.com <mailto:Lexi.Perez@Truist.com> 

 

 

 

 

 

 

 

 

 

 

 

 

 

 

 

 

 

 

 

 

 

 

 

 

 

 

 

 

 

 

 

 

 

 

 

 

 

 

 

 

 

 

 

 

 

 

 

 

 

 

 

 

 

 

 

 

 

 

 

 

 

 

 

 

 

 

 

Letitia

 

Letitia P. Bethel-White

Assistant Vice President

University Relations Recruiter / Truist Bank

2017 Platinum Performance Excellence Award Winner

Financial Fitness Program Graduate

303 Peachtree St, Atlanta, GA 30308

Office: 404-813-2418 

letitia.p.white@truist.com <mailto:letitia.p.white@truist.com> 

LinkedIn: Letitia Bethel-White <https://nam11.safelinks.protection.outlook.com/?url=https%3A%2F%2Fwww.linkedin.com%2Fin%2Fletitia-bethel-white-3b4725187%3Flipi%3Durn%253Ali%253Apage%253Ad_flagship3_profile_view_base_contact_details%253BEiecAF4pQ%252FWR%252BTBKz3YouA%253D%253D&data=05%7C02%7Cgraham.mills%40duke.edu%7C6279d22450854fd16be408de61111748%7Ccb72c54e4a314d9eb14a1ea36dfac94c%7C0%7C0%7C639054923215262379%7CUnknown%7CTWFpbGZsb3d8eyJFbXB0eU1hcGkiOnRydWUsIlYiOiIwLjAuMDAwMCIsIlAiOiJXaW4zMiIsIkFOIjoiTWFpbCIsIldUIjoyfQ%3D%3D%7C0%7C%7C%7C&sdata=HUNjtCv%2BLWstqexFXLj7K7KaP0YXbb2j0ERC7Ertu0M%3D&reserved=0> 



It’s Spring Recruiting Season!! I appreciate your patience with my response time.  In order to remain fully engaged with our recruiting processes, my email monitoring will be delayed. If you have a pressing matter that requires my immediate attention, please use **URGENT** in the subject line and/or reach out to our HR Coordinator Lexi Perez at Lexi.Perez@truist.com <mailto:Lexi.Perez@truist.com> . 

 



The information transmitted is intended solely for the individual or entity to which it is addressed and may contain confidential and/or privileged material. Any review, retransmission, dissemination or other use of or taking action in reliance upon this information by persons or entities other than the intended recipient is prohibited. If you have received this email in error please contact the sender and delete the material from any computer. 



The information transmitted is intended solely for the individual or entity to which it is addressed and may contain confidential and/or privileged material. Any review, retransmission, dissemination or other use of or taking action in reliance upon this information by persons or entities other than the intended recipient is prohibited. If you have received this email in error please contact the sender and delete the material from any computer. 
","Graham Mills","/o=ExchangeLabs/ou=Exchange Administrative Group (FYDIBOHF23SPDLT)/cn=Recipients/cn=db3bfe3506794f919ac1e0bca73ab3a9-a02bfddf-ef","EX","WholesaleEarlyCareers;White, Letitia","WholesaleEarlyCareers@truist.com;Letitia.P.White@truist.com","SMTP;SMTP",,,,,,,,,"Normal",,"Normal"
"Re: Duke Student - Battery Interest","Hey Jordan - my resume is attached as requested.

Thanks again for speaking with me.

Best,
Graham
________________________________

From: Jordan Bernstein <jbernstein@battery.com>
Sent: Saturday, January 31, 2026 2:48 PM
To: Graham Mills <graham.mills@duke.edu>
Subject: Re: Duke Student - Battery Interest 
 
Hey Graham - join that link I just sent over 


 <https://r.superhuman.com/4-hYguyyCQ1DvY_EpdkhNTlJRHGrFMats4-ATbbkA3a86c2Dk5B3YBAxyQDSMBJvDuENvvoovkXvJssv3tR-8XINRKgJSF1lDiOmJwLZpaiQcmZdbGgMiMEUd-ncNW4vSLpr5snaWTWXduMifboqhqo2ZbMJg_6XMnWMn9EqrFD_FOOKOSApir1F8FQg-_BaXZ5V7nlYZt4.gif> 

--

Jordan Bernstein

Battery Ventures | Calendly <https://nam11.safelinks.protection.outlook.com/?url=https%3A%2F%2Fcalendly.com%2Fjbernstein-battery%2F30min&data=05%7C02%7Cgraham.mills%40duke.edu%7Cdc0796ecef0449e45e2c08de6101a73e%7Ccb72c54e4a314d9eb14a1ea36dfac94c%7C0%7C0%7C639054856914906052%7CUnknown%7CTWFpbGZsb3d8eyJFbXB0eU1hcGkiOnRydWUsIlYiOiIwLjAuMDAwMCIsIlAiOiJXaW4zMiIsIkFOIjoiTWFpbCIsIldUIjoyfQ%3D%3D%7C0%7C%7C%7C&sdata=J4lOTR7l1lpf3Ux2BIfsQ7RUtDLGpi%2Fy6D3P5oe%2Fp64%3D&reserved=0> 

+1 (415) 426-5935



On Sat, Jan 31, 2026 at 10:03 AM, Graham Mills <graham.mills@duke.edu <mailto:graham.mills@duke.edu> > wrote:


	That works for me. See you then.
________________________________

	From: Jordan Bernstein <jbernstein@battery.com <mailto:jbernstein@battery.com> >
	Sent: Saturday, January 31, 2026 12:15 PM
	To: Graham Mills <graham.mills@duke.edu <mailto:graham.mills@duke.edu> >
	Subject: Re: Duke Student - Battery Interest 
	 
	Hey Graham, any chance you can do 11:45 PT?
	


	--
	
	Jordan Bernstein
	
	Battery Ventures | Calendly <https://nam11.safelinks.protection.outlook.com/?url=https%3A%2F%2Fcalendly.com%2Fjbernstein-battery%2F30min&data=05%7C02%7Cgraham.mills%40duke.edu%7Cdc0796ecef0449e45e2c08de6101a73e%7Ccb72c54e4a314d9eb14a1ea36dfac94c%7C0%7C0%7C639054856914924126%7CUnknown%7CTWFpbGZsb3d8eyJFbXB0eU1hcGkiOnRydWUsIlYiOiIwLjAuMDAwMCIsIlAiOiJXaW4zMiIsIkFOIjoiTWFpbCIsIldUIjoyfQ%3D%3D%7C0%7C%7C%7C&sdata=S72KVbyxeLOoXftHW4eOarPVPxnTBYdNIMbLetXASlI%3D&reserved=0> 
	
	+1 (415) 426-5935
	


	On Fri, Jan 30, 2026 at 10:03 AM, Graham Mills <graham.mills@duke.edu <mailto:graham.mills@duke.edu> > wrote:
	

		Just saw the calendar invite, that’s perfect.

		Get Outlook for iOS <https://nam11.safelinks.protection.outlook.com/?url=https%3A%2F%2Faka.ms%2Fo0ukef&data=05%7C02%7Cgraham.mills%40duke.edu%7Cdc0796ecef0449e45e2c08de6101a73e%7Ccb72c54e4a314d9eb14a1ea36dfac94c%7C0%7C0%7C639054856914936073%7CUnknown%7CTWFpbGZsb3d8eyJFbXB0eU1hcGkiOnRydWUsIlYiOiIwLjAuMDAwMCIsIlAiOiJXaW4zMiIsIkFOIjoiTWFpbCIsIldUIjoyfQ%3D%3D%7C0%7C%7C%7C&sdata=0HeI41Vj7LZHnJBX5e3QNg1YwhSVko6E%2FcrcrVCaLQQ%3D&reserved=0> 
________________________________

		From: Graham Mills <graham.mills@duke.edu <mailto:graham.mills@duke.edu> >
		Sent: Friday, January 30, 2026 1:00:13 PM
		To: Jordan Bernstein <jbernstein@battery.com <mailto:jbernstein@battery.com> >
		Subject: Re: Duke Student - Battery Interest 
		 
		That actually works great for me. Just let me know what time. Talk to you then.

		Get Outlook for iOS <https://nam11.safelinks.protection.outlook.com/?url=https%3A%2F%2Faka.ms%2Fo0ukef&data=05%7C02%7Cgraham.mills%40duke.edu%7Cdc0796ecef0449e45e2c08de6101a73e%7Ccb72c54e4a314d9eb14a1ea36dfac94c%7C0%7C0%7C639054856914947446%7CUnknown%7CTWFpbGZsb3d8eyJFbXB0eU1hcGkiOnRydWUsIlYiOiIwLjAuMDAwMCIsIlAiOiJXaW4zMiIsIkFOIjoiTWFpbCIsIldUIjoyfQ%3D%3D%7C0%7C%7C%7C&sdata=uV13yONHvG%2FMhDSzf7mrHjBpDIkpw8Q3FKhlp0%2FGy%2BU%3D&reserved=0> 
________________________________

		From: Jordan Bernstein <jbernstein@battery.com <mailto:jbernstein@battery.com> >
		Sent: Friday, January 30, 2026 11:47:45 AM
		To: Graham Mills <graham.mills@duke.edu <mailto:graham.mills@duke.edu> >
		Subject: Re: Duke Student - Battery Interest 
		 
		Hey Graham - a couple urgent things came up so I needed to move our call to tomorrow. Let me know if that works?
		

		--
		
		Jordan Bernstein
		
		Battery Ventures | Calendly <https://nam11.safelinks.protection.outlook.com/?url=https%3A%2F%2Fcalendly.com%2Fjbernstein-battery%2F30min&data=05%7C02%7Cgraham.mills%40duke.edu%7Cdc0796ecef0449e45e2c08de6101a73e%7Ccb72c54e4a314d9eb14a1ea36dfac94c%7C0%7C0%7C639054856914959054%7CUnknown%7CTWFpbGZsb3d8eyJFbXB0eU1hcGkiOnRydWUsIlYiOiIwLjAuMDAwMCIsIlAiOiJXaW4zMiIsIkFOIjoiTWFpbCIsIldUIjoyfQ%3D%3D%7C0%7C%7C%7C&sdata=7GAuFeKyiBsTg9eybxD8NcO9UQ%2BuDMZEdW%2FEu9P4R1k%3D&reserved=0> 
		
		+1 (415) 426-5935
		


		On Fri, Jan 23, 2026 at 10:31 AM, Jordan Bernstein <jbernstein@battery.com <mailto:jbernstein@battery.com> > wrote:
		

			No worries

			--
			
			Jordan Bernstein
			
			Battery Ventures | Calendly <https://nam11.safelinks.protection.outlook.com/?url=https%3A%2F%2Fcalendly.com%2Fjbernstein-battery%2F30min&data=05%7C02%7Cgraham.mills%40duke.edu%7Cdc0796ecef0449e45e2c08de6101a73e%7Ccb72c54e4a314d9eb14a1ea36dfac94c%7C0%7C0%7C639054856914969758%7CUnknown%7CTWFpbGZsb3d8eyJFbXB0eU1hcGkiOnRydWUsIlYiOiIwLjAuMDAwMCIsIlAiOiJXaW4zMiIsIkFOIjoiTWFpbCIsIldUIjoyfQ%3D%3D%7C0%7C%7C%7C&sdata=igAUXHSv%2FSawkjbWZ7x5i4k8WihQiGfWV69WSsofQ0o%3D&reserved=0> 
			
			+1 (415) 426-5935
			


			On Fri, Jan 23, 2026 at 10:25 AM, Graham Mills <graham.mills@duke.edu <mailto:graham.mills@duke.edu> > wrote:
			

				Sorry about that. I'll cancel what I sent and accept your invite.
________________________________

				From: Jordan Bernstein <jbernstein@battery.com <mailto:jbernstein@battery.com> >
				Sent: Friday, January 23, 2026 1:23 PM
				To: Graham Mills <graham.mills@duke.edu <mailto:graham.mills@duke.edu> >
				Subject: Re: Duke Student - Battery Interest 
				 
				Sorry Graham, I mean in PST. I'll send you an invite.

				--
				
				Jordan Bernstein
				
				Battery Ventures | Calendly <https://nam11.safelinks.protection.outlook.com/?url=https%3A%2F%2Fcalendly.com%2Fjbernstein-battery%2F30min&data=05%7C02%7Cgraham.mills%40duke.edu%7Cdc0796ecef0449e45e2c08de6101a73e%7Ccb72c54e4a314d9eb14a1ea36dfac94c%7C0%7C0%7C639054856914980760%7CUnknown%7CTWFpbGZsb3d8eyJFbXB0eU1hcGkiOnRydWUsIlYiOiIwLjAuMDAwMCIsIlAiOiJXaW4zMiIsIkFOIjoiTWFpbCIsIldUIjoyfQ%3D%3D%7C0%7C%7C%7C&sdata=q9tdBWKi7nY%2FVfkTB1bW0sB%2FZGLeq1aNMQ1%2ByPc%2BujQ%3D&reserved=0> 
				
				+1 (415) 426-5935
				


				On Fri, Jan 23, 2026 at 10:21 AM, Graham Mills <graham.mills@duke.edu <mailto:graham.mills@duke.edu> > wrote:
				

					That's perfect. I'll send a calendar invite.
________________________________

					From: Jordan Bernstein <jbernstein@battery.com <mailto:jbernstein@battery.com> >
					Sent: Friday, January 23, 2026 1:08 PM
					To: Graham Mills <graham.mills@duke.edu <mailto:graham.mills@duke.edu> >
					Subject: Re: Duke Student - Battery Interest 
					 
					Zoom or phone call is best. Next friday at 10:15 PST work?
					


					--
					
					Jordan Bernstein
					
					Battery Ventures | Calendly <https://nam11.safelinks.protection.outlook.com/?url=https%3A%2F%2Fcalendly.com%2Fjbernstein-battery%2F30min&data=05%7C02%7Cgraham.mills%40duke.edu%7Cdc0796ecef0449e45e2c08de6101a73e%7Ccb72c54e4a314d9eb14a1ea36dfac94c%7C0%7C0%7C639054856914991852%7CUnknown%7CTWFpbGZsb3d8eyJFbXB0eU1hcGkiOnRydWUsIlYiOiIwLjAuMDAwMCIsIlAiOiJXaW4zMiIsIkFOIjoiTWFpbCIsIldUIjoyfQ%3D%3D%7C0%7C%7C%7C&sdata=0BNHkoFw79xXl5Zb40F%2FOpLpZXgBKe35sCjKk6DKKtg%3D&reserved=0> 
					
					+1 (415) 426-5935
					


					On Fri, Jan 23, 2026 at 9:49 AM, Graham Mills <graham.mills@duke.edu <mailto:graham.mills@duke.edu> > wrote:
					

					Hi Jordan,

					Thank for getting back to me. I’d love to learn more about the growth team and I can come ready with companies to discuss.

					How would you prefer to meet? I can meet you by your office or over phone. Just let me know and we can get something scheduled.

					Graham

					Get Outlook for iOS <https://nam11.safelinks.protection.outlook.com/?url=https%3A%2F%2Faka.ms%2Fo0ukef&data=05%7C02%7Cgraham.mills%40duke.edu%7Cdc0796ecef0449e45e2c08de6101a73e%7Ccb72c54e4a314d9eb14a1ea36dfac94c%7C0%7C0%7C639054856915003063%7CUnknown%7CTWFpbGZsb3d8eyJFbXB0eU1hcGkiOnRydWUsIlYiOiIwLjAuMDAwMCIsIlAiOiJXaW4zMiIsIkFOIjoiTWFpbCIsIldUIjoyfQ%3D%3D%7C0%7C%7C%7C&sdata=l1ilbT5dCxxewnHjJE7tkdzdiT%2BDCoEiZeCEWTKffRc%3D&reserved=0> 
________________________________

					From: Jordan Bernstein <jbernstein@battery.com <mailto:jbernstein@battery.com> >
					Sent: Friday, January 23, 2026 12:22:41 PM
					To: Graham Mills <graham.mills@duke.edu <mailto:graham.mills@duke.edu> >
					Subject: Re: Duke Student - Battery Interest 
					 
					Hi Graham,
					

					Glad to connect and would be happy to find 10 minutes. I'm on the growth team (not the VC team), meaning we invest in mostly bootstrapped (unfunded) software companies that are growing 30-50% per year (versus VC which invest in companies growing 2-3x / year with much funding). A lot of what we do here is sourcing - basically searching online for the next great growth stage software business.
					

					Happy to set up time in the next couple weeks - can you come ready to talk about 3 software companies you think we might not know about that would make great investments for our team? Our portfolio is on our website if you're looking for inspiration.
					

					Best,
					
					Jordan 
					

					--
					
					Jordan Bernstein
					
					Battery Ventures | Calendly <https://nam11.safelinks.protection.outlook.com/?url=https%3A%2F%2Fcalendly.com%2Fjbernstein-battery%2F30min&data=05%7C02%7Cgraham.mills%40duke.edu%7Cdc0796ecef0449e45e2c08de6101a73e%7Ccb72c54e4a314d9eb14a1ea36dfac94c%7C0%7C0%7C639054856915014421%7CUnknown%7CTWFpbGZsb3d8eyJFbXB0eU1hcGkiOnRydWUsIlYiOiIwLjAuMDAwMCIsIlAiOiJXaW4zMiIsIkFOIjoiTWFpbCIsIldUIjoyfQ%3D%3D%7C0%7C%7C%7C&sdata=SNM2NxaaJqJC1PoeSbFkVG3%2BL5gXVf2bguM8ewuyoZM%3D&reserved=0> 
					
					+1 (415) 426-5935
					


					On Fri, Jan 23, 2026 at 7:30 AM, Graham Mills <graham.mills@duke.edu <mailto:graham.mills@duke.edu> > wrote:
					

					Hi Jordan,
					Hope you're having a good week. I just wanted to reach out and let you know I recently submitted my application for the 2027 Summer Investment Internship position at Battery.
					I've been following Battery’s work in the VC space for a while and would love to chat if you have a few minutes down the road. Either way, thanks for your time!
					Best,
					Graham Mills



					
					Confidentiality Statement: All incoming and outgoing email is monitored and archived. This e-mail message, and all attachments, may contain legally privileged or confidential information intended solely for the use of the individual, agent, or entity named in the e-mail. If you are not a designated recipient, you may not review, copy or distribute this message. If you receive this in error, please notify the sender by reply e-mail and delete this message. If you are an individual in the European Union, a California resident, or a job applicant, please refer to the applicable privacy notice here <https://nam11.safelinks.protection.outlook.com/?url=https%3A%2F%2Fwww.battery.com%2Fprivacy-policy%2F&data=05%7C02%7Cgraham.mills%40duke.edu%7Cdc0796ecef0449e45e2c08de6101a73e%7Ccb72c54e4a314d9eb14a1ea36dfac94c%7C0%7C0%7C639054856915025615%7CUnknown%7CTWFpbGZsb3d8eyJFbXB0eU1hcGkiOnRydWUsIlYiOiIwLjAuMDAwMCIsIlAiOiJXaW4zMiIsIkFOIjoiTWFpbCIsIldUIjoyfQ%3D%3D%7C0%7C%7C%7C&sdata=w2BkJGNa4czecGMHMN%2BKA2pOpDusPDE0ygcm2ZSsC2A%3D&reserved=0> . This email may be produced at the request of regulators or in connection with civil litigation.
					Consent to AI Notetaking: Please note that Battery Ventures may utilize AI notetaking tools during meetings. If you do not consent to the use of AI notetaking tools, please inform your contact at Battery Ventures. Otherwise, your participation in such meetings will be taken as consent to use AI notetaking tools.


","Graham Mills","/o=ExchangeLabs/ou=Exchange Administrative Group (FYDIBOHF23SPDLT)/cn=Recipients/cn=db3bfe3506794f919ac1e0bca73ab3a9-a02bfddf-ef","EX","Jordan Bernstein","jbernstein@battery.com","SMTP",,,,,,,,,"Normal",,"Normal"
"Graham <> Jordan","
________________________________________________________________________________
Microsoft Teams meeting 
Join: https://teams.microsoft.com/meet/23969362961147?p=frULZpZSDuvFVQP2ER 
Meeting ID: 239 693 629 611 47 
Passcode: ai2fj2Kr 
________________________________

Need help? <https://aka.ms/JoinTeamsMeeting?omkt=en-US>  | System reference <https://teams.microsoft.com/l/meetup-join/19%3ameeting_NTJiOGNkZTktMjY2OC00MGQ4LTkzYWYtMmI5MWE0NGQ5OTdi%40thread.v2/0?context=%7b%22Tid%22%3a%22cb72c54e-4a31-4d9e-b14a-1ea36dfac94c%22%2c%22Oid%22%3a%22a02bfddf-ef44-482a-8e52-fc6401f3d288%22%7d>  
For organizers: Meeting options <https://teams.microsoft.com/meetingOptions/?organizerId=a02bfddf-ef44-482a-8e52-fc6401f3d288&tenantId=cb72c54e-4a31-4d9e-b14a-1ea36dfac94c&threadId=19_meeting_NTJiOGNkZTktMjY2OC00MGQ4LTkzYWYtMmI5MWE0NGQ5OTdi@thread.v2&messageId=0&language=en-US>  
________________________________________________________________________________
","Graham Mills","/o=ExchangeLabs/ou=Exchange Administrative Group (FYDIBOHF23SPDLT)/cn=Recipients/cn=db3bfe3506794f919ac1e0bca73ab3a9-a02bfddf-ef","EX","Jordan Bernstein","jbernstein@battery.com","SMTP",,,,,,,,,"Normal",,"Normal"
"Declined: Graham <> Jordan","","Graham Mills","/O=EXCHANGELABS/OU=EXCHANGE ADMINISTRATIVE GROUP (FYDIBOHF23SPDLT)/CN=RECIPIENTS/CN=DB3BFE3506794F919AC1E0BCA73AB3A9-A02BFDDF-EF","EX","Jordan Bernstein","jbernstein@battery.com","SMTP",,,,,,,,,"Normal",,"Normal"
"Graham <> Jordan","","Graham Mills","/o=ExchangeLabs/ou=Exchange Administrative Group (FYDIBOHF23SPDLT)/cn=Recipients/cn=db3bfe3506794f919ac1e0bca73ab3a9-a02bfddf-ef","EX","Jordan Bernstein","jbernstein@battery.com","SMTP",,,,,,,,,"Normal",,"Normal"
"Re: Duke Student - Battery Interest","That works for me. See you then.
________________________________

From: Jordan Bernstein <jbernstein@battery.com>
Sent: Saturday, January 31, 2026 12:15 PM
To: Graham Mills <graham.mills@duke.edu>
Subject: Re: Duke Student - Battery Interest 
 
Hey Graham, any chance you can do 11:45 PT?


 <https://r.superhuman.com/QQR3yeD0fzcSEWkqGqTwXWB3GU9ZAAznEBwmliBvZK6gmvhpzNKLXyTJWW57ztbQuNNsUIu9bZyXQC8BXaYs9ykwtvC2ydfPFDo7kh0QWTevmngVZP6DqwpnsAqHa2XgP-RgPfyYgcRBPnlH3U-wcUpZXWHOPCuHBg4my_Uvi_e9wXtE-3LY3nhAHQo3SdQSG43K-DD5jNE.gif> 

--

Jordan Bernstein

Battery Ventures | Calendly <https://nam11.safelinks.protection.outlook.com/?url=https%3A%2F%2Fcalendly.com%2Fjbernstein-battery%2F30min&data=05%7C02%7Cgraham.mills%40duke.edu%7Ca5244505acd44d693b9108de60ec511b%7Ccb72c54e4a314d9eb14a1ea36dfac94c%7C0%7C0%7C639054765285066010%7CUnknown%7CTWFpbGZsb3d8eyJFbXB0eU1hcGkiOnRydWUsIlYiOiIwLjAuMDAwMCIsIlAiOiJXaW4zMiIsIkFOIjoiTWFpbCIsIldUIjoyfQ%3D%3D%7C0%7C%7C%7C&sdata=w2LBY6dwx8opj6q4wcKr%2F2xX%2Ff8rAUC7wsXBqEebMtI%3D&reserved=0> 

+1 (415) 426-5935



On Fri, Jan 30, 2026 at 10:03 AM, Graham Mills <graham.mills@duke.edu <mailto:graham.mills@duke.edu> > wrote:


	Just saw the calendar invite, that’s perfect.

	Get Outlook for iOS <https://nam11.safelinks.protection.outlook.com/?url=https%3A%2F%2Faka.ms%2Fo0ukef&data=05%7C02%7Cgraham.mills%40duke.edu%7Ca5244505acd44d693b9108de60ec511b%7Ccb72c54e4a314d9eb14a1ea36dfac94c%7C0%7C0%7C639054765285085137%7CUnknown%7CTWFpbGZsb3d8eyJFbXB0eU1hcGkiOnRydWUsIlYiOiIwLjAuMDAwMCIsIlAiOiJXaW4zMiIsIkFOIjoiTWFpbCIsIldUIjoyfQ%3D%3D%7C0%7C%7C%7C&sdata=hI5GddtL8gvki8eCI04tceb9n5bTQsnu%2BQGIgI%2Fb3zk%3D&reserved=0> 
________________________________

	From: Graham Mills <graham.mills@duke.edu <mailto:graham.mills@duke.edu> >
	Sent: Friday, January 30, 2026 1:00:13 PM
	To: Jordan Bernstein <jbernstein@battery.com <mailto:jbernstein@battery.com> >
	Subject: Re: Duke Student - Battery Interest 
	 
	That actually works great for me. Just let me know what time. Talk to you then.

	Get Outlook for iOS <https://nam11.safelinks.protection.outlook.com/?url=https%3A%2F%2Faka.ms%2Fo0ukef&data=05%7C02%7Cgraham.mills%40duke.edu%7Ca5244505acd44d693b9108de60ec511b%7Ccb72c54e4a314d9eb14a1ea36dfac94c%7C0%7C0%7C639054765285098384%7CUnknown%7CTWFpbGZsb3d8eyJFbXB0eU1hcGkiOnRydWUsIlYiOiIwLjAuMDAwMCIsIlAiOiJXaW4zMiIsIkFOIjoiTWFpbCIsIldUIjoyfQ%3D%3D%7C0%7C%7C%7C&sdata=NxH3QXauhxLvglo6myvVTD1%2BnXwvESyejAZncmo68IM%3D&reserved=0> 
________________________________

	From: Jordan Bernstein <jbernstein@battery.com <mailto:jbernstein@battery.com> >
	Sent: Friday, January 30, 2026 11:47:45 AM
	To: Graham Mills <graham.mills@duke.edu <mailto:graham.mills@duke.edu> >
	Subject: Re: Duke Student - Battery Interest 
	 
	Hey Graham - a couple urgent things came up so I needed to move our call to tomorrow. Let me know if that works?
	

	--
	
	Jordan Bernstein
	
	Battery Ventures | Calendly <https://nam11.safelinks.protection.outlook.com/?url=https%3A%2F%2Fcalendly.com%2Fjbernstein-battery%2F30min&data=05%7C02%7Cgraham.mills%40duke.edu%7Ca5244505acd44d693b9108de60ec511b%7Ccb72c54e4a314d9eb14a1ea36dfac94c%7C0%7C0%7C639054765285122316%7CUnknown%7CTWFpbGZsb3d8eyJFbXB0eU1hcGkiOnRydWUsIlYiOiIwLjAuMDAwMCIsIlAiOiJXaW4zMiIsIkFOIjoiTWFpbCIsIldUIjoyfQ%3D%3D%7C0%7C%7C%7C&sdata=7MbG3%2FHFUML1JcyRtg72iJhUwXHdGkEgRZVxTaIHEFI%3D&reserved=0> 
	
	+1 (415) 426-5935
	


	On Fri, Jan 23, 2026 at 10:31 AM, Jordan Bernstein <jbernstein@battery.com <mailto:jbernstein@battery.com> > wrote:
	

		No worries

		--
		
		Jordan Bernstein
		
		Battery Ventures | Calendly <https://nam11.safelinks.protection.outlook.com/?url=https%3A%2F%2Fcalendly.com%2Fjbernstein-battery%2F30min&data=05%7C02%7Cgraham.mills%40duke.edu%7Ca5244505acd44d693b9108de60ec511b%7Ccb72c54e4a314d9eb14a1ea36dfac94c%7C0%7C0%7C639054765285135796%7CUnknown%7CTWFpbGZsb3d8eyJFbXB0eU1hcGkiOnRydWUsIlYiOiIwLjAuMDAwMCIsIlAiOiJXaW4zMiIsIkFOIjoiTWFpbCIsIldUIjoyfQ%3D%3D%7C0%7C%7C%7C&sdata=HjtSFV%2BXqH3g56oS2MQKXuMwqmCHm%2FV7LVUtfXUPRA8%3D&reserved=0> 
		
		+1 (415) 426-5935
		


		On Fri, Jan 23, 2026 at 10:25 AM, Graham Mills <graham.mills@duke.edu <mailto:graham.mills@duke.edu> > wrote:
		

			Sorry about that. I'll cancel what I sent and accept your invite.
________________________________

			From: Jordan Bernstein <jbernstein@battery.com <mailto:jbernstein@battery.com> >
			Sent: Friday, January 23, 2026 1:23 PM
			To: Graham Mills <graham.mills@duke.edu <mailto:graham.mills@duke.edu> >
			Subject: Re: Duke Student - Battery Interest 
			 
			Sorry Graham, I mean in PST. I'll send you an invite.

			--
			
			Jordan Bernstein
			
			Battery Ventures | Calendly <https://nam11.safelinks.protection.outlook.com/?url=https%3A%2F%2Fcalendly.com%2Fjbernstein-battery%2F30min&data=05%7C02%7Cgraham.mills%40duke.edu%7Ca5244505acd44d693b9108de60ec511b%7Ccb72c54e4a314d9eb14a1ea36dfac94c%7C0%7C0%7C639054765285149521%7CUnknown%7CTWFpbGZsb3d8eyJFbXB0eU1hcGkiOnRydWUsIlYiOiIwLjAuMDAwMCIsIlAiOiJXaW4zMiIsIkFOIjoiTWFpbCIsIldUIjoyfQ%3D%3D%7C0%7C%7C%7C&sdata=Res%2B%2F0lTrTobpBthA6uOxETIgI1U0TeEZ%2BWLTrhX070%3D&reserved=0> 
			
			+1 (415) 426-5935
			


			On Fri, Jan 23, 2026 at 10:21 AM, Graham Mills <graham.mills@duke.edu <mailto:graham.mills@duke.edu> > wrote:
			

				That's perfect. I'll send a calendar invite.
________________________________

				From: Jordan Bernstein <jbernstein@battery.com <mailto:jbernstein@battery.com> >
				Sent: Friday, January 23, 2026 1:08 PM
				To: Graham Mills <graham.mills@duke.edu <mailto:graham.mills@duke.edu> >
				Subject: Re: Duke Student - Battery Interest 
				 
				Zoom or phone call is best. Next friday at 10:15 PST work?
				


				--
				
				Jordan Bernstein
				
				Battery Ventures | Calendly <https://nam11.safelinks.protection.outlook.com/?url=https%3A%2F%2Fcalendly.com%2Fjbernstein-battery%2F30min&data=05%7C02%7Cgraham.mills%40duke.edu%7Ca5244505acd44d693b9108de60ec511b%7Ccb72c54e4a314d9eb14a1ea36dfac94c%7C0%7C0%7C639054765285162503%7CUnknown%7CTWFpbGZsb3d8eyJFbXB0eU1hcGkiOnRydWUsIlYiOiIwLjAuMDAwMCIsIlAiOiJXaW4zMiIsIkFOIjoiTWFpbCIsIldUIjoyfQ%3D%3D%7C0%7C%7C%7C&sdata=QvbPsvdJJ08%2BVKNkZiN9Pd%2FbybJnWJXr4GaqxQWqtec%3D&reserved=0> 
				
				+1 (415) 426-5935
				


				On Fri, Jan 23, 2026 at 9:49 AM, Graham Mills <graham.mills@duke.edu <mailto:graham.mills@duke.edu> > wrote:
				

					Hi Jordan,

					Thank for getting back to me. I’d love to learn more about the growth team and I can come ready with companies to discuss.

					How would you prefer to meet? I can meet you by your office or over phone. Just let me know and we can get something scheduled.

					Graham

					Get Outlook for iOS <https://nam11.safelinks.protection.outlook.com/?url=https%3A%2F%2Faka.ms%2Fo0ukef&data=05%7C02%7Cgraham.mills%40duke.edu%7Ca5244505acd44d693b9108de60ec511b%7Ccb72c54e4a314d9eb14a1ea36dfac94c%7C0%7C0%7C639054765285175995%7CUnknown%7CTWFpbGZsb3d8eyJFbXB0eU1hcGkiOnRydWUsIlYiOiIwLjAuMDAwMCIsIlAiOiJXaW4zMiIsIkFOIjoiTWFpbCIsIldUIjoyfQ%3D%3D%7C0%7C%7C%7C&sdata=MSeydNfeUdskrU6E3w6BJcVjlYvZ8Jvpe6O1n4Ch%2Fuw%3D&reserved=0> 
________________________________

					From: Jordan Bernstein <jbernstein@battery.com <mailto:jbernstein@battery.com> >
					Sent: Friday, January 23, 2026 12:22:41 PM
					To: Graham Mills <graham.mills@duke.edu <mailto:graham.mills@duke.edu> >
					Subject: Re: Duke Student - Battery Interest 
					 
					Hi Graham,
					

					Glad to connect and would be happy to find 10 minutes. I'm on the growth team (not the VC team), meaning we invest in mostly bootstrapped (unfunded) software companies that are growing 30-50% per year (versus VC which invest in companies growing 2-3x / year with much funding). A lot of what we do here is sourcing - basically searching online for the next great growth stage software business.
					

					Happy to set up time in the next couple weeks - can you come ready to talk about 3 software companies you think we might not know about that would make great investments for our team? Our portfolio is on our website if you're looking for inspiration.
					

					Best,
					
					Jordan 
					

					--
					
					Jordan Bernstein
					
					Battery Ventures | Calendly <https://nam11.safelinks.protection.outlook.com/?url=https%3A%2F%2Fcalendly.com%2Fjbernstein-battery%2F30min&data=05%7C02%7Cgraham.mills%40duke.edu%7Ca5244505acd44d693b9108de60ec511b%7Ccb72c54e4a314d9eb14a1ea36dfac94c%7C0%7C0%7C639054765285204812%7CUnknown%7CTWFpbGZsb3d8eyJFbXB0eU1hcGkiOnRydWUsIlYiOiIwLjAuMDAwMCIsIlAiOiJXaW4zMiIsIkFOIjoiTWFpbCIsIldUIjoyfQ%3D%3D%7C0%7C%7C%7C&sdata=2fbzjPzUcN05bkVyTOuDmRwp7h8qVlFGfLLW%2F34lLEM%3D&reserved=0> 
					
					+1 (415) 426-5935
					


					On Fri, Jan 23, 2026 at 7:30 AM, Graham Mills <graham.mills@duke.edu <mailto:graham.mills@duke.edu> > wrote:
					

					Hi Jordan,
					Hope you're having a good week. I just wanted to reach out and let you know I recently submitted my application for the 2027 Summer Investment Internship position at Battery.
					I've been following Battery’s work in the VC space for a while and would love to chat if you have a few minutes down the road. Either way, thanks for your time!
					Best,
					Graham Mills



					
					Confidentiality Statement: All incoming and outgoing email is monitored and archived. This e-mail message, and all attachments, may contain legally privileged or confidential information intended solely for the use of the individual, agent, or entity named in the e-mail. If you are not a designated recipient, you may not review, copy or distribute this message. If you receive this in error, please notify the sender by reply e-mail and delete this message. If you are an individual in the European Union, a California resident, or a job applicant, please refer to the applicable privacy notice here <https://nam11.safelinks.protection.outlook.com/?url=https%3A%2F%2Fwww.battery.com%2Fprivacy-policy%2F&data=05%7C02%7Cgraham.mills%40duke.edu%7Ca5244505acd44d693b9108de60ec511b%7Ccb72c54e4a314d9eb14a1ea36dfac94c%7C0%7C0%7C639054765285224209%7CUnknown%7CTWFpbGZsb3d8eyJFbXB0eU1hcGkiOnRydWUsIlYiOiIwLjAuMDAwMCIsIlAiOiJXaW4zMiIsIkFOIjoiTWFpbCIsIldUIjoyfQ%3D%3D%7C0%7C%7C%7C&sdata=svEqaHSrl8B2E8ilZAJYtCJVF7m8oKk4YUBYEw4z7p4%3D&reserved=0> . This email may be produced at the request of regulators or in connection with civil litigation.
					Consent to AI Notetaking: Please note that Battery Ventures may utilize AI notetaking tools during meetings. If you do not consent to the use of AI notetaking tools, please inform your contact at Battery Ventures. Otherwise, your participation in such meetings will be taken as consent to use AI notetaking tools.


","Graham Mills","/o=ExchangeLabs/ou=Exchange Administrative Group (FYDIBOHF23SPDLT)/cn=Recipients/cn=db3bfe3506794f919ac1e0bca73ab3a9-a02bfddf-ef","EX","Jordan Bernstein","jbernstein@battery.com","SMTP",,,,,,,,,"Normal",,"Normal"
"Re: HireVue Resubmission Request - Graham Mills - 2027 Investment Banking Summer Analyst","I just completed it. Let me know if there is anything else you need for my application. Looking forward to hearing back from you!
________________________________

From: Graham Mills <graham.mills@duke.edu>
Sent: Friday, January 30, 2026 1:01 PM
To: Seak, Dalika <Dalika.Seak@psc.com>
Subject: Re: HireVue Resubmission Request - Graham Mills - 2027 Investment Banking Summer Analyst 
 
Yes, that will be plenty of time. Thank you so much!

Get Outlook for iOS <https://aka.ms/o0ukef> 
________________________________

From: Seak, Dalika <Dalika.Seak@psc.com>
Sent: Friday, January 30, 2026 10:17:42 AM
To: Graham Mills <graham.mills@duke.edu>
Subject: RE: HireVue Resubmission Request - Graham Mills - 2027 Investment Banking Summer Analyst 
 

Thanks, Graham,

I sent you the Hirevue Invite. Because the deadline has since passed, I was able to have this extended for you till 11:45 pm ct today. Hopefully, this is enough time for you as you have reviewed the questions already. Please complete as soon as you can.

 

Thanks so much,

Dalika

 

Dalika Seak
D 612 303-6859
M 612 799-3935
E dalika.seak@psc.com <mailto:dalika.seak@psc.com> 

 

 

From: Graham Mills <graham.mills@duke.edu> 
Sent: Thursday, January 29, 2026 5:09 PM
To: Seak, Dalika <Dalika.Seak@psc.com>
Subject: Re: HireVue Resubmission Request - Graham Mills - 2027 Investment Banking Summer Analyst [EXTERNAL]

 

Thanks for getting back to me. Please email me at grahammillspb@gmail.com <mailto:grahammillspb@gmail.com>  and I’ll complete a second HireVue on there. Thank you for being so accommodating.

 

Best,

Graham

 

Get Outlook for iOS <https://urldefense.com/v3/__https:/aka.ms/o0ukef__;!!NVlXZax1HunXeA!FtGWB0ytCGzHkkShJ-VUQQObbYexNbLngnRH5LrT-WIOjlQQ-r_L9DNOMKxluIci3-Gdh2x_Iho212GUEULUXIU$> 

________________________________

From: Seak, Dalika <Dalika.Seak@psc.com <mailto:Dalika.Seak@psc.com> >
Sent: Thursday, January 29, 2026 2:20:40 PM
To: Graham Mills <graham.mills@duke.edu <mailto:graham.mills@duke.edu> >
Subject: RE: HireVue Resubmission Request - Graham Mills - 2027 Investment Banking Summer Analyst 

 

Hi Graham,

Thanks for your note. Unfortunately, there is not a way to “Redo” your submission. What we can do is, “cancel” your submission and invite you again through a different email. Thus, you would be able to log in again and complete a new HireVue OnDemand. Please let me know if you have a second email, I can send that to, and I am happy to!

 

Thanks,

Dalika

 

Dalika Seak
D 612 303-6859
M 612 799-3935
E dalika.seak@psc.com <mailto:dalika.seak@psc.com> 

 

 

From: Graham Mills <graham.mills@duke.edu <mailto:graham.mills@duke.edu> > 
Sent: Thursday, January 29, 2026 1:05 PM
To: Seak, Dalika <Dalika.Seak@psc.com <mailto:Dalika.Seak@psc.com> >
Subject: HireVue Resubmission Request - Graham Mills - 2027 Investment Banking Summer Analyst [EXTERNAL]

 

Hi Dalika,

I hope you’re having a good week.

I am writing regarding my HireVue submission for the 2027 Investment Banking Summer Analyst program. I was recently speaking with Amish Gupta, and he informed me I would need to redo my HireVue since there was an issue with my audio.

Could you please reset my link or let me know the best way to facilitate this?

Best regards, 

Graham Mills

 

________________________________

Piper Sandler employees are required to conduct all business-related communication through approved technology systems. This includes, but is not limited to, psc.com email addresses, Bloomberg messages, and corporate-issued device text messaging. Please do not use texting through an employee’s personal phone numbers, personal email addresses, instant messaging apps, social media apps, or other third-party messaging applications for electronic communication with Piper Sandler employees.

Piper Sandler & Co. Since 1895. Member SIPC and NYSE.

Piper Sandler outgoing and incoming e-mail is electronically archived and recorded and is subject to review, monitoring and/or disclosure to someone other than the recipient. If you are not the intended recipient, any disclosure, copying or distribution is prohibited; you should contact the sender immediately and then delete it from your system. This e-mail may be considered an advertisement or solicitation for purposes of regulation of commercial electronic mail messages. If you do not wish to receive commercial email communication from Piper Sandler please send or forward the email to NoEmail@psc.com <mailto:NoEmail@psc.com>  asking to be added to the Piper Sandler “Do Not Email Registry.” For additional disclosure information related to this e-mail see http://www.pipersandler.com/disclosures <https://nam11.safelinks.protection.outlook.com/?url=http%3A%2F%2Fwww.pipersandler.com%2Fdisclosures&data=05%7C02%7Cgraham.mills%40duke.edu%7C99f16da666d14eab38c908de6012b9dd%7Ccb72c54e4a314d9eb14a1ea36dfac94c%7C0%7C0%7C639053830734178568%7CUnknown%7CTWFpbGZsb3d8eyJFbXB0eU1hcGkiOnRydWUsIlYiOiIwLjAuMDAwMCIsIlAiOiJXaW4zMiIsIkFOIjoiTWFpbCIsIldUIjoyfQ%3D%3D%7C0%7C%7C%7C&sdata=Vtchz%2FmactItgl6507fzE8DYSZpXlLVUeIIMoxdPj%2Bs%3D&reserved=0> 

________________________________

Piper Sandler employees are required to conduct all business-related communication through approved technology systems. This includes, but is not limited to, psc.com email addresses, Bloomberg messages, and corporate-issued device text messaging. Please do not use texting through an employee’s personal phone numbers, personal email addresses, instant messaging apps, social media apps, or other third-party messaging applications for electronic communication with Piper Sandler employees.

Piper Sandler & Co. Since 1895. Member SIPC and NYSE.

Piper Sandler outgoing and incoming e-mail is electronically archived and recorded and is subject to review, monitoring and/or disclosure to someone other than the recipient. If you are not the intended recipient, any disclosure, copying or distribution is prohibited; you should contact the sender immediately and then delete it from your system. This e-mail may be considered an advertisement or solicitation for purposes of regulation of commercial electronic mail messages. If you do not wish to receive commercial email communication from Piper Sandler please send or forward the email to NoEmail@psc.com asking to be added to the Piper Sandler “Do Not Email Registry.” For additional disclosure information related to this e-mail see http://www.pipersandler.com/disclosures

","Graham Mills","/o=ExchangeLabs/ou=Exchange Administrative Group (FYDIBOHF23SPDLT)/cn=Recipients/cn=db3bfe3506794f919ac1e0bca73ab3a9-a02bfddf-ef","EX","Seak, Dalika","Dalika.Seak@psc.com","SMTP",,,,,,,,,"Normal",,"Normal"
"Re: 2027 SA Coffee Chat - Piper Sandler Charlotte Tech","Hey Amish,

Just wanted to let you know my HireVue is submitted, and the audio should work this time. I'm looking forward to hearing back from you.

Best,
Graham
________________________________

From: Gupta, Amish <Amish.Gupta@psc.com>
Sent: Wednesday, January 28, 2026 1:42 PM
To: Graham Mills <graham.mills@duke.edu>
Subject: 2027 SA Coffee Chat - Piper Sandler Charlotte Tech 
 

Hi Graham,

 

Hope you are doing well.

 

I am an Associate in Piper Sandlers’ Technology Group in Charlotte. We noticed your resume in HireVue and that you haven’t had a chance to connect with someone in the office.

 

If you have an interest in Technology IB and would like to chat, I would be happy to connect.

 

Below is my availability for later this week and early next (all times in ET):

 

*	Wednesday (1/28): 11am – 6pm
*	Thursday (1/29): 10am – 11am, 1pm – 6pm
*	Friday (1/30): 10am – 6pm
*	Monday (2/2): 11am – 3pm, 5pm – 7pm
*	Tuesday (2/3): 10am – 6pm

 

If any of these times work, please feel free to send a planner. You can reach me at my cell below:

 

Best,
Amish

 

 

Amish Gupta | Piper Sandler

Technology Investment Banking

C: (980) 529-3377

E: Amish.Gupta@psc.com <mailto:Amish.Gupta@psc.com> 

 

________________________________

Piper Sandler employees are required to conduct all business-related communication through approved technology systems. This includes, but is not limited to, psc.com email addresses, Bloomberg messages, and corporate-issued device text messaging. Please do not use texting through an employee’s personal phone numbers, personal email addresses, instant messaging apps, social media apps, or other third-party messaging applications for electronic communication with Piper Sandler employees.

Piper Sandler & Co. Since 1895. Member SIPC and NYSE.

Piper Sandler outgoing and incoming e-mail is electronically archived and recorded and is subject to review, monitoring and/or disclosure to someone other than the recipient. If you are not the intended recipient, any disclosure, copying or distribution is prohibited; you should contact the sender immediately and then delete it from your system. This e-mail may be considered an advertisement or solicitation for purposes of regulation of commercial electronic mail messages. If you do not wish to receive commercial email communication from Piper Sandler please send or forward the email to NoEmail@psc.com asking to be added to the Piper Sandler “Do Not Email Registry.” For additional disclosure information related to this e-mail see http://www.pipersandler.com/disclosures

","Graham Mills","/o=ExchangeLabs/ou=Exchange Administrative Group (FYDIBOHF23SPDLT)/cn=Recipients/cn=db3bfe3506794f919ac1e0bca73ab3a9-a02bfddf-ef","EX","Gupta, Amish","Amish.Gupta@psc.com","SMTP",,,,,,,,,"Normal",,"Normal"
"Re: Duke in New York - Follow Up","Never mind - Tuesday works. John just texted saying UBS moved to Monday.

Best,
Graham
________________________________

From: Graham Mills <graham.mills@duke.edu>
Sent: Friday, January 30, 2026 2:24 PM
To: clayton.boggs@barclays.com <clayton.boggs@barclays.com>
Subject: Re: Duke in New York - Follow Up 
 
Hi Clay,

Is there any chance that we can reschedule for Monday or Wednesday afternoon? John just informed us that UBS will be having us for a visit on Tuesday afternoon. Let me know, and if not, I can just leave there early and meet you on Tuesday since my interview time was moved up to 2 pm, so I'll have time to interview, go to UBS, and head over if that works for you.

Sorry for the late notice, just found out about that visit today.

Also, my resume is attached as requested.

Best,
Graham
________________________________

From: clayton.boggs@barclays.com <clayton.boggs@barclays.com>
Sent: Friday, January 30, 2026 7:16 AM
To: Graham Mills <graham.mills@duke.edu>
Subject: RE: Duke in New York - Follow Up 
 

Thanks, and I don’t think I have a copy of your resume if you can send as well

 

From: Graham Mills <graham.mills@duke.edu> 
Sent: Thursday, January 29, 2026 6:06 PM
To: Boggs, Clay: Markets (NYK) <clayton.boggs@barclays.com>
Subject: Re: Duke in New York - Follow Up

 

________________________________

CAUTION: This email originated from outside our organization - graham.mills@duke.edu <mailto:graham.mills@duke.edu>  Do not click on links, open attachments, or respond unless you recognize the sender and can validate the content is safe. 

________________________________

Just sent an invite. I’ll be sure to call you as soon as the interview is done. See you then!

 

Get Outlook for iOS <https://urldefense.com/v3/__https:/aka.ms/o0ukef__;!!G7x19LdBoP0e!nVFBRcEjtyBdbrYkigzRS9w2It0k2fYx_L0LIAGeE9xFicxzdqDBuMOt-g2AMrkNaSj4EqAjyNxh6kWHTJUSfMSK5QYN2w$> 

________________________________

From: clayton.boggs@barclays.com <mailto:clayton.boggs@barclays.com>  <clayton.boggs@barclays.com <mailto:clayton.boggs@barclays.com> >
Sent: Thursday, January 29, 2026 3:25:00 PM
To: Graham Mills <graham.mills@duke.edu <mailto:graham.mills@duke.edu> >
Subject: RE: Duke in New York - Follow Up 

 

Sure- can call me after your interview. Can you send a cal just so I don’t double book 

 

From: Graham Mills <graham.mills@duke.edu <mailto:graham.mills@duke.edu> > 
Sent: Thursday, January 29, 2026 1:51 PM
To: Boggs, Clay: Markets (NYK) <clayton.boggs@barclays.com <mailto:clayton.boggs@barclays.com> >
Subject: Re: Duke in New York - Follow Up

 

________________________________

CAUTION: This email originated from outside our organization - graham.mills@duke.edu <mailto:graham.mills@duke.edu>  Do not click on links, open attachments, or respond unless you recognize the sender and can validate the content is safe. 

________________________________

I have an interview from 3 to 3:30, but any other time that afternoon works for me. What time works for you?

________________________________

From: clayton.boggs@barclays.com <mailto:clayton.boggs@barclays.com>  <clayton.boggs@barclays.com <mailto:clayton.boggs@barclays.com> >
Sent: Thursday, January 29, 2026 9:15 AM
To: Graham Mills <graham.mills@duke.edu <mailto:graham.mills@duke.edu> >
Subject: RE: Duke in New York - Follow Up 

 

Hi Graham – sure

Tues afternoon? 

 

From: Graham Mills <graham.mills@duke.edu <mailto:graham.mills@duke.edu> > 
Sent: Wednesday, January 28, 2026 4:19 PM
To: Boggs, Clay: Markets (NYK) <clayton.boggs@barclays.com <mailto:clayton.boggs@barclays.com> >
Subject: Duke in New York - Follow Up

 

________________________________

CAUTION: This email originated from outside our organization - graham.mills@duke.edu <mailto:graham.mills@duke.edu>  Do not click on links, open attachments, or respond unless you recognize the sender and can validate the content is safe. 

________________________________

Hi Clayton,

 

It was a pleasure to meet you the other day at the Duke event at Barclays. I had a great time learning from you and Alexi about the markets team.

 

I just got done talking to Joseph Reiff and he recommended I catch up with you. Is there a good time for me to come by the office? Just let me know what works for you.

 

Best,

Graham Mills

 

 

This e-mail and any attachments are confidential and intended solely for the addressee and may also be privileged or exempt from disclosure under applicable law. If you are not the addressee, or have received this e-mail in error, please notify the sender immediately, delete it from your system and do not copy, disclose or otherwise act upon any part of this e-mail or its attachments. 

Internet communications are not guaranteed to be secure or virus-free. The Barclays Group does not accept responsibility for any loss arising from unauthorised access to, or interference with, any Internet communications by any third party, or from the transmission of any viruses. Replies to this e-mail may be monitored by the Barclays Group for operational or business reasons. 

Any opinion or other information in this e-mail or its attachments that does not relate to the business of the Barclays Group is personal to the sender and is not given or endorsed by the Barclays Group. 

Barclays Bank PLC. Registered in England and Wales (registered no. 1026167). Registered Office: 1 Churchill Place, London, E14 5HP, United Kingdom. 

Barclays Bank PLC is authorised by the Prudential Regulation Authority and regulated by the Financial Conduct Authority and the Prudential Regulation Authority (Financial Services Register No. 122702). 

 

 

This e-mail and any attachments are confidential and intended solely for the addressee and may also be privileged or exempt from disclosure under applicable law. If you are not the addressee, or have received this e-mail in error, please notify the sender immediately, delete it from your system and do not copy, disclose or otherwise act upon any part of this e-mail or its attachments. 

Internet communications are not guaranteed to be secure or virus-free. The Barclays Group does not accept responsibility for any loss arising from unauthorised access to, or interference with, any Internet communications by any third party, or from the transmission of any viruses. Replies to this e-mail may be monitored by the Barclays Group for operational or business reasons. 

Any opinion or other information in this e-mail or its attachments that does not relate to the business of the Barclays Group is personal to the sender and is not given or endorsed by the Barclays Group. 

Barclays Bank PLC. Registered in England and Wales (registered no. 1026167). Registered Office: 1 Churchill Place, London, E14 5HP, United Kingdom. 

Barclays Bank PLC is authorised by the Prudential Regulation Authority and regulated by the Financial Conduct Authority and the Prudential Regulation Authority (Financial Services Register No. 122702). 

 




This e-mail and any attachments are confidential and intended solely for the addressee and may also be privileged or exempt from disclosure under applicable law. If you are not the addressee, or have received this e-mail in error, please notify the sender immediately, delete it from your system and do not copy, disclose or otherwise act upon any part of this e-mail or its attachments. 

Internet communications are not guaranteed to be secure or virus-free. The Barclays Group does not accept responsibility for any loss arising from unauthorised access to, or interference with, any Internet communications by any third party, or from the transmission of any viruses. Replies to this e-mail may be monitored by the Barclays Group for operational or business reasons. 

Any opinion or other information in this e-mail or its attachments that does not relate to the business of the Barclays Group is personal to the sender and is not given or endorsed by the Barclays Group. 

Barclays Bank PLC. Registered in England and Wales (registered no. 1026167). Registered Office: 1 Churchill Place, London, E14 5HP, United Kingdom. 

Barclays Bank PLC is authorised by the Prudential Regulation Authority and regulated by the Financial Conduct Authority and the Prudential Regulation Authority (Financial Services Register No. 122702). 


","Graham Mills","/o=ExchangeLabs/ou=Exchange Administrative Group (FYDIBOHF23SPDLT)/cn=Recipients/cn=db3bfe3506794f919ac1e0bca73ab3a9-a02bfddf-ef","EX","clayton.boggs@barclays.com","clayton.boggs@barclays.com","SMTP",,,,,,,,,"Normal",,"Normal"
"Re: Duke in New York - Follow Up","Never mind - Tuesday works. John just texted saying UBS moved to Monday.

Get Outlook for iOS <https://aka.ms/o0ukef> 
________________________________

From: Graham Mills <graham.mills@duke.edu>
Sent: Friday, January 30, 2026 2:24:01 PM
To: clayton.boggs@barclays.com <clayton.boggs@barclays.com>
Subject: Re: Duke in New York - Follow Up 
 
Hi Clay,

Is there any chance that we can reschedule for Monday or Wednesday afternoon? John just informed us that UBS will be having us for a visit on Tuesday afternoon. Let me know, and if not, I can just leave there early and meet you on Tuesday since my interview time was moved up to 2 pm, so I'll have time to interview, go to UBS, and head over if that works for you.

Sorry for the late notice, just found out about that visit today.

Also, my resume is attached as requested.

Best,
Graham
________________________________

From: clayton.boggs@barclays.com <clayton.boggs@barclays.com>
Sent: Friday, January 30, 2026 7:16 AM
To: Graham Mills <graham.mills@duke.edu>
Subject: RE: Duke in New York - Follow Up 
 

Thanks, and I don’t think I have a copy of your resume if you can send as well

 

From: Graham Mills <graham.mills@duke.edu> 
Sent: Thursday, January 29, 2026 6:06 PM
To: Boggs, Clay: Markets (NYK) <clayton.boggs@barclays.com>
Subject: Re: Duke in New York - Follow Up

 

________________________________

CAUTION: This email originated from outside our organization - graham.mills@duke.edu <mailto:graham.mills@duke.edu>  Do not click on links, open attachments, or respond unless you recognize the sender and can validate the content is safe. 

________________________________

Just sent an invite. I’ll be sure to call you as soon as the interview is done. See you then!

 

Get Outlook for iOS <https://urldefense.com/v3/__https:/aka.ms/o0ukef__;!!G7x19LdBoP0e!nVFBRcEjtyBdbrYkigzRS9w2It0k2fYx_L0LIAGeE9xFicxzdqDBuMOt-g2AMrkNaSj4EqAjyNxh6kWHTJUSfMSK5QYN2w$> 

________________________________

From: clayton.boggs@barclays.com <mailto:clayton.boggs@barclays.com>  <clayton.boggs@barclays.com <mailto:clayton.boggs@barclays.com> >
Sent: Thursday, January 29, 2026 3:25:00 PM
To: Graham Mills <graham.mills@duke.edu <mailto:graham.mills@duke.edu> >
Subject: RE: Duke in New York - Follow Up 

 

Sure- can call me after your interview. Can you send a cal just so I don’t double book 

 

From: Graham Mills <graham.mills@duke.edu <mailto:graham.mills@duke.edu> > 
Sent: Thursday, January 29, 2026 1:51 PM
To: Boggs, Clay: Markets (NYK) <clayton.boggs@barclays.com <mailto:clayton.boggs@barclays.com> >
Subject: Re: Duke in New York - Follow Up

 

________________________________

CAUTION: This email originated from outside our organization - graham.mills@duke.edu <mailto:graham.mills@duke.edu>  Do not click on links, open attachments, or respond unless you recognize the sender and can validate the content is safe. 

________________________________

I have an interview from 3 to 3:30, but any other time that afternoon works for me. What time works for you?

________________________________

From: clayton.boggs@barclays.com <mailto:clayton.boggs@barclays.com>  <clayton.boggs@barclays.com <mailto:clayton.boggs@barclays.com> >
Sent: Thursday, January 29, 2026 9:15 AM
To: Graham Mills <graham.mills@duke.edu <mailto:graham.mills@duke.edu> >
Subject: RE: Duke in New York - Follow Up 

 

Hi Graham – sure

Tues afternoon? 

 

From: Graham Mills <graham.mills@duke.edu <mailto:graham.mills@duke.edu> > 
Sent: Wednesday, January 28, 2026 4:19 PM
To: Boggs, Clay: Markets (NYK) <clayton.boggs@barclays.com <mailto:clayton.boggs@barclays.com> >
Subject: Duke in New York - Follow Up

 

________________________________

CAUTION: This email originated from outside our organization - graham.mills@duke.edu <mailto:graham.mills@duke.edu>  Do not click on links, open attachments, or respond unless you recognize the sender and can validate the content is safe. 

________________________________

Hi Clayton,

 

It was a pleasure to meet you the other day at the Duke event at Barclays. I had a great time learning from you and Alexi about the markets team.

 

I just got done talking to Joseph Reiff and he recommended I catch up with you. Is there a good time for me to come by the office? Just let me know what works for you.

 

Best,

Graham Mills

 

 

This e-mail and any attachments are confidential and intended solely for the addressee and may also be privileged or exempt from disclosure under applicable law. If you are not the addressee, or have received this e-mail in error, please notify the sender immediately, delete it from your system and do not copy, disclose or otherwise act upon any part of this e-mail or its attachments. 

Internet communications are not guaranteed to be secure or virus-free. The Barclays Group does not accept responsibility for any loss arising from unauthorised access to, or interference with, any Internet communications by any third party, or from the transmission of any viruses. Replies to this e-mail may be monitored by the Barclays Group for operational or business reasons. 

Any opinion or other information in this e-mail or its attachments that does not relate to the business of the Barclays Group is personal to the sender and is not given or endorsed by the Barclays Group. 

Barclays Bank PLC. Registered in England and Wales (registered no. 1026167). Registered Office: 1 Churchill Place, London, E14 5HP, United Kingdom. 

Barclays Bank PLC is authorised by the Prudential Regulation Authority and regulated by the Financial Conduct Authority and the Prudential Regulation Authority (Financial Services Register No. 122702). 

 

 

This e-mail and any attachments are confidential and intended solely for the addressee and may also be privileged or exempt from disclosure under applicable law. If you are not the addressee, or have received this e-mail in error, please notify the sender immediately, delete it from your system and do not copy, disclose or otherwise act upon any part of this e-mail or its attachments. 

Internet communications are not guaranteed to be secure or virus-free. The Barclays Group does not accept responsibility for any loss arising from unauthorised access to, or interference with, any Internet communications by any third party, or from the transmission of any viruses. Replies to this e-mail may be monitored by the Barclays Group for operational or business reasons. 

Any opinion or other information in this e-mail or its attachments that does not relate to the business of the Barclays Group is personal to the sender and is not given or endorsed by the Barclays Group. 

Barclays Bank PLC. Registered in England and Wales (registered no. 1026167). Registered Office: 1 Churchill Place, London, E14 5HP, United Kingdom. 

Barclays Bank PLC is authorised by the Prudential Regulation Authority and regulated by the Financial Conduct Authority and the Prudential Regulation Authority (Financial Services Register No. 122702). 

 




This e-mail and any attachments are confidential and intended solely for the addressee and may also be privileged or exempt from disclosure under applicable law. If you are not the addressee, or have received this e-mail in error, please notify the sender immediately, delete it from your system and do not copy, disclose or otherwise act upon any part of this e-mail or its attachments. 

Internet communications are not guaranteed to be secure or virus-free. The Barclays Group does not accept responsibility for any loss arising from unauthorised access to, or interference with, any Internet communications by any third party, or from the transmission of any viruses. Replies to this e-mail may be monitored by the Barclays Group for operational or business reasons. 

Any opinion or other information in this e-mail or its attachments that does not relate to the business of the Barclays Group is personal to the sender and is not given or endorsed by the Barclays Group. 

Barclays Bank PLC. Registered in England and Wales (registered no. 1026167). Registered Office: 1 Churchill Place, London, E14 5HP, United Kingdom. 

Barclays Bank PLC is authorised by the Prudential Regulation Authority and regulated by the Financial Conduct Authority and the Prudential Regulation Authority (Financial Services Register No. 122702). 


","Graham Mills","/o=ExchangeLabs/ou=Exchange Administrative Group (FYDIBOHF23SPDLT)/cn=Recipients/cn=db3bfe3506794f919ac1e0bca73ab3a9-a02bfddf-ef","EX","Graham Mills","/o=ExchangeLabs/ou=Exchange Administrative Group (FYDIBOHF23SPDLT)/cn=Recipients/cn=db3bfe3506794f919ac1e0bca73ab3a9-a02bfddf-ef","EX",,,,,,,,,"Normal",,"Normal"
"Graham Mills - Follow Up","Hi Olivia,

I had a great time speaking with you at the Duke event this morning. I appreciate the time you took to talk me through your perspective on S&T vs. Asset Management, especially since you have experience in both.

Are you available any time next week to discuss the private markets team more in depth? I'm pretty open in the afternoons, other than Tuesday, so just let me know what works for you.

Best,
Graham Mills



","Graham Mills","/O=EXCHANGELABS/OU=EXCHANGE ADMINISTRATIVE GROUP (FYDIBOHF23SPDLT)/CN=RECIPIENTS/CN=DB3BFE3506794F919AC1E0BCA73AB3A9-A02BFDDF-EF","EX","olivia.nagpal@gs.com","olivia.nagpal@gs.com","SMTP",,,,,,,,,"Normal",,"Normal"
"Duke Event - Follow Up","Hi Zoe,

I had a great time at the Duke event this morning at Goldman. I had a great time speaking with the team members and learning more about recruitment.

I especially connected with Olivia and Jordan in the Asset Management division. Do you know whether the 2027 Asset Management Internship for Private Markets/ Alternates for the New York Office is still open? I know this specific role is available in many other locations, but I couldn't find it for New York.

Thanks again for hosting today, and please tell everyone that all of us students really appreciated their time.

Best,
Graham Mills
","Graham Mills","/O=EXCHANGELABS/OU=EXCHANGE ADMINISTRATIVE GROUP (FYDIBOHF23SPDLT)/CN=RECIPIENTS/CN=DB3BFE3506794F919AC1E0BCA73AB3A9-A02BFDDF-EF","EX","zoe.s.taylor-ploog@gs.com","zoe.s.taylor-ploog@gs.com","SMTP",,,,,,,,,"Normal",,"Normal"
"Re: Duke in New York - Follow Up","Hi Clay,

Is there any chance that we can reschedule for Monday or Wednesday afternoon? John just informed us that UBS will be having us for a visit on Tuesday afternoon. Let me know, and if not, I can just leave there early and meet you on Tuesday since my interview time was moved up to 2 pm, so I'll have time to interview, go to UBS, and head over if that works for you.

Sorry for the late notice, just found out about that visit today.

Also, my resume is attached as requested.

Best,
Graham
________________________________

From: clayton.boggs@barclays.com <clayton.boggs@barclays.com>
Sent: Friday, January 30, 2026 7:16 AM
To: Graham Mills <graham.mills@duke.edu>
Subject: RE: Duke in New York - Follow Up 
 

Thanks, and I don’t think I have a copy of your resume if you can send as well

 

From: Graham Mills <graham.mills@duke.edu> 
Sent: Thursday, January 29, 2026 6:06 PM
To: Boggs, Clay: Markets (NYK) <clayton.boggs@barclays.com>
Subject: Re: Duke in New York - Follow Up

 

________________________________

CAUTION: This email originated from outside our organization - graham.mills@duke.edu <mailto:graham.mills@duke.edu>  Do not click on links, open attachments, or respond unless you recognize the sender and can validate the content is safe. 

________________________________

Just sent an invite. I’ll be sure to call you as soon as the interview is done. See you then!

 

Get Outlook for iOS <https://urldefense.com/v3/__https:/aka.ms/o0ukef__;!!G7x19LdBoP0e!nVFBRcEjtyBdbrYkigzRS9w2It0k2fYx_L0LIAGeE9xFicxzdqDBuMOt-g2AMrkNaSj4EqAjyNxh6kWHTJUSfMSK5QYN2w$> 

________________________________

From: clayton.boggs@barclays.com <mailto:clayton.boggs@barclays.com>  <clayton.boggs@barclays.com <mailto:clayton.boggs@barclays.com> >
Sent: Thursday, January 29, 2026 3:25:00 PM
To: Graham Mills <graham.mills@duke.edu <mailto:graham.mills@duke.edu> >
Subject: RE: Duke in New York - Follow Up 

 

Sure- can call me after your interview. Can you send a cal just so I don’t double book 

 

From: Graham Mills <graham.mills@duke.edu <mailto:graham.mills@duke.edu> > 
Sent: Thursday, January 29, 2026 1:51 PM
To: Boggs, Clay: Markets (NYK) <clayton.boggs@barclays.com <mailto:clayton.boggs@barclays.com> >
Subject: Re: Duke in New York - Follow Up

 

________________________________

CAUTION: This email originated from outside our organization - graham.mills@duke.edu <mailto:graham.mills@duke.edu>  Do not click on links, open attachments, or respond unless you recognize the sender and can validate the content is safe. 

________________________________

I have an interview from 3 to 3:30, but any other time that afternoon works for me. What time works for you?

________________________________

From: clayton.boggs@barclays.com <mailto:clayton.boggs@barclays.com>  <clayton.boggs@barclays.com <mailto:clayton.boggs@barclays.com> >
Sent: Thursday, January 29, 2026 9:15 AM
To: Graham Mills <graham.mills@duke.edu <mailto:graham.mills@duke.edu> >
Subject: RE: Duke in New York - Follow Up 

 

Hi Graham – sure

Tues afternoon? 

 

From: Graham Mills <graham.mills@duke.edu <mailto:graham.mills@duke.edu> > 
Sent: Wednesday, January 28, 2026 4:19 PM
To: Boggs, Clay: Markets (NYK) <clayton.boggs@barclays.com <mailto:clayton.boggs@barclays.com> >
Subject: Duke in New York - Follow Up

 

________________________________

CAUTION: This email originated from outside our organization - graham.mills@duke.edu <mailto:graham.mills@duke.edu>  Do not click on links, open attachments, or respond unless you recognize the sender and can validate the content is safe. 

________________________________

Hi Clayton,

 

It was a pleasure to meet you the other day at the Duke event at Barclays. I had a great time learning from you and Alexi about the markets team.

 

I just got done talking to Joseph Reiff and he recommended I catch up with you. Is there a good time for me to come by the office? Just let me know what works for you.

 

Best,

Graham Mills

 

 

This e-mail and any attachments are confidential and intended solely for the addressee and may also be privileged or exempt from disclosure under applicable law. If you are not the addressee, or have received this e-mail in error, please notify the sender immediately, delete it from your system and do not copy, disclose or otherwise act upon any part of this e-mail or its attachments. 

Internet communications are not guaranteed to be secure or virus-free. The Barclays Group does not accept responsibility for any loss arising from unauthorised access to, or interference with, any Internet communications by any third party, or from the transmission of any viruses. Replies to this e-mail may be monitored by the Barclays Group for operational or business reasons. 

Any opinion or other information in this e-mail or its attachments that does not relate to the business of the Barclays Group is personal to the sender and is not given or endorsed by the Barclays Group. 

Barclays Bank PLC. Registered in England and Wales (registered no. 1026167). Registered Office: 1 Churchill Place, London, E14 5HP, United Kingdom. 

Barclays Bank PLC is authorised by the Prudential Regulation Authority and regulated by the Financial Conduct Authority and the Prudential Regulation Authority (Financial Services Register No. 122702). 

 

 

This e-mail and any attachments are confidential and intended solely for the addressee and may also be privileged or exempt from disclosure under applicable law. If you are not the addressee, or have received this e-mail in error, please notify the sender immediately, delete it from your system and do not copy, disclose or otherwise act upon any part of this e-mail or its attachments. 

Internet communications are not guaranteed to be secure or virus-free. The Barclays Group does not accept responsibility for any loss arising from unauthorised access to, or interference with, any Internet communications by any third party, or from the transmission of any viruses. Replies to this e-mail may be monitored by the Barclays Group for operational or business reasons. 

Any opinion or other information in this e-mail or its attachments that does not relate to the business of the Barclays Group is personal to the sender and is not given or endorsed by the Barclays Group. 

Barclays Bank PLC. Registered in England and Wales (registered no. 1026167). Registered Office: 1 Churchill Place, London, E14 5HP, United Kingdom. 

Barclays Bank PLC is authorised by the Prudential Regulation Authority and regulated by the Financial Conduct Authority and the Prudential Regulation Authority (Financial Services Register No. 122702). 

 




This e-mail and any attachments are confidential and intended solely for the addressee and may also be privileged or exempt from disclosure under applicable law. If you are not the addressee, or have received this e-mail in error, please notify the sender immediately, delete it from your system and do not copy, disclose or otherwise act upon any part of this e-mail or its attachments. 

Internet communications are not guaranteed to be secure or virus-free. The Barclays Group does not accept responsibility for any loss arising from unauthorised access to, or interference with, any Internet communications by any third party, or from the transmission of any viruses. Replies to this e-mail may be monitored by the Barclays Group for operational or business reasons. 

Any opinion or other information in this e-mail or its attachments that does not relate to the business of the Barclays Group is personal to the sender and is not given or endorsed by the Barclays Group. 

Barclays Bank PLC. Registered in England and Wales (registered no. 1026167). Registered Office: 1 Churchill Place, London, E14 5HP, United Kingdom. 

Barclays Bank PLC is authorised by the Prudential Regulation Authority and regulated by the Financial Conduct Authority and the Prudential Regulation Authority (Financial Services Register No. 122702). 


","Graham Mills","/o=ExchangeLabs/ou=Exchange Administrative Group (FYDIBOHF23SPDLT)/cn=Recipients/cn=db3bfe3506794f919ac1e0bca73ab3a9-a02bfddf-ef","EX","clayton.boggs@barclays.com","clayton.boggs@barclays.com","SMTP",,,,,,,,,"Normal",,"Normal"
"Accepted: Graham <> Jordan","","Graham Mills","/O=EXCHANGELABS/OU=EXCHANGE ADMINISTRATIVE GROUP (FYDIBOHF23SPDLT)/CN=RECIPIENTS/CN=DB3BFE3506794F919AC1E0BCA73AB3A9-A02BFDDF-EF","EX","Jordan Bernstein","jbernstein@battery.com","SMTP",,,,,,,,,"Normal",,"Normal"
"Re: Duke Student - Battery Interest","Just saw the calendar invite, that’s perfect.

Get Outlook for iOS <https://aka.ms/o0ukef> 
________________________________

From: Graham Mills <graham.mills@duke.edu>
Sent: Friday, January 30, 2026 1:00:13 PM
To: Jordan Bernstein <jbernstein@battery.com>
Subject: Re: Duke Student - Battery Interest 
 
That actually works great for me. Just let me know what time. Talk to you then.

Get Outlook for iOS <https://aka.ms/o0ukef> 
________________________________

From: Jordan Bernstein <jbernstein@battery.com>
Sent: Friday, January 30, 2026 11:47:45 AM
To: Graham Mills <graham.mills@duke.edu>
Subject: Re: Duke Student - Battery Interest 
 
Hey Graham - a couple urgent things came up so I needed to move our call to tomorrow. Let me know if that works?

 <https://r.superhuman.com/LMZg7i2xPZH6GtXKSxUrZRKTDoFZRKkLvFBB3MMzAYzK4TOl4OD7a7nn3MGOZ7PftKYjNbCVLKYFwsM1O53oSowxr_n-T0l8mgIIlRv1h_HmhWPRt92fvh8MgTJFyC038RvqgYljSUtzUe21FwxoIs95fVPlJElRI0AP81q7WtJu3ldnYQWN2wJGstPm4ZVTNJwxD5JM5DU.gif> 

--

Jordan Bernstein

Battery Ventures | Calendly <https://nam11.safelinks.protection.outlook.com/?url=https%3A%2F%2Fcalendly.com%2Fjbernstein-battery%2F30min&data=05%7C02%7Cgraham.mills%40duke.edu%7C9d287bb7ce814246112c08de601f4c4d%7Ccb72c54e4a314d9eb14a1ea36dfac94c%7C0%7C0%7C639053884713091852%7CUnknown%7CTWFpbGZsb3d8eyJFbXB0eU1hcGkiOnRydWUsIlYiOiIwLjAuMDAwMCIsIlAiOiJXaW4zMiIsIkFOIjoiTWFpbCIsIldUIjoyfQ%3D%3D%7C0%7C%7C%7C&sdata=8q0Ty%2FfAuBuYVl%2F2oYo3MRlIIr73gIBtR0mmtJfiOvQ%3D&reserved=0> 

+1 (415) 426-5935



On Fri, Jan 23, 2026 at 10:31 AM, Jordan Bernstein <jbernstein@battery.com <mailto:jbernstein@battery.com> > wrote:


	No worries

	--
	
	Jordan Bernstein
	
	Battery Ventures | Calendly <https://nam11.safelinks.protection.outlook.com/?url=https%3A%2F%2Fcalendly.com%2Fjbernstein-battery%2F30min&data=05%7C02%7Cgraham.mills%40duke.edu%7C9d287bb7ce814246112c08de601f4c4d%7Ccb72c54e4a314d9eb14a1ea36dfac94c%7C0%7C0%7C639053884713164951%7CUnknown%7CTWFpbGZsb3d8eyJFbXB0eU1hcGkiOnRydWUsIlYiOiIwLjAuMDAwMCIsIlAiOiJXaW4zMiIsIkFOIjoiTWFpbCIsIldUIjoyfQ%3D%3D%7C0%7C%7C%7C&sdata=DXsxlnFveXNGISxsCYXVZYOdosBQf7bMOKRaBLc8UYE%3D&reserved=0> 
	
	+1 (415) 426-5935
	


	On Fri, Jan 23, 2026 at 10:25 AM, Graham Mills <graham.mills@duke.edu <mailto:graham.mills@duke.edu> > wrote:
	

		Sorry about that. I'll cancel what I sent and accept your invite.
________________________________

		From: Jordan Bernstein <jbernstein@battery.com <mailto:jbernstein@battery.com> >
		Sent: Friday, January 23, 2026 1:23 PM
		To: Graham Mills <graham.mills@duke.edu <mailto:graham.mills@duke.edu> >
		Subject: Re: Duke Student - Battery Interest 
		 
		Sorry Graham, I mean in PST. I'll send you an invite.

		--
		
		Jordan Bernstein
		
		Battery Ventures | Calendly <https://nam11.safelinks.protection.outlook.com/?url=https%3A%2F%2Fcalendly.com%2Fjbernstein-battery%2F30min&data=05%7C02%7Cgraham.mills%40duke.edu%7C9d287bb7ce814246112c08de601f4c4d%7Ccb72c54e4a314d9eb14a1ea36dfac94c%7C0%7C0%7C639053884713197528%7CUnknown%7CTWFpbGZsb3d8eyJFbXB0eU1hcGkiOnRydWUsIlYiOiIwLjAuMDAwMCIsIlAiOiJXaW4zMiIsIkFOIjoiTWFpbCIsIldUIjoyfQ%3D%3D%7C0%7C%7C%7C&sdata=%2F%2FsLpYK0hvfCB%2Ba6%2F3KPrw5WhAgOEj4YayhRYOfeHKc%3D&reserved=0> 
		
		+1 (415) 426-5935
		


		On Fri, Jan 23, 2026 at 10:21 AM, Graham Mills <graham.mills@duke.edu <mailto:graham.mills@duke.edu> > wrote:
		

			That's perfect. I'll send a calendar invite.
________________________________

			From: Jordan Bernstein <jbernstein@battery.com <mailto:jbernstein@battery.com> >
			Sent: Friday, January 23, 2026 1:08 PM
			To: Graham Mills <graham.mills@duke.edu <mailto:graham.mills@duke.edu> >
			Subject: Re: Duke Student - Battery Interest 
			 
			Zoom or phone call is best. Next friday at 10:15 PST work?
			


			--
			
			Jordan Bernstein
			
			Battery Ventures | Calendly <https://nam11.safelinks.protection.outlook.com/?url=https%3A%2F%2Fcalendly.com%2Fjbernstein-battery%2F30min&data=05%7C02%7Cgraham.mills%40duke.edu%7C9d287bb7ce814246112c08de601f4c4d%7Ccb72c54e4a314d9eb14a1ea36dfac94c%7C0%7C0%7C639053884713220375%7CUnknown%7CTWFpbGZsb3d8eyJFbXB0eU1hcGkiOnRydWUsIlYiOiIwLjAuMDAwMCIsIlAiOiJXaW4zMiIsIkFOIjoiTWFpbCIsIldUIjoyfQ%3D%3D%7C0%7C%7C%7C&sdata=OcVUU4GF9rDCZMoY2NUilxvYS%2BptOEY3ImH98W8tfSo%3D&reserved=0> 
			
			+1 (415) 426-5935
			


			On Fri, Jan 23, 2026 at 9:49 AM, Graham Mills <graham.mills@duke.edu <mailto:graham.mills@duke.edu> > wrote:
			

				Hi Jordan,

				Thank for getting back to me. I’d love to learn more about the growth team and I can come ready with companies to discuss.

				How would you prefer to meet? I can meet you by your office or over phone. Just let me know and we can get something scheduled.

				Graham

				Get Outlook for iOS <https://nam11.safelinks.protection.outlook.com/?url=https%3A%2F%2Faka.ms%2Fo0ukef&data=05%7C02%7Cgraham.mills%40duke.edu%7C9d287bb7ce814246112c08de601f4c4d%7Ccb72c54e4a314d9eb14a1ea36dfac94c%7C0%7C0%7C639053884713243551%7CUnknown%7CTWFpbGZsb3d8eyJFbXB0eU1hcGkiOnRydWUsIlYiOiIwLjAuMDAwMCIsIlAiOiJXaW4zMiIsIkFOIjoiTWFpbCIsIldUIjoyfQ%3D%3D%7C0%7C%7C%7C&sdata=3ncEHoe1WEGQ3lhCcSaGGzrDPyD3Xs0u9laEe3MtC%2F4%3D&reserved=0> 
________________________________

				From: Jordan Bernstein <jbernstein@battery.com <mailto:jbernstein@battery.com> >
				Sent: Friday, January 23, 2026 12:22:41 PM
				To: Graham Mills <graham.mills@duke.edu <mailto:graham.mills@duke.edu> >
				Subject: Re: Duke Student - Battery Interest 
				 
				Hi Graham,
				

				Glad to connect and would be happy to find 10 minutes. I'm on the growth team (not the VC team), meaning we invest in mostly bootstrapped (unfunded) software companies that are growing 30-50% per year (versus VC which invest in companies growing 2-3x / year with much funding). A lot of what we do here is sourcing - basically searching online for the next great growth stage software business.
				

				Happy to set up time in the next couple weeks - can you come ready to talk about 3 software companies you think we might not know about that would make great investments for our team? Our portfolio is on our website if you're looking for inspiration.
				

				Best,
				
				Jordan 
				

				--
				
				Jordan Bernstein
				
				Battery Ventures | Calendly <https://nam11.safelinks.protection.outlook.com/?url=https%3A%2F%2Fcalendly.com%2Fjbernstein-battery%2F30min&data=05%7C02%7Cgraham.mills%40duke.edu%7C9d287bb7ce814246112c08de601f4c4d%7Ccb72c54e4a314d9eb14a1ea36dfac94c%7C0%7C0%7C639053884713265336%7CUnknown%7CTWFpbGZsb3d8eyJFbXB0eU1hcGkiOnRydWUsIlYiOiIwLjAuMDAwMCIsIlAiOiJXaW4zMiIsIkFOIjoiTWFpbCIsIldUIjoyfQ%3D%3D%7C0%7C%7C%7C&sdata=UfggC%2BU42beWyt6cyx%2F7g3gwKq%2FIIgM%2F1oBwt2ppaVQ%3D&reserved=0> 
				
				+1 (415) 426-5935
				


				On Fri, Jan 23, 2026 at 7:30 AM, Graham Mills <graham.mills@duke.edu <mailto:graham.mills@duke.edu> > wrote:
				

					Hi Jordan,
					Hope you're having a good week. I just wanted to reach out and let you know I recently submitted my application for the 2027 Summer Investment Internship position at Battery.
					I've been following Battery’s work in the VC space for a while and would love to chat if you have a few minutes down the road. Either way, thanks for your time!
					Best,
					Graham Mills



				
				Confidentiality Statement: All incoming and outgoing email is monitored and archived. This e-mail message, and all attachments, may contain legally privileged or confidential information intended solely for the use of the individual, agent, or entity named in the e-mail. If you are not a designated recipient, you may not review, copy or distribute this message. If you receive this in error, please notify the sender by reply e-mail and delete this message. If you are an individual in the European Union, a California resident, or a job applicant, please refer to the applicable privacy notice here <https://nam11.safelinks.protection.outlook.com/?url=https%3A%2F%2Fwww.battery.com%2Fprivacy-policy%2F&data=05%7C02%7Cgraham.mills%40duke.edu%7C9d287bb7ce814246112c08de601f4c4d%7Ccb72c54e4a314d9eb14a1ea36dfac94c%7C0%7C0%7C639053884713288592%7CUnknown%7CTWFpbGZsb3d8eyJFbXB0eU1hcGkiOnRydWUsIlYiOiIwLjAuMDAwMCIsIlAiOiJXaW4zMiIsIkFOIjoiTWFpbCIsIldUIjoyfQ%3D%3D%7C0%7C%7C%7C&sdata=5%2BA3s%2BZCjDetfHbZppRDLRbeceyejyleojda4ci2fBU%3D&reserved=0> . This email may be produced at the request of regulators or in connection with civil litigation.
				Consent to AI Notetaking: Please note that Battery Ventures may utilize AI notetaking tools during meetings. If you do not consent to the use of AI notetaking tools, please inform your contact at Battery Ventures. Otherwise, your participation in such meetings will be taken as consent to use AI notetaking tools.


","Graham Mills","/o=ExchangeLabs/ou=Exchange Administrative Group (FYDIBOHF23SPDLT)/cn=Recipients/cn=db3bfe3506794f919ac1e0bca73ab3a9-a02bfddf-ef","EX","Jordan Bernstein","jbernstein@battery.com","SMTP",,,,,,,,,"Normal",,"Normal"
"Re: Duke Student Interested in S&T - Graham","Hi Will,

Sorry for the late check in, but are you still good to meet in Winter Village at 2?

Get Outlook for iOS <https://aka.ms/o0ukef> 
________________________________

From: McCollum, Will <william.mccollum@bofa.com>
Sent: Thursday, January 22, 2026 2:24:06 PM
To: Graham Mills <graham.mills@duke.edu>
Subject: RE: Duke Student Interested in S&T - Graham 
 

Sounds good just email me morning of. Thanks 

 

From: Graham Mills <graham.mills@duke.edu> 
Sent: Thursday, January 22, 2026 2:03 PM
To: McCollum, Will <william.mccollum@bofa.com>
Subject: Re: Duke Student Interested in S&T - Graham

 

Bryant Park is perfect. We can plan to meet somewhere in winter village. See you then!

________________________________

From: McCollum, Will <william.mccollum@bofa.com <mailto:william.mccollum@bofa.com> >
Sent: Thursday, January 22, 2026 1:47 PM
To: Graham Mills <graham.mills@duke.edu <mailto:graham.mills@duke.edu> >
Subject: RE: Duke Student Interested in S&T - Graham 

 

Lets try Friday 2pm. Let me know if you are around Bryant park we can sit in the winter village for a bit. 

 

From: Graham Mills <graham.mills@duke.edu <mailto:graham.mills@duke.edu> > 
Sent: Thursday, January 22, 2026 1:13 PM
To: McCollum, Will <william.mccollum@bofa.com <mailto:william.mccollum@bofa.com> >
Subject: Re: Duke Student Interested in S&T - Graham

 

Thanks for getting back to me. Here's my availability:

 

M: Anytime after 1:30 pm

T: After 5 pm

W: 1 - 4:30 pm

Th: NA

F: Anytime after 1 pm

 

Just let me know what works best for you.

________________________________

From: McCollum, Will <william.mccollum@bofa.com <mailto:william.mccollum@bofa.com> >
Sent: Thursday, January 22, 2026 12:28 PM
To: Graham Mills <graham.mills@duke.edu <mailto:graham.mills@duke.edu> >
Subject: RE: Duke Student Interested in S&T - Graham 

 

Hi Graham, 

 

Sure thing. Are you around next week? Send a few dates / times will see if we can line up a coffee. 

 

Will 

 

Will McCollum
Pension, Endowment, Foundation and Asset Manager Solutions

BofA Securities, Inc.

One Bryant Park, 5th Floor, New York, NY 10036

T: 212-449-1619 | M: 929-797-2090

william.mccollum@bofa.com <mailto:william.mccollum@bofa.com> 

 

 

From: Graham Mills <graham.mills@duke.edu <mailto:graham.mills@duke.edu> > 
Sent: Thursday, January 22, 2026 10:29 AM
To: McCollum, Will <william.mccollum@bofa.com <mailto:william.mccollum@bofa.com> >
Subject: Duke Student Interested in S&T - Graham

 

Hi Will,

Moving this conversation to your work email as requested.

To recap, I’m a Duke sophomore recruiting for Sales & Trading and was referred to you by Ana Wilmer. Since I am currently in NYC for the semester, do you have 15-20 minutes for a quick coffee or a brief call sometime this week?

Thanks,

Graham

 

 

 

________________________________

This message, and any attachment(s), is for the intended recipient(s) only, may contain information that is privileged, confidential and/or proprietary and subject to important terms and conditions available at http://www.bankofamerica.com/electronic-disclaimer <https://nam11.safelinks.protection.outlook.com/?url=http%3A%2F%2Fwww.bankofamerica.com%2Felectronic-disclaimer&data=05%7C02%7Cgraham.mills%40duke.edu%7C080e6d9d830b4598469008de5a28719b%7Ccb72c54e4a314d9eb14a1ea36dfac94c%7C0%7C0%7C639047326923924993%7CUnknown%7CTWFpbGZsb3d8eyJFbXB0eU1hcGkiOnRydWUsIlYiOiIwLjAuMDAwMCIsIlAiOiJXaW4zMiIsIkFOIjoiTWFpbCIsIldUIjoyfQ%3D%3D%7C0%7C%7C%7C&sdata=Sjy%2BSbMCUtGAJdvwn6VlVE4fO1NRF5i6awJ4XL%2F%2BeGQ%3D&reserved=0> . If you are not the intended recipient, please delete this message. For more information about how Bank of America protects your privacy, including specific rights that may apply, please visit the following pages: https://business.bofa.com/en-us/content/global-privacy-notices.html <https://nam11.safelinks.protection.outlook.com/?url=https%3A%2F%2Fbusiness.bofa.com%2Fen-us%2Fcontent%2Fglobal-privacy-notices.html&data=05%7C02%7Cgraham.mills%40duke.edu%7C080e6d9d830b4598469008de5a28719b%7Ccb72c54e4a314d9eb14a1ea36dfac94c%7C0%7C0%7C639047326923961601%7CUnknown%7CTWFpbGZsb3d8eyJFbXB0eU1hcGkiOnRydWUsIlYiOiIwLjAuMDAwMCIsIlAiOiJXaW4zMiIsIkFOIjoiTWFpbCIsIldUIjoyfQ%3D%3D%7C0%7C%7C%7C&sdata=cGzKNINxz%2BvoOiM0RWrjXLypuM5YYKOXS%2FUnKf3Tv4Y%3D&reserved=0>  (which includes global privacy notices) and https://www.bankofamerica.com/security-center/privacy-overview/ <https://nam11.safelinks.protection.outlook.com/?url=https%3A%2F%2Fwww.bankofamerica.com%2Fsecurity-center%2Fprivacy-overview%2F&data=05%7C02%7Cgraham.mills%40duke.edu%7C080e6d9d830b4598469008de5a28719b%7Ccb72c54e4a314d9eb14a1ea36dfac94c%7C0%7C0%7C639047326923986717%7CUnknown%7CTWFpbGZsb3d8eyJFbXB0eU1hcGkiOnRydWUsIlYiOiIwLjAuMDAwMCIsIlAiOiJXaW4zMiIsIkFOIjoiTWFpbCIsIldUIjoyfQ%3D%3D%7C0%7C%7C%7C&sdata=izxfK9HBeM4JR77IdzbmKZdIjkcq9GpFQQROC7rDp3E%3D&reserved=0>  (which includes US State specific privacy notices such as the http://www.bankofamerica.com/ccpa-notice <https://nam11.safelinks.protection.outlook.com/?url=http%3A%2F%2Fwww.bankofamerica.com%2Fccpa-notice&data=05%7C02%7Cgraham.mills%40duke.edu%7C080e6d9d830b4598469008de5a28719b%7Ccb72c54e4a314d9eb14a1ea36dfac94c%7C0%7C0%7C639047326924009703%7CUnknown%7CTWFpbGZsb3d8eyJFbXB0eU1hcGkiOnRydWUsIlYiOiIwLjAuMDAwMCIsIlAiOiJXaW4zMiIsIkFOIjoiTWFpbCIsIldUIjoyfQ%3D%3D%7C0%7C%7C%7C&sdata=2fkZWbCWZEgwoyL3a4qITbVRZaDWfX%2FXxVFXutihzKA%3D&reserved=0> ).

________________________________

This message, and any attachment(s), is for the intended recipient(s) only, may contain information that is privileged, confidential and/or proprietary and subject to important terms and conditions available at http://www.bankofamerica.com/electronic-disclaimer <https://nam11.safelinks.protection.outlook.com/?url=http%3A%2F%2Fwww.bankofamerica.com%2Felectronic-disclaimer&data=05%7C02%7Cgraham.mills%40duke.edu%7C080e6d9d830b4598469008de5a28719b%7Ccb72c54e4a314d9eb14a1ea36dfac94c%7C0%7C0%7C639047326924032419%7CUnknown%7CTWFpbGZsb3d8eyJFbXB0eU1hcGkiOnRydWUsIlYiOiIwLjAuMDAwMCIsIlAiOiJXaW4zMiIsIkFOIjoiTWFpbCIsIldUIjoyfQ%3D%3D%7C0%7C%7C%7C&sdata=DFSbdYtgFDnhpSshcgueQCM6Km%2BmgmMMG6k15gSQpWY%3D&reserved=0> . If you are not the intended recipient, please delete this message. For more information about how Bank of America protects your privacy, including specific rights that may apply, please visit the following pages: https://business.bofa.com/en-us/content/global-privacy-notices.html <https://nam11.safelinks.protection.outlook.com/?url=https%3A%2F%2Fbusiness.bofa.com%2Fen-us%2Fcontent%2Fglobal-privacy-notices.html&data=05%7C02%7Cgraham.mills%40duke.edu%7C080e6d9d830b4598469008de5a28719b%7Ccb72c54e4a314d9eb14a1ea36dfac94c%7C0%7C0%7C639047326924056965%7CUnknown%7CTWFpbGZsb3d8eyJFbXB0eU1hcGkiOnRydWUsIlYiOiIwLjAuMDAwMCIsIlAiOiJXaW4zMiIsIkFOIjoiTWFpbCIsIldUIjoyfQ%3D%3D%7C0%7C%7C%7C&sdata=%2FNjSy0vj8AKIZg%2BRuXG8E6BeeJoEFo6meOYTMnplLv0%3D&reserved=0>  (which includes global privacy notices) and https://www.bankofamerica.com/security-center/privacy-overview/ <https://nam11.safelinks.protection.outlook.com/?url=https%3A%2F%2Fwww.bankofamerica.com%2Fsecurity-center%2Fprivacy-overview%2F&data=05%7C02%7Cgraham.mills%40duke.edu%7C080e6d9d830b4598469008de5a28719b%7Ccb72c54e4a314d9eb14a1ea36dfac94c%7C0%7C0%7C639047326924080842%7CUnknown%7CTWFpbGZsb3d8eyJFbXB0eU1hcGkiOnRydWUsIlYiOiIwLjAuMDAwMCIsIlAiOiJXaW4zMiIsIkFOIjoiTWFpbCIsIldUIjoyfQ%3D%3D%7C0%7C%7C%7C&sdata=JgdnYRu%2B0%2FxVOfIhjmecsb6XM%2BXGt2rWAnWmZQb2%2ByU%3D&reserved=0>  (which includes US State specific privacy notices such as the http://www.bankofamerica.com/ccpa-notice <https://nam11.safelinks.protection.outlook.com/?url=http%3A%2F%2Fwww.bankofamerica.com%2Fccpa-notice&data=05%7C02%7Cgraham.mills%40duke.edu%7C080e6d9d830b4598469008de5a28719b%7Ccb72c54e4a314d9eb14a1ea36dfac94c%7C0%7C0%7C639047326924104206%7CUnknown%7CTWFpbGZsb3d8eyJFbXB0eU1hcGkiOnRydWUsIlYiOiIwLjAuMDAwMCIsIlAiOiJXaW4zMiIsIkFOIjoiTWFpbCIsIldUIjoyfQ%3D%3D%7C0%7C%7C%7C&sdata=eEzMwvGKrlLIaMi%2BxiyorV550A8u7wOXRlL5eNpocsc%3D&reserved=0> ).

________________________________

This message, and any attachment(s), is for the intended recipient(s) only, may contain information that is privileged, confidential and/or proprietary and subject to important terms and conditions available at http://www.bankofamerica.com/electronic-disclaimer. If you are not the intended recipient, please delete this message. For more information about how Bank of America protects your privacy, including specific rights that may apply, please visit the following pages: https://business.bofa.com/en-us/content/global-privacy-notices.html (which includes global privacy notices) and https://www.bankofamerica.com/security-center/privacy-overview/ (which includes US State specific privacy notices such as the http://www.bankofamerica.com/ccpa-notice).

","Graham Mills","/o=ExchangeLabs/ou=Exchange Administrative Group (FYDIBOHF23SPDLT)/cn=Recipients/cn=db3bfe3506794f919ac1e0bca73ab3a9-a02bfddf-ef","EX","McCollum, Will","william.mccollum@bofa.com","SMTP",,,,,,,,,"Normal",,"Normal"
"Re: HireVue Resubmission Request - Graham Mills - 2027 Investment Banking Summer Analyst","Yes, that will be plenty of time. Thank you so much!

Get Outlook for iOS <https://aka.ms/o0ukef> 
________________________________

From: Seak, Dalika <Dalika.Seak@psc.com>
Sent: Friday, January 30, 2026 10:17:42 AM
To: Graham Mills <graham.mills@duke.edu>
Subject: RE: HireVue Resubmission Request - Graham Mills - 2027 Investment Banking Summer Analyst 
 

Thanks, Graham,

I sent you the Hirevue Invite. Because the deadline has since passed, I was able to have this extended for you till 11:45 pm ct today. Hopefully, this is enough time for you as you have reviewed the questions already. Please complete as soon as you can.

 

Thanks so much,

Dalika

 

Dalika Seak
D 612 303-6859
M 612 799-3935
E dalika.seak@psc.com <mailto:dalika.seak@psc.com> 

 

 

From: Graham Mills <graham.mills@duke.edu> 
Sent: Thursday, January 29, 2026 5:09 PM
To: Seak, Dalika <Dalika.Seak@psc.com>
Subject: Re: HireVue Resubmission Request - Graham Mills - 2027 Investment Banking Summer Analyst [EXTERNAL]

 

Thanks for getting back to me. Please email me at grahammillspb@gmail.com <mailto:grahammillspb@gmail.com>  and I’ll complete a second HireVue on there. Thank you for being so accommodating.

 

Best,

Graham

 

Get Outlook for iOS <https://urldefense.com/v3/__https:/aka.ms/o0ukef__;!!NVlXZax1HunXeA!FtGWB0ytCGzHkkShJ-VUQQObbYexNbLngnRH5LrT-WIOjlQQ-r_L9DNOMKxluIci3-Gdh2x_Iho212GUEULUXIU$> 

________________________________

From: Seak, Dalika <Dalika.Seak@psc.com <mailto:Dalika.Seak@psc.com> >
Sent: Thursday, January 29, 2026 2:20:40 PM
To: Graham Mills <graham.mills@duke.edu <mailto:graham.mills@duke.edu> >
Subject: RE: HireVue Resubmission Request - Graham Mills - 2027 Investment Banking Summer Analyst 

 

Hi Graham,

Thanks for your note. Unfortunately, there is not a way to “Redo” your submission. What we can do is, “cancel” your submission and invite you again through a different email. Thus, you would be able to log in again and complete a new HireVue OnDemand. Please let me know if you have a second email, I can send that to, and I am happy to!

 

Thanks,

Dalika

 

Dalika Seak
D 612 303-6859
M 612 799-3935
E dalika.seak@psc.com <mailto:dalika.seak@psc.com> 

 

 

From: Graham Mills <graham.mills@duke.edu <mailto:graham.mills@duke.edu> > 
Sent: Thursday, January 29, 2026 1:05 PM
To: Seak, Dalika <Dalika.Seak@psc.com <mailto:Dalika.Seak@psc.com> >
Subject: HireVue Resubmission Request - Graham Mills - 2027 Investment Banking Summer Analyst [EXTERNAL]

 

Hi Dalika,

I hope you’re having a good week.

I am writing regarding my HireVue submission for the 2027 Investment Banking Summer Analyst program. I was recently speaking with Amish Gupta, and he informed me I would need to redo my HireVue since there was an issue with my audio.

Could you please reset my link or let me know the best way to facilitate this?

Best regards, 

Graham Mills

 

________________________________

Piper Sandler employees are required to conduct all business-related communication through approved technology systems. This includes, but is not limited to, psc.com email addresses, Bloomberg messages, and corporate-issued device text messaging. Please do not use texting through an employee’s personal phone numbers, personal email addresses, instant messaging apps, social media apps, or other third-party messaging applications for electronic communication with Piper Sandler employees.

Piper Sandler & Co. Since 1895. Member SIPC and NYSE.

Piper Sandler outgoing and incoming e-mail is electronically archived and recorded and is subject to review, monitoring and/or disclosure to someone other than the recipient. If you are not the intended recipient, any disclosure, copying or distribution is prohibited; you should contact the sender immediately and then delete it from your system. This e-mail may be considered an advertisement or solicitation for purposes of regulation of commercial electronic mail messages. If you do not wish to receive commercial email communication from Piper Sandler please send or forward the email to NoEmail@psc.com <mailto:NoEmail@psc.com>  asking to be added to the Piper Sandler “Do Not Email Registry.” For additional disclosure information related to this e-mail see http://www.pipersandler.com/disclosures <https://nam11.safelinks.protection.outlook.com/?url=http%3A%2F%2Fwww.pipersandler.com%2Fdisclosures&data=05%7C02%7Cgraham.mills%40duke.edu%7C99f16da666d14eab38c908de6012b9dd%7Ccb72c54e4a314d9eb14a1ea36dfac94c%7C0%7C0%7C639053830734178568%7CUnknown%7CTWFpbGZsb3d8eyJFbXB0eU1hcGkiOnRydWUsIlYiOiIwLjAuMDAwMCIsIlAiOiJXaW4zMiIsIkFOIjoiTWFpbCIsIldUIjoyfQ%3D%3D%7C0%7C%7C%7C&sdata=Vtchz%2FmactItgl6507fzE8DYSZpXlLVUeIIMoxdPj%2Bs%3D&reserved=0> 

________________________________

Piper Sandler employees are required to conduct all business-related communication through approved technology systems. This includes, but is not limited to, psc.com email addresses, Bloomberg messages, and corporate-issued device text messaging. Please do not use texting through an employee’s personal phone numbers, personal email addresses, instant messaging apps, social media apps, or other third-party messaging applications for electronic communication with Piper Sandler employees.

Piper Sandler & Co. Since 1895. Member SIPC and NYSE.

Piper Sandler outgoing and incoming e-mail is electronically archived and recorded and is subject to review, monitoring and/or disclosure to someone other than the recipient. If you are not the intended recipient, any disclosure, copying or distribution is prohibited; you should contact the sender immediately and then delete it from your system. This e-mail may be considered an advertisement or solicitation for purposes of regulation of commercial electronic mail messages. If you do not wish to receive commercial email communication from Piper Sandler please send or forward the email to NoEmail@psc.com asking to be added to the Piper Sandler “Do Not Email Registry.” For additional disclosure information related to this e-mail see http://www.pipersandler.com/disclosures

","Graham Mills","/o=ExchangeLabs/ou=Exchange Administrative Group (FYDIBOHF23SPDLT)/cn=Recipients/cn=db3bfe3506794f919ac1e0bca73ab3a9-a02bfddf-ef","EX","Seak, Dalika","Dalika.Seak@psc.com","SMTP",,,,,,,,,"Normal",,"Normal"
"Re: Duke Student - Battery Interest","Just saw the calendar invite, that’s perfect.

Get Outlook for iOS <https://aka.ms/o0ukef> 
________________________________

From: Graham Mills <graham.mills@duke.edu>
Sent: Friday, January 30, 2026 1:00:13 PM
To: Jordan Bernstein <jbernstein@battery.com>
Subject: Re: Duke Student - Battery Interest 
 
That actually works great for me. Just let me know what time. Talk to you then.

Get Outlook for iOS <https://aka.ms/o0ukef> 
________________________________

From: Jordan Bernstein <jbernstein@battery.com>
Sent: Friday, January 30, 2026 11:47:45 AM
To: Graham Mills <graham.mills@duke.edu>
Subject: Re: Duke Student - Battery Interest 
 
Hey Graham - a couple urgent things came up so I needed to move our call to tomorrow. Let me know if that works?

 <https://r.superhuman.com/LMZg7i2xPZH6GtXKSxUrZRKTDoFZRKkLvFBB3MMzAYzK4TOl4OD7a7nn3MGOZ7PftKYjNbCVLKYFwsM1O53oSowxr_n-T0l8mgIIlRv1h_HmhWPRt92fvh8MgTJFyC038RvqgYljSUtzUe21FwxoIs95fVPlJElRI0AP81q7WtJu3ldnYQWN2wJGstPm4ZVTNJwxD5JM5DU.gif> 

--

Jordan Bernstein

Battery Ventures | Calendly <https://nam11.safelinks.protection.outlook.com/?url=https%3A%2F%2Fcalendly.com%2Fjbernstein-battery%2F30min&data=05%7C02%7Cgraham.mills%40duke.edu%7C9d287bb7ce814246112c08de601f4c4d%7Ccb72c54e4a314d9eb14a1ea36dfac94c%7C0%7C0%7C639053884713091852%7CUnknown%7CTWFpbGZsb3d8eyJFbXB0eU1hcGkiOnRydWUsIlYiOiIwLjAuMDAwMCIsIlAiOiJXaW4zMiIsIkFOIjoiTWFpbCIsIldUIjoyfQ%3D%3D%7C0%7C%7C%7C&sdata=8q0Ty%2FfAuBuYVl%2F2oYo3MRlIIr73gIBtR0mmtJfiOvQ%3D&reserved=0> 

+1 (415) 426-5935



On Fri, Jan 23, 2026 at 10:31 AM, Jordan Bernstein <jbernstein@battery.com <mailto:jbernstein@battery.com> > wrote:


	No worries

	--
	
	Jordan Bernstein
	
	Battery Ventures | Calendly <https://nam11.safelinks.protection.outlook.com/?url=https%3A%2F%2Fcalendly.com%2Fjbernstein-battery%2F30min&data=05%7C02%7Cgraham.mills%40duke.edu%7C9d287bb7ce814246112c08de601f4c4d%7Ccb72c54e4a314d9eb14a1ea36dfac94c%7C0%7C0%7C639053884713164951%7CUnknown%7CTWFpbGZsb3d8eyJFbXB0eU1hcGkiOnRydWUsIlYiOiIwLjAuMDAwMCIsIlAiOiJXaW4zMiIsIkFOIjoiTWFpbCIsIldUIjoyfQ%3D%3D%7C0%7C%7C%7C&sdata=DXsxlnFveXNGISxsCYXVZYOdosBQf7bMOKRaBLc8UYE%3D&reserved=0> 
	
	+1 (415) 426-5935
	


	On Fri, Jan 23, 2026 at 10:25 AM, Graham Mills <graham.mills@duke.edu <mailto:graham.mills@duke.edu> > wrote:
	

		Sorry about that. I'll cancel what I sent and accept your invite.
________________________________

		From: Jordan Bernstein <jbernstein@battery.com <mailto:jbernstein@battery.com> >
		Sent: Friday, January 23, 2026 1:23 PM
		To: Graham Mills <graham.mills@duke.edu <mailto:graham.mills@duke.edu> >
		Subject: Re: Duke Student - Battery Interest 
		 
		Sorry Graham, I mean in PST. I'll send you an invite.

		--
		
		Jordan Bernstein
		
		Battery Ventures | Calendly <https://nam11.safelinks.protection.outlook.com/?url=https%3A%2F%2Fcalendly.com%2Fjbernstein-battery%2F30min&data=05%7C02%7Cgraham.mills%40duke.edu%7C9d287bb7ce814246112c08de601f4c4d%7Ccb72c54e4a314d9eb14a1ea36dfac94c%7C0%7C0%7C639053884713197528%7CUnknown%7CTWFpbGZsb3d8eyJFbXB0eU1hcGkiOnRydWUsIlYiOiIwLjAuMDAwMCIsIlAiOiJXaW4zMiIsIkFOIjoiTWFpbCIsIldUIjoyfQ%3D%3D%7C0%7C%7C%7C&sdata=%2F%2FsLpYK0hvfCB%2Ba6%2F3KPrw5WhAgOEj4YayhRYOfeHKc%3D&reserved=0> 
		
		+1 (415) 426-5935
		


		On Fri, Jan 23, 2026 at 10:21 AM, Graham Mills <graham.mills@duke.edu <mailto:graham.mills@duke.edu> > wrote:
		

			That's perfect. I'll send a calendar invite.
________________________________

			From: Jordan Bernstein <jbernstein@battery.com <mailto:jbernstein@battery.com> >
			Sent: Friday, January 23, 2026 1:08 PM
			To: Graham Mills <graham.mills@duke.edu <mailto:graham.mills@duke.edu> >
			Subject: Re: Duke Student - Battery Interest 
			 
			Zoom or phone call is best. Next friday at 10:15 PST work?
			


			--
			
			Jordan Bernstein
			
			Battery Ventures | Calendly <https://nam11.safelinks.protection.outlook.com/?url=https%3A%2F%2Fcalendly.com%2Fjbernstein-battery%2F30min&data=05%7C02%7Cgraham.mills%40duke.edu%7C9d287bb7ce814246112c08de601f4c4d%7Ccb72c54e4a314d9eb14a1ea36dfac94c%7C0%7C0%7C639053884713220375%7CUnknown%7CTWFpbGZsb3d8eyJFbXB0eU1hcGkiOnRydWUsIlYiOiIwLjAuMDAwMCIsIlAiOiJXaW4zMiIsIkFOIjoiTWFpbCIsIldUIjoyfQ%3D%3D%7C0%7C%7C%7C&sdata=OcVUU4GF9rDCZMoY2NUilxvYS%2BptOEY3ImH98W8tfSo%3D&reserved=0> 
			
			+1 (415) 426-5935
			


			On Fri, Jan 23, 2026 at 9:49 AM, Graham Mills <graham.mills@duke.edu <mailto:graham.mills@duke.edu> > wrote:
			

				Hi Jordan,

				Thank for getting back to me. I’d love to learn more about the growth team and I can come ready with companies to discuss.

				How would you prefer to meet? I can meet you by your office or over phone. Just let me know and we can get something scheduled.

				Graham

				Get Outlook for iOS <https://nam11.safelinks.protection.outlook.com/?url=https%3A%2F%2Faka.ms%2Fo0ukef&data=05%7C02%7Cgraham.mills%40duke.edu%7C9d287bb7ce814246112c08de601f4c4d%7Ccb72c54e4a314d9eb14a1ea36dfac94c%7C0%7C0%7C639053884713243551%7CUnknown%7CTWFpbGZsb3d8eyJFbXB0eU1hcGkiOnRydWUsIlYiOiIwLjAuMDAwMCIsIlAiOiJXaW4zMiIsIkFOIjoiTWFpbCIsIldUIjoyfQ%3D%3D%7C0%7C%7C%7C&sdata=3ncEHoe1WEGQ3lhCcSaGGzrDPyD3Xs0u9laEe3MtC%2F4%3D&reserved=0> 
________________________________

				From: Jordan Bernstein <jbernstein@battery.com <mailto:jbernstein@battery.com> >
				Sent: Friday, January 23, 2026 12:22:41 PM
				To: Graham Mills <graham.mills@duke.edu <mailto:graham.mills@duke.edu> >
				Subject: Re: Duke Student - Battery Interest 
				 
				Hi Graham,
				

				Glad to connect and would be happy to find 10 minutes. I'm on the growth team (not the VC team), meaning we invest in mostly bootstrapped (unfunded) software companies that are growing 30-50% per year (versus VC which invest in companies growing 2-3x / year with much funding). A lot of what we do here is sourcing - basically searching online for the next great growth stage software business.
				

				Happy to set up time in the next couple weeks - can you come ready to talk about 3 software companies you think we might not know about that would make great investments for our team? Our portfolio is on our website if you're looking for inspiration.
				

				Best,
				
				Jordan 
				

				--
				
				Jordan Bernstein
				
				Battery Ventures | Calendly <https://nam11.safelinks.protection.outlook.com/?url=https%3A%2F%2Fcalendly.com%2Fjbernstein-battery%2F30min&data=05%7C02%7Cgraham.mills%40duke.edu%7C9d287bb7ce814246112c08de601f4c4d%7Ccb72c54e4a314d9eb14a1ea36dfac94c%7C0%7C0%7C639053884713265336%7CUnknown%7CTWFpbGZsb3d8eyJFbXB0eU1hcGkiOnRydWUsIlYiOiIwLjAuMDAwMCIsIlAiOiJXaW4zMiIsIkFOIjoiTWFpbCIsIldUIjoyfQ%3D%3D%7C0%7C%7C%7C&sdata=UfggC%2BU42beWyt6cyx%2F7g3gwKq%2FIIgM%2F1oBwt2ppaVQ%3D&reserved=0> 
				
				+1 (415) 426-5935
				


				On Fri, Jan 23, 2026 at 7:30 AM, Graham Mills <graham.mills@duke.edu <mailto:graham.mills@duke.edu> > wrote:
				

					Hi Jordan,
					Hope you're having a good week. I just wanted to reach out and let you know I recently submitted my application for the 2027 Summer Investment Internship position at Battery.
					I've been following Battery’s work in the VC space for a while and would love to chat if you have a few minutes down the road. Either way, thanks for your time!
					Best,
					Graham Mills



				
				Confidentiality Statement: All incoming and outgoing email is monitored and archived. This e-mail message, and all attachments, may contain legally privileged or confidential information intended solely for the use of the individual, agent, or entity named in the e-mail. If you are not a designated recipient, you may not review, copy or distribute this message. If you receive this in error, please notify the sender by reply e-mail and delete this message. If you are an individual in the European Union, a California resident, or a job applicant, please refer to the applicable privacy notice here <https://nam11.safelinks.protection.outlook.com/?url=https%3A%2F%2Fwww.battery.com%2Fprivacy-policy%2F&data=05%7C02%7Cgraham.mills%40duke.edu%7C9d287bb7ce814246112c08de601f4c4d%7Ccb72c54e4a314d9eb14a1ea36dfac94c%7C0%7C0%7C639053884713288592%7CUnknown%7CTWFpbGZsb3d8eyJFbXB0eU1hcGkiOnRydWUsIlYiOiIwLjAuMDAwMCIsIlAiOiJXaW4zMiIsIkFOIjoiTWFpbCIsIldUIjoyfQ%3D%3D%7C0%7C%7C%7C&sdata=5%2BA3s%2BZCjDetfHbZppRDLRbeceyejyleojda4ci2fBU%3D&reserved=0> . This email may be produced at the request of regulators or in connection with civil litigation.
				Consent to AI Notetaking: Please note that Battery Ventures may utilize AI notetaking tools during meetings. If you do not consent to the use of AI notetaking tools, please inform your contact at Battery Ventures. Otherwise, your participation in such meetings will be taken as consent to use AI notetaking tools.


","Graham Mills","/o=ExchangeLabs/ou=Exchange Administrative Group (FYDIBOHF23SPDLT)/cn=Recipients/cn=db3bfe3506794f919ac1e0bca73ab3a9-a02bfddf-ef","EX","Graham Mills","/o=ExchangeLabs/ou=Exchange Administrative Group (FYDIBOHF23SPDLT)/cn=Recipients/cn=db3bfe3506794f919ac1e0bca73ab3a9-a02bfddf-ef","EX",,,,,,,,,"Normal",,"Normal"
"Re: Duke Student - Battery Interest","That actually works great for me. Just let me know what time. Talk to you then.

Get Outlook for iOS <https://aka.ms/o0ukef> 
________________________________

From: Jordan Bernstein <jbernstein@battery.com>
Sent: Friday, January 30, 2026 11:47:45 AM
To: Graham Mills <graham.mills@duke.edu>
Subject: Re: Duke Student - Battery Interest 
 
Hey Graham - a couple urgent things came up so I needed to move our call to tomorrow. Let me know if that works?

 <https://r.superhuman.com/LMZg7i2xPZH6GtXKSxUrZRKTDoFZRKkLvFBB3MMzAYzK4TOl4OD7a7nn3MGOZ7PftKYjNbCVLKYFwsM1O53oSowxr_n-T0l8mgIIlRv1h_HmhWPRt92fvh8MgTJFyC038RvqgYljSUtzUe21FwxoIs95fVPlJElRI0AP81q7WtJu3ldnYQWN2wJGstPm4ZVTNJwxD5JM5DU.gif> 

--

Jordan Bernstein

Battery Ventures | Calendly <https://nam11.safelinks.protection.outlook.com/?url=https%3A%2F%2Fcalendly.com%2Fjbernstein-battery%2F30min&data=05%7C02%7Cgraham.mills%40duke.edu%7C9d287bb7ce814246112c08de601f4c4d%7Ccb72c54e4a314d9eb14a1ea36dfac94c%7C0%7C0%7C639053884713091852%7CUnknown%7CTWFpbGZsb3d8eyJFbXB0eU1hcGkiOnRydWUsIlYiOiIwLjAuMDAwMCIsIlAiOiJXaW4zMiIsIkFOIjoiTWFpbCIsIldUIjoyfQ%3D%3D%7C0%7C%7C%7C&sdata=8q0Ty%2FfAuBuYVl%2F2oYo3MRlIIr73gIBtR0mmtJfiOvQ%3D&reserved=0> 

+1 (415) 426-5935



On Fri, Jan 23, 2026 at 10:31 AM, Jordan Bernstein <jbernstein@battery.com <mailto:jbernstein@battery.com> > wrote:


	No worries

	--
	
	Jordan Bernstein
	
	Battery Ventures | Calendly <https://nam11.safelinks.protection.outlook.com/?url=https%3A%2F%2Fcalendly.com%2Fjbernstein-battery%2F30min&data=05%7C02%7Cgraham.mills%40duke.edu%7C9d287bb7ce814246112c08de601f4c4d%7Ccb72c54e4a314d9eb14a1ea36dfac94c%7C0%7C0%7C639053884713164951%7CUnknown%7CTWFpbGZsb3d8eyJFbXB0eU1hcGkiOnRydWUsIlYiOiIwLjAuMDAwMCIsIlAiOiJXaW4zMiIsIkFOIjoiTWFpbCIsIldUIjoyfQ%3D%3D%7C0%7C%7C%7C&sdata=DXsxlnFveXNGISxsCYXVZYOdosBQf7bMOKRaBLc8UYE%3D&reserved=0> 
	
	+1 (415) 426-5935
	


	On Fri, Jan 23, 2026 at 10:25 AM, Graham Mills <graham.mills@duke.edu <mailto:graham.mills@duke.edu> > wrote:
	

		Sorry about that. I'll cancel what I sent and accept your invite.
________________________________

		From: Jordan Bernstein <jbernstein@battery.com <mailto:jbernstein@battery.com> >
		Sent: Friday, January 23, 2026 1:23 PM
		To: Graham Mills <graham.mills@duke.edu <mailto:graham.mills@duke.edu> >
		Subject: Re: Duke Student - Battery Interest 
		 
		Sorry Graham, I mean in PST. I'll send you an invite.

		--
		
		Jordan Bernstein
		
		Battery Ventures | Calendly <https://nam11.safelinks.protection.outlook.com/?url=https%3A%2F%2Fcalendly.com%2Fjbernstein-battery%2F30min&data=05%7C02%7Cgraham.mills%40duke.edu%7C9d287bb7ce814246112c08de601f4c4d%7Ccb72c54e4a314d9eb14a1ea36dfac94c%7C0%7C0%7C639053884713197528%7CUnknown%7CTWFpbGZsb3d8eyJFbXB0eU1hcGkiOnRydWUsIlYiOiIwLjAuMDAwMCIsIlAiOiJXaW4zMiIsIkFOIjoiTWFpbCIsIldUIjoyfQ%3D%3D%7C0%7C%7C%7C&sdata=%2F%2FsLpYK0hvfCB%2Ba6%2F3KPrw5WhAgOEj4YayhRYOfeHKc%3D&reserved=0> 
		
		+1 (415) 426-5935
		


		On Fri, Jan 23, 2026 at 10:21 AM, Graham Mills <graham.mills@duke.edu <mailto:graham.mills@duke.edu> > wrote:
		

			That's perfect. I'll send a calendar invite.
________________________________

			From: Jordan Bernstein <jbernstein@battery.com <mailto:jbernstein@battery.com> >
			Sent: Friday, January 23, 2026 1:08 PM
			To: Graham Mills <graham.mills@duke.edu <mailto:graham.mills@duke.edu> >
			Subject: Re: Duke Student - Battery Interest 
			 
			Zoom or phone call is best. Next friday at 10:15 PST work?
			


			--
			
			Jordan Bernstein
			
			Battery Ventures | Calendly <https://nam11.safelinks.protection.outlook.com/?url=https%3A%2F%2Fcalendly.com%2Fjbernstein-battery%2F30min&data=05%7C02%7Cgraham.mills%40duke.edu%7C9d287bb7ce814246112c08de601f4c4d%7Ccb72c54e4a314d9eb14a1ea36dfac94c%7C0%7C0%7C639053884713220375%7CUnknown%7CTWFpbGZsb3d8eyJFbXB0eU1hcGkiOnRydWUsIlYiOiIwLjAuMDAwMCIsIlAiOiJXaW4zMiIsIkFOIjoiTWFpbCIsIldUIjoyfQ%3D%3D%7C0%7C%7C%7C&sdata=OcVUU4GF9rDCZMoY2NUilxvYS%2BptOEY3ImH98W8tfSo%3D&reserved=0> 
			
			+1 (415) 426-5935
			


			On Fri, Jan 23, 2026 at 9:49 AM, Graham Mills <graham.mills@duke.edu <mailto:graham.mills@duke.edu> > wrote:
			

				Hi Jordan,

				Thank for getting back to me. I’d love to learn more about the growth team and I can come ready with companies to discuss.

				How would you prefer to meet? I can meet you by your office or over phone. Just let me know and we can get something scheduled.

				Graham

				Get Outlook for iOS <https://nam11.safelinks.protection.outlook.com/?url=https%3A%2F%2Faka.ms%2Fo0ukef&data=05%7C02%7Cgraham.mills%40duke.edu%7C9d287bb7ce814246112c08de601f4c4d%7Ccb72c54e4a314d9eb14a1ea36dfac94c%7C0%7C0%7C639053884713243551%7CUnknown%7CTWFpbGZsb3d8eyJFbXB0eU1hcGkiOnRydWUsIlYiOiIwLjAuMDAwMCIsIlAiOiJXaW4zMiIsIkFOIjoiTWFpbCIsIldUIjoyfQ%3D%3D%7C0%7C%7C%7C&sdata=3ncEHoe1WEGQ3lhCcSaGGzrDPyD3Xs0u9laEe3MtC%2F4%3D&reserved=0> 
________________________________

				From: Jordan Bernstein <jbernstein@battery.com <mailto:jbernstein@battery.com> >
				Sent: Friday, January 23, 2026 12:22:41 PM
				To: Graham Mills <graham.mills@duke.edu <mailto:graham.mills@duke.edu> >
				Subject: Re: Duke Student - Battery Interest 
				 
				Hi Graham,
				

				Glad to connect and would be happy to find 10 minutes. I'm on the growth team (not the VC team), meaning we invest in mostly bootstrapped (unfunded) software companies that are growing 30-50% per year (versus VC which invest in companies growing 2-3x / year with much funding). A lot of what we do here is sourcing - basically searching online for the next great growth stage software business.
				

				Happy to set up time in the next couple weeks - can you come ready to talk about 3 software companies you think we might not know about that would make great investments for our team? Our portfolio is on our website if you're looking for inspiration.
				

				Best,
				
				Jordan 
				

				--
				
				Jordan Bernstein
				
				Battery Ventures | Calendly <https://nam11.safelinks.protection.outlook.com/?url=https%3A%2F%2Fcalendly.com%2Fjbernstein-battery%2F30min&data=05%7C02%7Cgraham.mills%40duke.edu%7C9d287bb7ce814246112c08de601f4c4d%7Ccb72c54e4a314d9eb14a1ea36dfac94c%7C0%7C0%7C639053884713265336%7CUnknown%7CTWFpbGZsb3d8eyJFbXB0eU1hcGkiOnRydWUsIlYiOiIwLjAuMDAwMCIsIlAiOiJXaW4zMiIsIkFOIjoiTWFpbCIsIldUIjoyfQ%3D%3D%7C0%7C%7C%7C&sdata=UfggC%2BU42beWyt6cyx%2F7g3gwKq%2FIIgM%2F1oBwt2ppaVQ%3D&reserved=0> 
				
				+1 (415) 426-5935
				


				On Fri, Jan 23, 2026 at 7:30 AM, Graham Mills <graham.mills@duke.edu <mailto:graham.mills@duke.edu> > wrote:
				

					Hi Jordan,
					Hope you're having a good week. I just wanted to reach out and let you know I recently submitted my application for the 2027 Summer Investment Internship position at Battery.
					I've been following Battery’s work in the VC space for a while and would love to chat if you have a few minutes down the road. Either way, thanks for your time!
					Best,
					Graham Mills



				
				Confidentiality Statement: All incoming and outgoing email is monitored and archived. This e-mail message, and all attachments, may contain legally privileged or confidential information intended solely for the use of the individual, agent, or entity named in the e-mail. If you are not a designated recipient, you may not review, copy or distribute this message. If you receive this in error, please notify the sender by reply e-mail and delete this message. If you are an individual in the European Union, a California resident, or a job applicant, please refer to the applicable privacy notice here <https://nam11.safelinks.protection.outlook.com/?url=https%3A%2F%2Fwww.battery.com%2Fprivacy-policy%2F&data=05%7C02%7Cgraham.mills%40duke.edu%7C9d287bb7ce814246112c08de601f4c4d%7Ccb72c54e4a314d9eb14a1ea36dfac94c%7C0%7C0%7C639053884713288592%7CUnknown%7CTWFpbGZsb3d8eyJFbXB0eU1hcGkiOnRydWUsIlYiOiIwLjAuMDAwMCIsIlAiOiJXaW4zMiIsIkFOIjoiTWFpbCIsIldUIjoyfQ%3D%3D%7C0%7C%7C%7C&sdata=5%2BA3s%2BZCjDetfHbZppRDLRbeceyejyleojda4ci2fBU%3D&reserved=0> . This email may be produced at the request of regulators or in connection with civil litigation.
				Consent to AI Notetaking: Please note that Battery Ventures may utilize AI notetaking tools during meetings. If you do not consent to the use of AI notetaking tools, please inform your contact at Battery Ventures. Otherwise, your participation in such meetings will be taken as consent to use AI notetaking tools.


","Graham Mills","/o=ExchangeLabs/ou=Exchange Administrative Group (FYDIBOHF23SPDLT)/cn=Recipients/cn=db3bfe3506794f919ac1e0bca73ab3a9-a02bfddf-ef","EX","Jordan Bernstein","jbernstein@battery.com","SMTP",,,,,,,,,"Normal",,"Normal"
"Graham/Lavonne Chat","","Graham Mills","/o=ExchangeLabs/ou=Exchange Administrative Group (FYDIBOHF23SPDLT)/cn=Recipients/cn=db3bfe3506794f919ac1e0bca73ab3a9-a02bfddf-ef","EX","lavonne.hoang@us.hsbc.com","lavonne.hoang@us.hsbc.com","SMTP",,,,,,,,,"Normal",,"Normal"
"Re: Duke Student- Referral from Emma Brennan","Sounds good. Looking forward to speaking with you then!

Get Outlook for iOS <https://aka.ms/o0ukef> 
________________________________

From: Voltaggio, Liliana <liliana.voltaggio@citi.com>
Sent: Thursday, January 29, 2026 2:19:54 PM
To: Graham Mills <graham.mills@duke.edu>
Subject: RE: Duke Student- Referral from Emma Brennan 
 

Hi Graham,

 

Let’s chat at 3pm tomorrow – please give me a call at 212-723-0353 then. Thank you!

 

Best,

Lilly

 

From: [duke.edu] Graham Mills 
Sent: Thursday, January 29, 2026 1:49 PM
To: Voltaggio, Liliana [MKTS]
Subject: Re: Duke Student- Referral from Emma Brennan

 

Thanks for getting back to me. I'm available anytime after 3 pm tomorrow. Just let me know what works for you. Best, Graham From: Voltaggio, Liliana <liliana. voltaggio@ citi. com> Sent: Thursday, January 29, 2026 8: 23 AM To: Graham Mills

Thanks for getting back to me. I'm available anytime after 3 pm tomorrow. Just let me know what works for you.

 

Best,

Graham

________________________________

From: Voltaggio, Liliana <liliana.voltaggio@citi.com <mailto:liliana.voltaggio@citi.com> >
Sent: Thursday, January 29, 2026 8:23 AM
To: Graham Mills <graham.mills@duke.edu <mailto:graham.mills@duke.edu> >
Subject: RE: Duke Student- Referral from Emma Brennan 

 

Hi Graham,

 

Thanks for reaching out! Of course, I’m happy to chat.

 

By phone will be easiest for me if OK with you – are you free any time tomorrow? I’m most flexible on Friday, but can definitely find us a slot next week if you prefer another day.

 

Thank you,

Lilly

 

Lilly Voltaggio

FX Product | +1 (212) 723-0353

liliana.voltaggio@citi.com <mailto:liliana.voltaggio@citi.com> 

 

From: [duke.edu <https://urldefense.com/v3/__http:/duke.edu__;!!Jkho33Y!iuf8KV4mzel5jPLCkI20mW4BTqe8ucZgouAKT4V5wxanJaI4IQQFSpjqte-lS4eCJmLPAMpnHSJ3H8rBHeL5aldoJZ6l$> ] Graham Mills 
Sent: Wednesday, January 28, 2026 5:49 PM
To: Voltaggio, Liliana [MKTS]
Subject: Duke Student- Referral from Emma Brennan

 

Hi Liliana, I am a Duke sophomore doing the Duke in New York program and am interested in sales and trading at Citi. I just finished speaking with Emma Brennan, and she recommended I speak with you about the team and the recruiting process. 

Hi Liliana,

 

I am a Duke sophomore doing the Duke in New York program and am interested in sales and trading at Citi. I just finished speaking with Emma Brennan, and she recommended I speak with you about the team and the recruiting process.

 

Are you available to meet at the office, for coffee, or over the phone? Just let me know, and we can work something out.

 

Best,

Graham Mills

 

","Graham Mills","/o=ExchangeLabs/ou=Exchange Administrative Group (FYDIBOHF23SPDLT)/cn=Recipients/cn=db3bfe3506794f919ac1e0bca73ab3a9-a02bfddf-ef","EX","Voltaggio, Liliana ","liliana.voltaggio@citi.com","SMTP",,,,,,,,,"Normal",,"Normal"
"Re: HireVue Resubmission Request - Graham Mills - 2027 Investment Banking Summer Analyst","Thanks for getting back to me. Please email me at grahammillspb@gmail.com and I’ll complete a second HireVue on there. Thank you for being so accommodating.

Best,
Graham

Get Outlook for iOS <https://aka.ms/o0ukef> 
________________________________

From: Seak, Dalika <Dalika.Seak@psc.com>
Sent: Thursday, January 29, 2026 2:20:40 PM
To: Graham Mills <graham.mills@duke.edu>
Subject: RE: HireVue Resubmission Request - Graham Mills - 2027 Investment Banking Summer Analyst 
 

Hi Graham,

Thanks for your note. Unfortunately, there is not a way to “Redo” your submission. What we can do is, “cancel” your submission and invite you again through a different email. Thus, you would be able to log in again and complete a new HireVue OnDemand. Please let me know if you have a second email, I can send that to, and I am happy to!

 

Thanks,

Dalika

 

Dalika Seak
D 612 303-6859
M 612 799-3935
E dalika.seak@psc.com <mailto:dalika.seak@psc.com> 

 

 

From: Graham Mills <graham.mills@duke.edu> 
Sent: Thursday, January 29, 2026 1:05 PM
To: Seak, Dalika <Dalika.Seak@psc.com>
Subject: HireVue Resubmission Request - Graham Mills - 2027 Investment Banking Summer Analyst [EXTERNAL]

 

Hi Dalika,

I hope you’re having a good week.

I am writing regarding my HireVue submission for the 2027 Investment Banking Summer Analyst program. I was recently speaking with Amish Gupta, and he informed me I would need to redo my HireVue since there was an issue with my audio.

Could you please reset my link or let me know the best way to facilitate this?

Best regards, 

Graham Mills

 

________________________________

Piper Sandler employees are required to conduct all business-related communication through approved technology systems. This includes, but is not limited to, psc.com email addresses, Bloomberg messages, and corporate-issued device text messaging. Please do not use texting through an employee’s personal phone numbers, personal email addresses, instant messaging apps, social media apps, or other third-party messaging applications for electronic communication with Piper Sandler employees.

Piper Sandler & Co. Since 1895. Member SIPC and NYSE.

Piper Sandler outgoing and incoming e-mail is electronically archived and recorded and is subject to review, monitoring and/or disclosure to someone other than the recipient. If you are not the intended recipient, any disclosure, copying or distribution is prohibited; you should contact the sender immediately and then delete it from your system. This e-mail may be considered an advertisement or solicitation for purposes of regulation of commercial electronic mail messages. If you do not wish to receive commercial email communication from Piper Sandler please send or forward the email to NoEmail@psc.com asking to be added to the Piper Sandler “Do Not Email Registry.” For additional disclosure information related to this e-mail see http://www.pipersandler.com/disclosures

","Graham Mills","/o=ExchangeLabs/ou=Exchange Administrative Group (FYDIBOHF23SPDLT)/cn=Recipients/cn=db3bfe3506794f919ac1e0bca73ab3a9-a02bfddf-ef","EX","Seak, Dalika","Dalika.Seak@psc.com","SMTP",,,,,,,,,"Normal",,"Normal"
"Re: Duke in New York - Follow Up","Just sent an invite. I’ll be sure to call you as soon as the interview is done. See you then!

Get Outlook for iOS <https://aka.ms/o0ukef> 
________________________________

From: clayton.boggs@barclays.com <clayton.boggs@barclays.com>
Sent: Thursday, January 29, 2026 3:25:00 PM
To: Graham Mills <graham.mills@duke.edu>
Subject: RE: Duke in New York - Follow Up 
 

Sure- can call me after your interview. Can you send a cal just so I don’t double book 

 

From: Graham Mills <graham.mills@duke.edu> 
Sent: Thursday, January 29, 2026 1:51 PM
To: Boggs, Clay: Markets (NYK) <clayton.boggs@barclays.com>
Subject: Re: Duke in New York - Follow Up

 

________________________________

CAUTION: This email originated from outside our organization - graham.mills@duke.edu <mailto:graham.mills@duke.edu>  Do not click on links, open attachments, or respond unless you recognize the sender and can validate the content is safe. 

________________________________

I have an interview from 3 to 3:30, but any other time that afternoon works for me. What time works for you?

________________________________

From: clayton.boggs@barclays.com <mailto:clayton.boggs@barclays.com>  <clayton.boggs@barclays.com <mailto:clayton.boggs@barclays.com> >
Sent: Thursday, January 29, 2026 9:15 AM
To: Graham Mills <graham.mills@duke.edu <mailto:graham.mills@duke.edu> >
Subject: RE: Duke in New York - Follow Up 

 

Hi Graham – sure

Tues afternoon? 

 

From: Graham Mills <graham.mills@duke.edu <mailto:graham.mills@duke.edu> > 
Sent: Wednesday, January 28, 2026 4:19 PM
To: Boggs, Clay: Markets (NYK) <clayton.boggs@barclays.com <mailto:clayton.boggs@barclays.com> >
Subject: Duke in New York - Follow Up

 

________________________________

CAUTION: This email originated from outside our organization - graham.mills@duke.edu <mailto:graham.mills@duke.edu>  Do not click on links, open attachments, or respond unless you recognize the sender and can validate the content is safe. 

________________________________

Hi Clayton,

 

It was a pleasure to meet you the other day at the Duke event at Barclays. I had a great time learning from you and Alexi about the markets team.

 

I just got done talking to Joseph Reiff and he recommended I catch up with you. Is there a good time for me to come by the office? Just let me know what works for you.

 

Best,

Graham Mills

 

 

This e-mail and any attachments are confidential and intended solely for the addressee and may also be privileged or exempt from disclosure under applicable law. If you are not the addressee, or have received this e-mail in error, please notify the sender immediately, delete it from your system and do not copy, disclose or otherwise act upon any part of this e-mail or its attachments. 

Internet communications are not guaranteed to be secure or virus-free. The Barclays Group does not accept responsibility for any loss arising from unauthorised access to, or interference with, any Internet communications by any third party, or from the transmission of any viruses. Replies to this e-mail may be monitored by the Barclays Group for operational or business reasons. 

Any opinion or other information in this e-mail or its attachments that does not relate to the business of the Barclays Group is personal to the sender and is not given or endorsed by the Barclays Group. 

Barclays Bank PLC. Registered in England and Wales (registered no. 1026167). Registered Office: 1 Churchill Place, London, E14 5HP, United Kingdom. 

Barclays Bank PLC is authorised by the Prudential Regulation Authority and regulated by the Financial Conduct Authority and the Prudential Regulation Authority (Financial Services Register No. 122702). 

 




This e-mail and any attachments are confidential and intended solely for the addressee and may also be privileged or exempt from disclosure under applicable law. If you are not the addressee, or have received this e-mail in error, please notify the sender immediately, delete it from your system and do not copy, disclose or otherwise act upon any part of this e-mail or its attachments. 

Internet communications are not guaranteed to be secure or virus-free. The Barclays Group does not accept responsibility for any loss arising from unauthorised access to, or interference with, any Internet communications by any third party, or from the transmission of any viruses. Replies to this e-mail may be monitored by the Barclays Group for operational or business reasons. 

Any opinion or other information in this e-mail or its attachments that does not relate to the business of the Barclays Group is personal to the sender and is not given or endorsed by the Barclays Group. 

Barclays Bank PLC. Registered in England and Wales (registered no. 1026167). Registered Office: 1 Churchill Place, London, E14 5HP, United Kingdom. 

Barclays Bank PLC is authorised by the Prudential Regulation Authority and regulated by the Financial Conduct Authority and the Prudential Regulation Authority (Financial Services Register No. 122702). 


","Graham Mills","/o=ExchangeLabs/ou=Exchange Administrative Group (FYDIBOHF23SPDLT)/cn=Recipients/cn=db3bfe3506794f919ac1e0bca73ab3a9-a02bfddf-ef","EX","clayton.boggs@barclays.com","clayton.boggs@barclays.com","SMTP",,,,,,,,,"Normal",,"Normal"
"Graham Office Visit","","Graham Mills","/o=ExchangeLabs/ou=Exchange Administrative Group (FYDIBOHF23SPDLT)/cn=Recipients/cn=db3bfe3506794f919ac1e0bca73ab3a9-a02bfddf-ef","EX","clayton.boggs@barclays.com","clayton.boggs@barclays.com","SMTP",,,,,,,,,"Normal",,"Normal"
"HireVue Resubmission Request - Graham Mills - 2027 Investment Banking Summer Analyst","Hi Dalika,
I hope you’re having a good week.
I am writing regarding my HireVue submission for the 2027 Investment Banking Summer Analyst program. I was recently speaking with Amish Gupta, and he informed me I would need to redo my HireVue since there was an issue with my audio.
Could you please reset my link or let me know the best way to facilitate this?
Best regards, 
Graham Mills

","Graham Mills","/O=EXCHANGELABS/OU=EXCHANGE ADMINISTRATIVE GROUP (FYDIBOHF23SPDLT)/CN=RECIPIENTS/CN=DB3BFE3506794F919AC1E0BCA73AB3A9-A02BFDDF-EF","EX","Dalika.Seak@psc.com","Dalika.Seak@psc.com","SMTP",,,,,,,,,"Normal",,"Normal"
"Re: Duke Student - Investment Office Interest","Hi Lauren,

Thanks for getting back to me. I'll be sure to keep an eye on the careers page. Best of luck in the meantime!

Best,
Graham
________________________________

From: Lauren Thorne <lthorne@umich.edu>
Sent: Thursday, January 29, 2026 1:21 PM
To: Graham Mills <graham.mills@duke.edu>
Subject: Fwd: Duke Student - Investment Office Interest 
 
Hi Graham,

Erik forwarded me your email and we thank you for your interest in our office!

We currently do not have any internship opportunities open, but in the event we do for next Summer ('27) I would encourage you to check our career boards often as the position would get posted there.

Thanks!
Lauren



---------- Forwarded message ---------
From: Erik Lundberg <lerikl@umich.edu <mailto:lerikl@umich.edu> >
Date: Wed, Jan 28, 2026 at 12:51 PM
Subject: Fwd: Duke Student - Investment Office Interest
To: Lauren Thorne <lthorne@umich.edu <mailto:lthorne@umich.edu> >




---------- Forwarded message ---------
From: Graham Mills <graham.mills@duke.edu <mailto:graham.mills@duke.edu> >
Date: Wed, Jan 28, 2026 at 11:30 AM
Subject: Duke Student - Investment Office Interest
To: lerikl@umich.edu <mailto:lerikl@umich.edu>  <lerikl@umich.edu <mailto:lerikl@umich.edu> >



Hi Erik,
I am a sophomore at Duke (Class of 2028) with prior experience working at a hospital endowment.
I am writing to inquire if the University of Michigan Investment Office hires Summer Analysts for the 2027 cycle. I have a strong interest in your team's approach to alternative assets and am currently exploring allocator roles alongside my bank recruiting process.
Is there a member of your team I could speak with regarding potential opportunities?
Best regards,
Graham Mills 
Duke University 
704-770-7141



-- 

Lauren Thorne
Chief of Staff
University of Michigan Investment Office
101 N Main Street, Suite 600
Ann Arbor, MI 48104
734.647.3452 fax 734.998.6935 <tel:734.998.6935> 
lthorne@umich.edu <mailto:lthorne@umich.edu> 
","Graham Mills","/o=ExchangeLabs/ou=Exchange Administrative Group (FYDIBOHF23SPDLT)/cn=Recipients/cn=db3bfe3506794f919ac1e0bca73ab3a9-a02bfddf-ef","EX","Lauren Thorne","lthorne@umich.edu","SMTP",,,,,,,,,"Normal",,"Normal"
"Re: Duke in New York - Follow Up","I have an interview from 3 to 3:30, but any other time that afternoon works for me. What time works for you?
________________________________

From: clayton.boggs@barclays.com <clayton.boggs@barclays.com>
Sent: Thursday, January 29, 2026 9:15 AM
To: Graham Mills <graham.mills@duke.edu>
Subject: RE: Duke in New York - Follow Up 
 

Hi Graham – sure

Tues afternoon? 

 

From: Graham Mills <graham.mills@duke.edu> 
Sent: Wednesday, January 28, 2026 4:19 PM
To: Boggs, Clay: Markets (NYK) <clayton.boggs@barclays.com>
Subject: Duke in New York - Follow Up

 

________________________________

CAUTION: This email originated from outside our organization - graham.mills@duke.edu <mailto:graham.mills@duke.edu>  Do not click on links, open attachments, or respond unless you recognize the sender and can validate the content is safe. 

________________________________

Hi Clayton,

 

It was a pleasure to meet you the other day at the Duke event at Barclays. I had a great time learning from you and Alexi about the markets team.

 

I just got done talking to Joseph Reiff and he recommended I catch up with you. Is there a good time for me to come by the office? Just let me know what works for you.

 

Best,

Graham Mills

 




This e-mail and any attachments are confidential and intended solely for the addressee and may also be privileged or exempt from disclosure under applicable law. If you are not the addressee, or have received this e-mail in error, please notify the sender immediately, delete it from your system and do not copy, disclose or otherwise act upon any part of this e-mail or its attachments. 

Internet communications are not guaranteed to be secure or virus-free. The Barclays Group does not accept responsibility for any loss arising from unauthorised access to, or interference with, any Internet communications by any third party, or from the transmission of any viruses. Replies to this e-mail may be monitored by the Barclays Group for operational or business reasons. 

Any opinion or other information in this e-mail or its attachments that does not relate to the business of the Barclays Group is personal to the sender and is not given or endorsed by the Barclays Group. 

Barclays Bank PLC. Registered in England and Wales (registered no. 1026167). Registered Office: 1 Churchill Place, London, E14 5HP, United Kingdom. 

Barclays Bank PLC is authorised by the Prudential Regulation Authority and regulated by the Financial Conduct Authority and the Prudential Regulation Authority (Financial Services Register No. 122702). 


","Graham Mills","/o=ExchangeLabs/ou=Exchange Administrative Group (FYDIBOHF23SPDLT)/cn=Recipients/cn=db3bfe3506794f919ac1e0bca73ab3a9-a02bfddf-ef","EX","clayton.boggs@barclays.com","clayton.boggs@barclays.com","SMTP",,,,,,,,,"Normal",,"Normal"
"Re: Duke Student- Referral from Emma Brennan","Thanks for getting back to me. I'm available anytime after 3 pm tomorrow. Just let me know what works for you.

Best,
Graham
________________________________

From: Voltaggio, Liliana <liliana.voltaggio@citi.com>
Sent: Thursday, January 29, 2026 8:23 AM
To: Graham Mills <graham.mills@duke.edu>
Subject: RE: Duke Student- Referral from Emma Brennan 
 

Hi Graham,

 

Thanks for reaching out! Of course, I’m happy to chat.

 

By phone will be easiest for me if OK with you – are you free any time tomorrow? I’m most flexible on Friday, but can definitely find us a slot next week if you prefer another day.

 

Thank you,

Lilly

 

Lilly Voltaggio

FX Product | +1 (212) 723-0353

liliana.voltaggio@citi.com <mailto:liliana.voltaggio@citi.com> 

 

From: [duke.edu] Graham Mills 
Sent: Wednesday, January 28, 2026 5:49 PM
To: Voltaggio, Liliana [MKTS]
Subject: Duke Student- Referral from Emma Brennan

 

Hi Liliana, I am a Duke sophomore doing the Duke in New York program and am interested in sales and trading at Citi. I just finished speaking with Emma Brennan, and she recommended I speak with you about the team and the recruiting process. 

Hi Liliana,

 

I am a Duke sophomore doing the Duke in New York program and am interested in sales and trading at Citi. I just finished speaking with Emma Brennan, and she recommended I speak with you about the team and the recruiting process.

 

Are you available to meet at the office, for coffee, or over the phone? Just let me know, and we can work something out.

 

Best,

Graham Mills

 

","Graham Mills","/o=ExchangeLabs/ou=Exchange Administrative Group (FYDIBOHF23SPDLT)/cn=Recipients/cn=db3bfe3506794f919ac1e0bca73ab3a9-a02bfddf-ef","EX","Voltaggio, Liliana ","liliana.voltaggio@citi.com","SMTP",,,,,,,,,"Normal",,"Normal"
"Duke in NY Student - Following Up","Hi Blessing!

This is Graham, not sure if you remember me, but I am one of the Duke students you spoke with on our visit a few weeks ago to Citi headquarters. I just finished speaking with Emma Brennan of the Global Markets team, and she recommended me to you for some of my questions.

Do you know when the team is moving forward with resume reviews and doing first-round interviews, or have they already started?

Also, do you know any Duke alumni who are especially involved in the recruiting process? Emma recommended me to Liliana Voltaggio, but is there anyone else you think would be particularly helpful for me to speak with?

Thanks,

Graham

","Graham Mills","/O=EXCHANGELABS/OU=EXCHANGE ADMINISTRATIVE GROUP (FYDIBOHF23SPDLT)/CN=RECIPIENTS/CN=DB3BFE3506794F919AC1E0BCA73AB3A9-A02BFDDF-EF","EX","blessing.utomi@citi.com","blessing.utomi@citi.com","SMTP",,,,,,,,,"Normal",,"Normal"
"Duke Student- Referral from Emma Brennan","Hi Liliana,

I am a Duke sophomore doing the Duke in New York program and am interested in sales and trading at Citi. I just finished speaking with Emma Brennan, and she recommended I speak with you about the team and the recruiting process.

Are you available to meet at the office, for coffee, or over the phone? Just let me know, and we can work something out.

Best,
Graham Mills

","Graham Mills","/O=EXCHANGELABS/OU=EXCHANGE ADMINISTRATIVE GROUP (FYDIBOHF23SPDLT)/CN=RECIPIENTS/CN=DB3BFE3506794F919AC1E0BCA73AB3A9-A02BFDDF-EF","EX","liliana.voltaggio@citi.com","liliana.voltaggio@citi.com","SMTP",,,,,,,,,"Normal",,"Normal"
"Duke Student - S&T Interest","Hi Ryan,

I am a Duke sophomore who attended the Duke event at Nomura last week. I followed up with Husayn yesterday about the sales and trading team and he pointed me in your direction.

I’m very interested in the rates team and would love to talk about your group as well as the recruiting process as a whole. Are you available for me to either swing by the office or for a quick call? Just let me know.

Best,
Graham Mills
","Graham Mills","/O=EXCHANGELABS/OU=EXCHANGE ADMINISTRATIVE GROUP (FYDIBOHF23SPDLT)/CN=RECIPIENTS/CN=DB3BFE3506794F919AC1E0BCA73AB3A9-A02BFDDF-EF","EX","ryan.platz@nomura.com","ryan.platz@nomura.com","SMTP",,,,,,,,,"Normal",,"Normal"
"Re: Interview Confirmation - UVIMCO -  2027 Summer Investment Intern","Hi Tina,

Yes, that interview time works for me. I look forward to speaking with Drew and Elise then.

Best,
Graham

Get Outlook for iOS <https://aka.ms/o0ukef> 
________________________________

From: Tina Shifflett <tshifflett@uvimco.org>
Sent: Wednesday, January 28, 2026 2:59:46 PM
To: Graham Mills <graham.mills@duke.edu>
Subject: Interview Confirmation - UVIMCO - 2027 Summer Investment Intern 
 

Graham,

Thanks for submitting your availability for the 2027 Summer Investment Intern position.  You will find your interview date and time along with the zoom link below.   You will be speaking with Drew Carone and Elise Zhao from our investment team.  Kindly confirm this date/time work for you via reply to this email. 

You're confirmed for your interview on:

Date/Time: Feb 3, 2026 2:00pm-2:30pm EST
Interviewers: Drew Carone, Elise Zhao

Zoom: https://uvimco.zoom.us/j/87892006109?pwd=cd2YLgpakjjo3RuaRGmheW5NDmmxMj.1

Let us know if you have any other questions before your interview.

Thanks,
Tina

 <http://email.gh-mail.uvimco.org/o/eJwkzUtqxTAMheHVXM8aJFtW7IEHpQspfiURTeLiPKC7L-FOPw7nL6FCniqrGnBkzwaMY7UE45xP2Uw-ASCO2lYsDmO0iYFKJiVBg2ZA7dBbTzxUTHZ0YzLZ5kkDvQjm5WOLsg7XLVtuQ-uzan3-lhIIAJgYwKnf2o-2P2gJ2Bvyj_YwL5vGF0G5fupQy6UOWdszc-oMn3eUNSZZ5fz7avskfYuntF1dR-3vADo_mufqDvo_AAD__xIlRBk> 
","Graham Mills","/o=ExchangeLabs/ou=Exchange Administrative Group (FYDIBOHF23SPDLT)/cn=Recipients/cn=db3bfe3506794f919ac1e0bca73ab3a9-a02bfddf-ef","EX","Tina Shifflett","tshifflett@uvimco.org","SMTP",,,,,,,,,"Normal",,"Normal"
"Re: Duke Student - PRINCO Interest","Hi Patty,

Thanks for getting back to me. I’ll be on the lookout for when applications open up. And I’ll be sure to let you know if I receive a competing offer. Best of luck in the meantime.

Best,
Graham

Get Outlook for iOS <https://aka.ms/o0ukef> 
________________________________

From: PRINCO Recruiting <joinprinco@princeton.edu>
Sent: Wednesday, January 28, 2026 2:58:23 PM
To: Graham Mills <graham.mills@duke.edu>
Subject: RE: Duke Student - PRINCO Interest 
 

Dear Graham, 

We will start recruiting for our 2027 summer internships and analyst positions in mid-spring. Additional information will be available on our website <https://nam11.safelinks.protection.outlook.com/?url=http%3A%2F%2Fprinco.princeton.edu%2F&data=05%7C02%7Cgraham.mills%40duke.edu%7Cc7f56680516045fad10008de5ea79b17%7Ccb72c54e4a314d9eb14a1ea36dfac94c%7C0%7C0%7C639052271129020114%7CUnknown%7CTWFpbGZsb3d8eyJFbXB0eU1hcGkiOnRydWUsIlYiOiIwLjAuMDAwMCIsIlAiOiJXaW4zMiIsIkFOIjoiTWFpbCIsIldUIjoyfQ%3D%3D%7C0%7C%7C%7C&sdata=0vCpm4BSKCGQH9Vjn755YIkrKveyaYVLcDemIA6QXV4%3D&reserved=0>  in the coming months.

If you receive an offer from another institution, you can request an expedited review of your application. 

Please let me know if you have any other questions. 

Best,
Patty

Patricia Malave

Recruiting Administrator

Princeton University Investment Company [PRINCO]

22 Chambers Street, Suite 300

Princeton, NJ 08542

(e) joinPRINCO@princeton.edu <mailto:joinPRINCO@princeton.edu> 

 

 

 

 

From: Graham Mills <graham.mills@duke.edu> 
Sent: Wednesday, January 28, 2026 9:30 AM
To: PRINCO Recruiting <joinprinco@princeton.edu>
Subject: Duke Student - PRINCO Interest

 

Hi PRINCO Recruiting Team,

I am a sophomore at Duke (Class of 2028) with previous experience working at a hospital endowment.

I am writing to ask for clarification regarding your recruiting timeline for the Summer 2027 analyst class.

As you may know, the recruiting cycle for 2027 Summer Analyst roles at major banks has accelerated significantly, and I am currently active in that process. However, given my prior experience in the allocator space, I have a strong interest in exploring opportunities at PRINCO as well.

I want to ensure I respect your specific timeline and do not apply prematurely to your current opening (which appears to be for Summer 2026).

Could you confirm when you anticipate opening applications for Summer 2027?

Best regards,

Graham Mills

Duke University | Class of 2028 

704-770-7141

 

","Graham Mills","/o=ExchangeLabs/ou=Exchange Administrative Group (FYDIBOHF23SPDLT)/cn=Recipients/cn=db3bfe3506794f919ac1e0bca73ab3a9-a02bfddf-ef","EX","PRINCO Recruiting","joinprinco@princeton.edu","SMTP",,,,,,,,,"Normal",,"Normal"
"Re: Duke Student in NYC","Hi Catalina,

Thanks for getting back to me. I’d love to come by the office and see the trading floor. I’m actually going to be in Winter Village Friday afternoon if you would like me to come in then. If not, I’m wide open during the afternoon Monday through Wednesday next week so just let me know what works for you.

Best,
Graham

Get Outlook for iOS <https://aka.ms/o0ukef> 
________________________________

From: Sanchez-carrion, Catalina <catalina.sanchez-carrion@bofa.com>
Sent: Wednesday, January 28, 2026 3:11:59 PM
To: Graham Mills <graham.mills@duke.edu>
Subject: RE: Duke Student in NYC 
 

Hey Graham,

 

Hope you are doing well. Hope you are enjoying Duke in NY so far!

 

Apologies for the delayed response. Happy to meet for a coffee / if you would like to find time to come to the trading floor at some juncture next week we can make that work. 

 

Let me know what your schedule is like and we can make it work. 

 

All the best,
Catalina

 

From: Graham Mills <graham.mills@duke.edu> 
Sent: Friday, January 16, 2026 5:08 PM
To: Sanchez-carrion, Catalina <catalina.sanchez-carrion@bofa.com>
Subject: Duke Student in NYC

 

Hi Catalina,

 

I am a Duke student doing the Duke in New York program and am currently in NYC. I'm interested in markets and have recently applied for the Sales and Trading internship at Bank of America. 

 

Since I'm in the city, are you available to meet me for a quick coffee outside of your office? If not, I'd love to just chat over the phone instead. Just let me know what works for you.

 

Best,

 

Graham Mills

 

https://www.linkedin.com/in/gmills1/ <https://urldefense.com/v3/__https:/www.linkedin.com/in/gmills1/__;!!I2XIyG2ANlwasLbx!UDq5zXuyk4xR4jfm0ukWIBvdIuuHudfTUj4XXdpdSoFvbyektFFMxAtDkiBR79QWvBOQ9g7Y8Lcv-nkbtMacrhIHN2u-iUvJCEs$> 

 

________________________________

This message, and any attachment(s), is for the intended recipient(s) only, may contain information that is privileged, confidential and/or proprietary and subject to important terms and conditions available at http://www.bankofamerica.com/electronic-disclaimer. If you are not the intended recipient, please delete this message. For more information about how Bank of America protects your privacy, including specific rights that may apply, please visit the following pages: https://business.bofa.com/en-us/content/global-privacy-notices.html (which includes global privacy notices) and https://www.bankofamerica.com/security-center/privacy-overview/ (which includes US State specific privacy notices such as the http://www.bankofamerica.com/ccpa-notice).

","Graham Mills","/o=ExchangeLabs/ou=Exchange Administrative Group (FYDIBOHF23SPDLT)/cn=Recipients/cn=db3bfe3506794f919ac1e0bca73ab3a9-a02bfddf-ef","EX","Sanchez-carrion, Catalina","catalina.sanchez-carrion@bofa.com","SMTP",,,,,,,,,"Normal",,"Normal"
"Duke in New York - Follow Up","Hi Clayton,

It was a pleasure to meet you the other day at the Duke event at Barclays. I had a great time learning from you and Alexi about the markets team.

I just got done talking to Joseph Reiff and he recommended I catch up with you. Is there a good time for me to come by the office? Just let me know what works for you.

Best,
Graham Mills

","Graham Mills","/o=ExchangeLabs/ou=Exchange Administrative Group (FYDIBOHF23SPDLT)/cn=Recipients/cn=db3bfe3506794f919ac1e0bca73ab3a9-a02bfddf-ef","EX","clayton.boggs@barclays.com","clayton.boggs@barclays.com","SMTP",,,,,,,,,"Normal",,"Normal"
"Re: Referral from Alexi Braun - Duke Student","I’m in the lobby when you’re ready.

Get Outlook for iOS <https://aka.ms/o0ukef> 
________________________________

From: Graham Mills <graham.mills@duke.edu>
Sent: Wednesday, January 28, 2026 3:32:17 PM
To: joseph.reiff@barclays.com <joseph.reiff@barclays.com>
Subject: Re: Referral from Alexi Braun - Duke Student 
 
Going to be a minute late. The last 2 trains have skipped the stop by the office.

Get Outlook for iOS <https://aka.ms/o0ukef> 
________________________________

From: Graham Mills <graham.mills@duke.edu>
Sent: Wednesday, January 28, 2026 10:20:56 AM
To: joseph.reiff@barclays.com <joseph.reiff@barclays.com>
Subject: Re: Referral from Alexi Braun - Duke Student 
 
Sounds good. See you then.
________________________________

From: joseph.reiff@barclays.com <joseph.reiff@barclays.com>
Sent: Wednesday, January 28, 2026 9:58 AM
To: Graham Mills <graham.mills@duke.edu>
Cc: joseph.reiff@barclays.com <joseph.reiff@barclays.com>
Subject: RE: Referral from Alexi Braun - Duke Student 
 

Hi Graham,


Let’s meet at the Barclays lobby and we can go from there.


Best,

 

Joseph Reiff

 


Restricted - External


From: Graham Mills <graham.mills@duke.edu> 
Sent: Tuesday, January 27, 2026 10:30 AM
To: Reiff, Joseph : Global Markets <joseph.reiff@barclays.com>
Subject: Re: Referral from Alexi Braun - Duke Student

 

________________________________

CAUTION: This email originated from outside our organization - graham.mills@duke.edu <mailto:graham.mills@duke.edu>  Do not click on links, open attachments, or respond unless you recognize the sender and can validate the content is safe. 

________________________________

Perfect. Do you have a preferred coffee spot nearby?

________________________________

From: joseph.reiff@barclays.com <mailto:joseph.reiff@barclays.com>  <joseph.reiff@barclays.com <mailto:joseph.reiff@barclays.com> >
Sent: Tuesday, January 27, 2026 8:31 AM
To: Graham Mills <graham.mills@duke.edu <mailto:graham.mills@duke.edu> >
Cc: joseph.reiff@barclays.com <mailto:joseph.reiff@barclays.com>  <joseph.reiff@barclays.com <mailto:joseph.reiff@barclays.com> >
Subject: RE: Referral from Alexi Braun - Duke Student 

 

Hi Graham,


Let’s shoot for 3:30 pm tomorrow if that works?

Best,

 

Joseph Reiff

 

 

Restricted - External

From: Graham Mills <graham.mills@duke.edu <mailto:graham.mills@duke.edu> > 
Sent: Monday, January 26, 2026 10:43 AM
To: Reiff, Joseph : Global Markets <joseph.reiff@barclays.com <mailto:joseph.reiff@barclays.com> >
Subject: Re: Referral from Alexi Braun - Duke Student

 

________________________________

CAUTION: This email originated from outside our organization - graham.mills@duke.edu <mailto:graham.mills@duke.edu>  Do not click on links, open attachments, or respond unless you recognize the sender and can validate the content is safe. 

________________________________

Sounds good. Would sometime Wednesday afternoon or late Friday afternoon work for you?

________________________________

From: joseph.reiff@barclays.com <mailto:joseph.reiff@barclays.com>  <joseph.reiff@barclays.com <mailto:joseph.reiff@barclays.com> >
Sent: Monday, January 26, 2026 9:23 AM
To: Graham Mills <graham.mills@duke.edu <mailto:graham.mills@duke.edu> >
Cc: joseph.reiff@barclays.com <mailto:joseph.reiff@barclays.com>  <joseph.reiff@barclays.com <mailto:joseph.reiff@barclays.com> >
Subject: Re: Referral from Alexi Braun - Duke Student 

 

Hi Graham,

 

Sure, I’d love to connect for a coffee — I’m flying back to NYC today so how about later this week?

 

Best,

 

Joseph Reiff 

 

 

Restricted - External

________________________________

From: Graham Mills <graham.mills@duke.edu <mailto:graham.mills@duke.edu> >
Sent: Friday, January 23, 2026 11:30:07 AM
To: Reiff, Joseph : Global Markets <joseph.reiff@barclays.com <mailto:joseph.reiff@barclays.com> >
Subject: Referral from Alexi Braun - Duke Student 

 

________________________________

CAUTION: This email originated from outside our organization - graham.mills@duke.edu <mailto:graham.mills@duke.edu>  Do not click on links, open attachments, or respond unless you recognize the sender and can validate the content is safe. 

________________________________

Hi Joseph,

 

I am currently a Duke sophomore in NYC for the Duke in New York Program. I spoke with Alexi Braun at a site visit to Barclays, and she recommended I speak with you to learn more about the S&T team at Barclays.

 

Are you available anytime next week for a quick coffee or call to discuss your role? Just let me know, and we can get something scheduled.

 

Best,

Graham Mills

 

This e-mail and any attachments are confidential and intended solely for the addressee and may also be privileged or exempt from disclosure under applicable law. If you are not the addressee, or have received this e-mail in error, please notify the sender immediately, delete it from your system and do not copy, disclose or otherwise act upon any part of this e-mail or its attachments. 

Internet communications are not guaranteed to be secure or virus-free. The Barclays Group does not accept responsibility for any loss arising from unauthorised access to, or interference with, any Internet communications by any third party, or from the transmission of any viruses. Replies to this e-mail may be monitored by the Barclays Group for operational or business reasons. 

Any opinion or other information in this e-mail or its attachments that does not relate to the business of the Barclays Group is personal to the sender and is not given or endorsed by the Barclays Group. 

Barclays Bank PLC. Registered in England and Wales (registered no. 1026167). Registered Office: 1 Churchill Place, London, E14 5HP, United Kingdom. 

Barclays Bank PLC is authorised by the Prudential Regulation Authority and regulated by the Financial Conduct Authority and the Prudential Regulation Authority (Financial Services Register No. 122702). 

 

 

This e-mail and any attachments are confidential and intended solely for the addressee and may also be privileged or exempt from disclosure under applicable law. If you are not the addressee, or have received this e-mail in error, please notify the sender immediately, delete it from your system and do not copy, disclose or otherwise act upon any part of this e-mail or its attachments. 

Internet communications are not guaranteed to be secure or virus-free. The Barclays Group does not accept responsibility for any loss arising from unauthorised access to, or interference with, any Internet communications by any third party, or from the transmission of any viruses. Replies to this e-mail may be monitored by the Barclays Group for operational or business reasons. 

Any opinion or other information in this e-mail or its attachments that does not relate to the business of the Barclays Group is personal to the sender and is not given or endorsed by the Barclays Group. 

Barclays Bank PLC. Registered in England and Wales (registered no. 1026167). Registered Office: 1 Churchill Place, London, E14 5HP, United Kingdom. 

Barclays Bank PLC is authorised by the Prudential Regulation Authority and regulated by the Financial Conduct Authority and the Prudential Regulation Authority (Financial Services Register No. 122702). 

 




This e-mail and any attachments are confidential and intended solely for the addressee and may also be privileged or exempt from disclosure under applicable law. If you are not the addressee, or have received this e-mail in error, please notify the sender immediately, delete it from your system and do not copy, disclose or otherwise act upon any part of this e-mail or its attachments. 

Internet communications are not guaranteed to be secure or virus-free. The Barclays Group does not accept responsibility for any loss arising from unauthorised access to, or interference with, any Internet communications by any third party, or from the transmission of any viruses. Replies to this e-mail may be monitored by the Barclays Group for operational or business reasons. 

Any opinion or other information in this e-mail or its attachments that does not relate to the business of the Barclays Group is personal to the sender and is not given or endorsed by the Barclays Group. 

Barclays Bank PLC. Registered in England and Wales (registered no. 1026167). Registered Office: 1 Churchill Place, London, E14 5HP, United Kingdom. 

Barclays Bank PLC is authorised by the Prudential Regulation Authority and regulated by the Financial Conduct Authority and the Prudential Regulation Authority (Financial Services Register No. 122702). 


","Graham Mills","/o=ExchangeLabs/ou=Exchange Administrative Group (FYDIBOHF23SPDLT)/cn=Recipients/cn=db3bfe3506794f919ac1e0bca73ab3a9-a02bfddf-ef","EX","joseph.reiff@barclays.com","joseph.reiff@barclays.com","SMTP",,,,,,,,,"Normal",,"Normal"
"Re: Referral from Alexi Braun - Duke Student","Going to be a minute late. The last 2 trains have skipped the stop by the office.

Get Outlook for iOS <https://aka.ms/o0ukef> 
________________________________

From: Graham Mills <graham.mills@duke.edu>
Sent: Wednesday, January 28, 2026 10:20:56 AM
To: joseph.reiff@barclays.com <joseph.reiff@barclays.com>
Subject: Re: Referral from Alexi Braun - Duke Student 
 
Sounds good. See you then.
________________________________

From: joseph.reiff@barclays.com <joseph.reiff@barclays.com>
Sent: Wednesday, January 28, 2026 9:58 AM
To: Graham Mills <graham.mills@duke.edu>
Cc: joseph.reiff@barclays.com <joseph.reiff@barclays.com>
Subject: RE: Referral from Alexi Braun - Duke Student 
 

Hi Graham,


Let’s meet at the Barclays lobby and we can go from there.


Best,

 

Joseph Reiff

 


Restricted - External


From: Graham Mills <graham.mills@duke.edu> 
Sent: Tuesday, January 27, 2026 10:30 AM
To: Reiff, Joseph : Global Markets <joseph.reiff@barclays.com>
Subject: Re: Referral from Alexi Braun - Duke Student

 

________________________________

CAUTION: This email originated from outside our organization - graham.mills@duke.edu <mailto:graham.mills@duke.edu>  Do not click on links, open attachments, or respond unless you recognize the sender and can validate the content is safe. 

________________________________

Perfect. Do you have a preferred coffee spot nearby?

________________________________

From: joseph.reiff@barclays.com <mailto:joseph.reiff@barclays.com>  <joseph.reiff@barclays.com <mailto:joseph.reiff@barclays.com> >
Sent: Tuesday, January 27, 2026 8:31 AM
To: Graham Mills <graham.mills@duke.edu <mailto:graham.mills@duke.edu> >
Cc: joseph.reiff@barclays.com <mailto:joseph.reiff@barclays.com>  <joseph.reiff@barclays.com <mailto:joseph.reiff@barclays.com> >
Subject: RE: Referral from Alexi Braun - Duke Student 

 

Hi Graham,


Let’s shoot for 3:30 pm tomorrow if that works?

Best,

 

Joseph Reiff

 

 

Restricted - External

From: Graham Mills <graham.mills@duke.edu <mailto:graham.mills@duke.edu> > 
Sent: Monday, January 26, 2026 10:43 AM
To: Reiff, Joseph : Global Markets <joseph.reiff@barclays.com <mailto:joseph.reiff@barclays.com> >
Subject: Re: Referral from Alexi Braun - Duke Student

 

________________________________

CAUTION: This email originated from outside our organization - graham.mills@duke.edu <mailto:graham.mills@duke.edu>  Do not click on links, open attachments, or respond unless you recognize the sender and can validate the content is safe. 

________________________________

Sounds good. Would sometime Wednesday afternoon or late Friday afternoon work for you?

________________________________

From: joseph.reiff@barclays.com <mailto:joseph.reiff@barclays.com>  <joseph.reiff@barclays.com <mailto:joseph.reiff@barclays.com> >
Sent: Monday, January 26, 2026 9:23 AM
To: Graham Mills <graham.mills@duke.edu <mailto:graham.mills@duke.edu> >
Cc: joseph.reiff@barclays.com <mailto:joseph.reiff@barclays.com>  <joseph.reiff@barclays.com <mailto:joseph.reiff@barclays.com> >
Subject: Re: Referral from Alexi Braun - Duke Student 

 

Hi Graham,

 

Sure, I’d love to connect for a coffee — I’m flying back to NYC today so how about later this week?

 

Best,

 

Joseph Reiff 

 

 

Restricted - External

________________________________

From: Graham Mills <graham.mills@duke.edu <mailto:graham.mills@duke.edu> >
Sent: Friday, January 23, 2026 11:30:07 AM
To: Reiff, Joseph : Global Markets <joseph.reiff@barclays.com <mailto:joseph.reiff@barclays.com> >
Subject: Referral from Alexi Braun - Duke Student 

 

________________________________

CAUTION: This email originated from outside our organization - graham.mills@duke.edu <mailto:graham.mills@duke.edu>  Do not click on links, open attachments, or respond unless you recognize the sender and can validate the content is safe. 

________________________________

Hi Joseph,

 

I am currently a Duke sophomore in NYC for the Duke in New York Program. I spoke with Alexi Braun at a site visit to Barclays, and she recommended I speak with you to learn more about the S&T team at Barclays.

 

Are you available anytime next week for a quick coffee or call to discuss your role? Just let me know, and we can get something scheduled.

 

Best,

Graham Mills

 

This e-mail and any attachments are confidential and intended solely for the addressee and may also be privileged or exempt from disclosure under applicable law. If you are not the addressee, or have received this e-mail in error, please notify the sender immediately, delete it from your system and do not copy, disclose or otherwise act upon any part of this e-mail or its attachments. 

Internet communications are not guaranteed to be secure or virus-free. The Barclays Group does not accept responsibility for any loss arising from unauthorised access to, or interference with, any Internet communications by any third party, or from the transmission of any viruses. Replies to this e-mail may be monitored by the Barclays Group for operational or business reasons. 

Any opinion or other information in this e-mail or its attachments that does not relate to the business of the Barclays Group is personal to the sender and is not given or endorsed by the Barclays Group. 

Barclays Bank PLC. Registered in England and Wales (registered no. 1026167). Registered Office: 1 Churchill Place, London, E14 5HP, United Kingdom. 

Barclays Bank PLC is authorised by the Prudential Regulation Authority and regulated by the Financial Conduct Authority and the Prudential Regulation Authority (Financial Services Register No. 122702). 

 

 

This e-mail and any attachments are confidential and intended solely for the addressee and may also be privileged or exempt from disclosure under applicable law. If you are not the addressee, or have received this e-mail in error, please notify the sender immediately, delete it from your system and do not copy, disclose or otherwise act upon any part of this e-mail or its attachments. 

Internet communications are not guaranteed to be secure or virus-free. The Barclays Group does not accept responsibility for any loss arising from unauthorised access to, or interference with, any Internet communications by any third party, or from the transmission of any viruses. Replies to this e-mail may be monitored by the Barclays Group for operational or business reasons. 

Any opinion or other information in this e-mail or its attachments that does not relate to the business of the Barclays Group is personal to the sender and is not given or endorsed by the Barclays Group. 

Barclays Bank PLC. Registered in England and Wales (registered no. 1026167). Registered Office: 1 Churchill Place, London, E14 5HP, United Kingdom. 

Barclays Bank PLC is authorised by the Prudential Regulation Authority and regulated by the Financial Conduct Authority and the Prudential Regulation Authority (Financial Services Register No. 122702). 

 




This e-mail and any attachments are confidential and intended solely for the addressee and may also be privileged or exempt from disclosure under applicable law. If you are not the addressee, or have received this e-mail in error, please notify the sender immediately, delete it from your system and do not copy, disclose or otherwise act upon any part of this e-mail or its attachments. 

Internet communications are not guaranteed to be secure or virus-free. The Barclays Group does not accept responsibility for any loss arising from unauthorised access to, or interference with, any Internet communications by any third party, or from the transmission of any viruses. Replies to this e-mail may be monitored by the Barclays Group for operational or business reasons. 

Any opinion or other information in this e-mail or its attachments that does not relate to the business of the Barclays Group is personal to the sender and is not given or endorsed by the Barclays Group. 

Barclays Bank PLC. Registered in England and Wales (registered no. 1026167). Registered Office: 1 Churchill Place, London, E14 5HP, United Kingdom. 

Barclays Bank PLC is authorised by the Prudential Regulation Authority and regulated by the Financial Conduct Authority and the Prudential Regulation Authority (Financial Services Register No. 122702). 


","Graham Mills","/o=ExchangeLabs/ou=Exchange Administrative Group (FYDIBOHF23SPDLT)/cn=Recipients/cn=db3bfe3506794f919ac1e0bca73ab3a9-a02bfddf-ef","EX","joseph.reiff@barclays.com","joseph.reiff@barclays.com","SMTP",,,,,,,,,"Normal",,"Normal"
"Re: Referral from Alexi Braun - Duke Student","Going to be a minute late. The last 2 trains have skipped the stop by the office.

Get Outlook for iOS <https://aka.ms/o0ukef> 
________________________________

From: Graham Mills <graham.mills@duke.edu>
Sent: Wednesday, January 28, 2026 10:20:56 AM
To: joseph.reiff@barclays.com <joseph.reiff@barclays.com>
Subject: Re: Referral from Alexi Braun - Duke Student 
 
Sounds good. See you then.
________________________________

From: joseph.reiff@barclays.com <joseph.reiff@barclays.com>
Sent: Wednesday, January 28, 2026 9:58 AM
To: Graham Mills <graham.mills@duke.edu>
Cc: joseph.reiff@barclays.com <joseph.reiff@barclays.com>
Subject: RE: Referral from Alexi Braun - Duke Student 
 

Hi Graham,


Let’s meet at the Barclays lobby and we can go from there.


Best,

 

Joseph Reiff

 


Restricted - External


From: Graham Mills <graham.mills@duke.edu> 
Sent: Tuesday, January 27, 2026 10:30 AM
To: Reiff, Joseph : Global Markets <joseph.reiff@barclays.com>
Subject: Re: Referral from Alexi Braun - Duke Student

 

________________________________

CAUTION: This email originated from outside our organization - graham.mills@duke.edu <mailto:graham.mills@duke.edu>  Do not click on links, open attachments, or respond unless you recognize the sender and can validate the content is safe. 

________________________________

Perfect. Do you have a preferred coffee spot nearby?

________________________________

From: joseph.reiff@barclays.com <mailto:joseph.reiff@barclays.com>  <joseph.reiff@barclays.com <mailto:joseph.reiff@barclays.com> >
Sent: Tuesday, January 27, 2026 8:31 AM
To: Graham Mills <graham.mills@duke.edu <mailto:graham.mills@duke.edu> >
Cc: joseph.reiff@barclays.com <mailto:joseph.reiff@barclays.com>  <joseph.reiff@barclays.com <mailto:joseph.reiff@barclays.com> >
Subject: RE: Referral from Alexi Braun - Duke Student 

 

Hi Graham,


Let’s shoot for 3:30 pm tomorrow if that works?

Best,

 

Joseph Reiff

 

 

Restricted - External

From: Graham Mills <graham.mills@duke.edu <mailto:graham.mills@duke.edu> > 
Sent: Monday, January 26, 2026 10:43 AM
To: Reiff, Joseph : Global Markets <joseph.reiff@barclays.com <mailto:joseph.reiff@barclays.com> >
Subject: Re: Referral from Alexi Braun - Duke Student

 

________________________________

CAUTION: This email originated from outside our organization - graham.mills@duke.edu <mailto:graham.mills@duke.edu>  Do not click on links, open attachments, or respond unless you recognize the sender and can validate the content is safe. 

________________________________

Sounds good. Would sometime Wednesday afternoon or late Friday afternoon work for you?

________________________________

From: joseph.reiff@barclays.com <mailto:joseph.reiff@barclays.com>  <joseph.reiff@barclays.com <mailto:joseph.reiff@barclays.com> >
Sent: Monday, January 26, 2026 9:23 AM
To: Graham Mills <graham.mills@duke.edu <mailto:graham.mills@duke.edu> >
Cc: joseph.reiff@barclays.com <mailto:joseph.reiff@barclays.com>  <joseph.reiff@barclays.com <mailto:joseph.reiff@barclays.com> >
Subject: Re: Referral from Alexi Braun - Duke Student 

 

Hi Graham,

 

Sure, I’d love to connect for a coffee — I’m flying back to NYC today so how about later this week?

 

Best,

 

Joseph Reiff 

 

 

Restricted - External

________________________________

From: Graham Mills <graham.mills@duke.edu <mailto:graham.mills@duke.edu> >
Sent: Friday, January 23, 2026 11:30:07 AM
To: Reiff, Joseph : Global Markets <joseph.reiff@barclays.com <mailto:joseph.reiff@barclays.com> >
Subject: Referral from Alexi Braun - Duke Student 

 

________________________________

CAUTION: This email originated from outside our organization - graham.mills@duke.edu <mailto:graham.mills@duke.edu>  Do not click on links, open attachments, or respond unless you recognize the sender and can validate the content is safe. 

________________________________

Hi Joseph,

 

I am currently a Duke sophomore in NYC for the Duke in New York Program. I spoke with Alexi Braun at a site visit to Barclays, and she recommended I speak with you to learn more about the S&T team at Barclays.

 

Are you available anytime next week for a quick coffee or call to discuss your role? Just let me know, and we can get something scheduled.

 

Best,

Graham Mills

 

This e-mail and any attachments are confidential and intended solely for the addressee and may also be privileged or exempt from disclosure under applicable law. If you are not the addressee, or have received this e-mail in error, please notify the sender immediately, delete it from your system and do not copy, disclose or otherwise act upon any part of this e-mail or its attachments. 

Internet communications are not guaranteed to be secure or virus-free. The Barclays Group does not accept responsibility for any loss arising from unauthorised access to, or interference with, any Internet communications by any third party, or from the transmission of any viruses. Replies to this e-mail may be monitored by the Barclays Group for operational or business reasons. 

Any opinion or other information in this e-mail or its attachments that does not relate to the business of the Barclays Group is personal to the sender and is not given or endorsed by the Barclays Group. 

Barclays Bank PLC. Registered in England and Wales (registered no. 1026167). Registered Office: 1 Churchill Place, London, E14 5HP, United Kingdom. 

Barclays Bank PLC is authorised by the Prudential Regulation Authority and regulated by the Financial Conduct Authority and the Prudential Regulation Authority (Financial Services Register No. 122702). 

 

 

This e-mail and any attachments are confidential and intended solely for the addressee and may also be privileged or exempt from disclosure under applicable law. If you are not the addressee, or have received this e-mail in error, please notify the sender immediately, delete it from your system and do not copy, disclose or otherwise act upon any part of this e-mail or its attachments. 

Internet communications are not guaranteed to be secure or virus-free. The Barclays Group does not accept responsibility for any loss arising from unauthorised access to, or interference with, any Internet communications by any third party, or from the transmission of any viruses. Replies to this e-mail may be monitored by the Barclays Group for operational or business reasons. 

Any opinion or other information in this e-mail or its attachments that does not relate to the business of the Barclays Group is personal to the sender and is not given or endorsed by the Barclays Group. 

Barclays Bank PLC. Registered in England and Wales (registered no. 1026167). Registered Office: 1 Churchill Place, London, E14 5HP, United Kingdom. 

Barclays Bank PLC is authorised by the Prudential Regulation Authority and regulated by the Financial Conduct Authority and the Prudential Regulation Authority (Financial Services Register No. 122702). 

 




This e-mail and any attachments are confidential and intended solely for the addressee and may also be privileged or exempt from disclosure under applicable law. If you are not the addressee, or have received this e-mail in error, please notify the sender immediately, delete it from your system and do not copy, disclose or otherwise act upon any part of this e-mail or its attachments. 

Internet communications are not guaranteed to be secure or virus-free. The Barclays Group does not accept responsibility for any loss arising from unauthorised access to, or interference with, any Internet communications by any third party, or from the transmission of any viruses. Replies to this e-mail may be monitored by the Barclays Group for operational or business reasons. 

Any opinion or other information in this e-mail or its attachments that does not relate to the business of the Barclays Group is personal to the sender and is not given or endorsed by the Barclays Group. 

Barclays Bank PLC. Registered in England and Wales (registered no. 1026167). Registered Office: 1 Churchill Place, London, E14 5HP, United Kingdom. 

Barclays Bank PLC is authorised by the Prudential Regulation Authority and regulated by the Financial Conduct Authority and the Prudential Regulation Authority (Financial Services Register No. 122702). 


","Graham Mills","/o=ExchangeLabs/ou=Exchange Administrative Group (FYDIBOHF23SPDLT)/cn=Recipients/cn=db3bfe3506794f919ac1e0bca73ab3a9-a02bfddf-ef","EX","Graham Mills","/o=ExchangeLabs/ou=Exchange Administrative Group (FYDIBOHF23SPDLT)/cn=Recipients/cn=db3bfe3506794f919ac1e0bca73ab3a9-a02bfddf-ef","EX",,,,,,,,,"Normal",,"Normal"
"Re: 2027 SA Coffee Chat - Piper Sandler Charlotte Tech","Hi Amish,

Thanks for reaching out. I'd love to connect and talk about the Technology group. I just sent over an invite for 1 pm tomorrow. 

Looking forward to speaking with you then!

Best,
Graham Mills
________________________________

From: Gupta, Amish <Amish.Gupta@psc.com>
Sent: Wednesday, January 28, 2026 1:42 PM
To: Graham Mills <graham.mills@duke.edu>
Subject: 2027 SA Coffee Chat - Piper Sandler Charlotte Tech 
 

Hi Graham,

 

Hope you are doing well.

 

I am an Associate in Piper Sandlers’ Technology Group in Charlotte. We noticed your resume in HireVue and that you haven’t had a chance to connect with someone in the office.

 

If you have an interest in Technology IB and would like to chat, I would be happy to connect.

 

Below is my availability for later this week and early next (all times in ET):

 

*	Wednesday (1/28): 11am – 6pm
*	Thursday (1/29): 10am – 11am, 1pm – 6pm
*	Friday (1/30): 10am – 6pm
*	Monday (2/2): 11am – 3pm, 5pm – 7pm
*	Tuesday (2/3): 10am – 6pm

 

If any of these times work, please feel free to send a planner. You can reach me at my cell below:

 

Best,
Amish

 

 

Amish Gupta | Piper Sandler

Technology Investment Banking

C: (980) 529-3377

E: Amish.Gupta@psc.com <mailto:Amish.Gupta@psc.com> 

 

________________________________

Piper Sandler employees are required to conduct all business-related communication through approved technology systems. This includes, but is not limited to, psc.com email addresses, Bloomberg messages, and corporate-issued device text messaging. Please do not use texting through an employee’s personal phone numbers, personal email addresses, instant messaging apps, social media apps, or other third-party messaging applications for electronic communication with Piper Sandler employees.

Piper Sandler & Co. Since 1895. Member SIPC and NYSE.

Piper Sandler outgoing and incoming e-mail is electronically archived and recorded and is subject to review, monitoring and/or disclosure to someone other than the recipient. If you are not the intended recipient, any disclosure, copying or distribution is prohibited; you should contact the sender immediately and then delete it from your system. This e-mail may be considered an advertisement or solicitation for purposes of regulation of commercial electronic mail messages. If you do not wish to receive commercial email communication from Piper Sandler please send or forward the email to NoEmail@psc.com asking to be added to the Piper Sandler “Do Not Email Registry.” For additional disclosure information related to this e-mail see http://www.pipersandler.com/disclosures

","Graham Mills","/o=ExchangeLabs/ou=Exchange Administrative Group (FYDIBOHF23SPDLT)/cn=Recipients/cn=db3bfe3506794f919ac1e0bca73ab3a9-a02bfddf-ef","EX","Gupta, Amish","Amish.Gupta@psc.com","SMTP",,,,,,,,,"Normal",,"Normal"
"Graham/Amish Coffee Chat","Graham to call Amish at (980) 529-3377
","Graham Mills","/o=ExchangeLabs/ou=Exchange Administrative Group (FYDIBOHF23SPDLT)/cn=Recipients/cn=db3bfe3506794f919ac1e0bca73ab3a9-a02bfddf-ef","EX","Amish.Gupta@psc.com","Amish.Gupta@psc.com","SMTP",,,,,,,,,"Normal",,"Normal"
"Duke Student - Investment Office Interest","Hi Erik,
I am a sophomore at Duke (Class of 2028) with prior experience working at a hospital endowment.
I am writing to inquire if the University of Michigan Investment Office hires Summer Analysts for the 2027 cycle. I have a strong interest in your team's approach to alternative assets and am currently exploring allocator roles alongside my bank recruiting process.
Is there a member of your team I could speak with regarding potential opportunities?
Best regards,
Graham Mills 
Duke University 
704-770-7141

","Graham Mills","/O=EXCHANGELABS/OU=EXCHANGE ADMINISTRATIVE GROUP (FYDIBOHF23SPDLT)/CN=RECIPIENTS/CN=DB3BFE3506794F919AC1E0BCA73AB3A9-A02BFDDF-EF","EX","lerikl@umich.edu","lerikl@umich.edu","SMTP",,,,,,,,,"Normal",,"Normal"
"Duke Student - Investment Office Interest","Hi Tim,
I am a sophomore at Duke (Class of 2028) with prior experience working at a hospital endowment.
I am writing to inquire if the Notre Dame Investment Office considers non-Notre Dame candidates for Summer Analyst roles.
While I realize most of your summer class comes from South Bend, I have a deep respect for the Investment Office's mission-driven approach and would welcome the opportunity to work on-site in Indiana.
Best regards,
Graham Mills 
Duke University

","Graham Mills","/O=EXCHANGELABS/OU=EXCHANGE ADMINISTRATIVE GROUP (FYDIBOHF23SPDLT)/CN=RECIPIENTS/CN=DB3BFE3506794F919AC1E0BCA73AB3A9-A02BFDDF-EF","EX","tdolezel@nd.edu","tdolezel@nd.edu","SMTP",,,,,,,,,"Normal",,"Normal"
"Duke Student - UTIMCO Interest","Hi UTIMCO Team,
I am a sophomore at Duke (Class of 2028) with previous experience working at a hospital endowment.
I am writing to ask for clarification regarding your recruiting timeline for the Summer 2027 analyst class.
As you may know, the recruiting cycle for 2027 Summer Analyst roles at major banks has accelerated significantly, and I am currently active in that process. However, given my prior experience in the allocator space, I have a strong interest in exploring opportunities at UTIMCO as well.
Could you confirm when you anticipate opening applications for Summer 2027?
Best regards,
Graham Mills
Duke University | Class of 2028 
704-770-7141

","Graham Mills","/o=ExchangeLabs/ou=Exchange Administrative Group (FYDIBOHF23SPDLT)/cn=Recipients/cn=db3bfe3506794f919ac1e0bca73ab3a9-a02bfddf-ef","EX","ContactUs@utimco.org","ContactUs@utimco.org","SMTP",,,,,,,,,"Normal",,"Normal"
"Re: Referral from Alexi Braun - Duke Student","Sounds good. See you then.
________________________________

From: joseph.reiff@barclays.com <joseph.reiff@barclays.com>
Sent: Wednesday, January 28, 2026 9:58 AM
To: Graham Mills <graham.mills@duke.edu>
Cc: joseph.reiff@barclays.com <joseph.reiff@barclays.com>
Subject: RE: Referral from Alexi Braun - Duke Student 
 

Hi Graham,


Let’s meet at the Barclays lobby and we can go from there.


Best,

 

Joseph Reiff

 


Restricted - External


From: Graham Mills <graham.mills@duke.edu> 
Sent: Tuesday, January 27, 2026 10:30 AM
To: Reiff, Joseph : Global Markets <joseph.reiff@barclays.com>
Subject: Re: Referral from Alexi Braun - Duke Student

 

________________________________

CAUTION: This email originated from outside our organization - graham.mills@duke.edu <mailto:graham.mills@duke.edu>  Do not click on links, open attachments, or respond unless you recognize the sender and can validate the content is safe. 

________________________________

Perfect. Do you have a preferred coffee spot nearby?

________________________________

From: joseph.reiff@barclays.com <mailto:joseph.reiff@barclays.com>  <joseph.reiff@barclays.com <mailto:joseph.reiff@barclays.com> >
Sent: Tuesday, January 27, 2026 8:31 AM
To: Graham Mills <graham.mills@duke.edu <mailto:graham.mills@duke.edu> >
Cc: joseph.reiff@barclays.com <mailto:joseph.reiff@barclays.com>  <joseph.reiff@barclays.com <mailto:joseph.reiff@barclays.com> >
Subject: RE: Referral from Alexi Braun - Duke Student 

 

Hi Graham,


Let’s shoot for 3:30 pm tomorrow if that works?

Best,

 

Joseph Reiff

 

 

Restricted - External

From: Graham Mills <graham.mills@duke.edu <mailto:graham.mills@duke.edu> > 
Sent: Monday, January 26, 2026 10:43 AM
To: Reiff, Joseph : Global Markets <joseph.reiff@barclays.com <mailto:joseph.reiff@barclays.com> >
Subject: Re: Referral from Alexi Braun - Duke Student

 

________________________________

CAUTION: This email originated from outside our organization - graham.mills@duke.edu <mailto:graham.mills@duke.edu>  Do not click on links, open attachments, or respond unless you recognize the sender and can validate the content is safe. 

________________________________

Sounds good. Would sometime Wednesday afternoon or late Friday afternoon work for you?

________________________________

From: joseph.reiff@barclays.com <mailto:joseph.reiff@barclays.com>  <joseph.reiff@barclays.com <mailto:joseph.reiff@barclays.com> >
Sent: Monday, January 26, 2026 9:23 AM
To: Graham Mills <graham.mills@duke.edu <mailto:graham.mills@duke.edu> >
Cc: joseph.reiff@barclays.com <mailto:joseph.reiff@barclays.com>  <joseph.reiff@barclays.com <mailto:joseph.reiff@barclays.com> >
Subject: Re: Referral from Alexi Braun - Duke Student 

 

Hi Graham,

 

Sure, I’d love to connect for a coffee — I’m flying back to NYC today so how about later this week?

 

Best,

 

Joseph Reiff 

 

 

Restricted - External

________________________________

From: Graham Mills <graham.mills@duke.edu <mailto:graham.mills@duke.edu> >
Sent: Friday, January 23, 2026 11:30:07 AM
To: Reiff, Joseph : Global Markets <joseph.reiff@barclays.com <mailto:joseph.reiff@barclays.com> >
Subject: Referral from Alexi Braun - Duke Student 

 

________________________________

CAUTION: This email originated from outside our organization - graham.mills@duke.edu <mailto:graham.mills@duke.edu>  Do not click on links, open attachments, or respond unless you recognize the sender and can validate the content is safe. 

________________________________

Hi Joseph,

 

I am currently a Duke sophomore in NYC for the Duke in New York Program. I spoke with Alexi Braun at a site visit to Barclays, and she recommended I speak with you to learn more about the S&T team at Barclays.

 

Are you available anytime next week for a quick coffee or call to discuss your role? Just let me know, and we can get something scheduled.

 

Best,

Graham Mills

 

This e-mail and any attachments are confidential and intended solely for the addressee and may also be privileged or exempt from disclosure under applicable law. If you are not the addressee, or have received this e-mail in error, please notify the sender immediately, delete it from your system and do not copy, disclose or otherwise act upon any part of this e-mail or its attachments. 

Internet communications are not guaranteed to be secure or virus-free. The Barclays Group does not accept responsibility for any loss arising from unauthorised access to, or interference with, any Internet communications by any third party, or from the transmission of any viruses. Replies to this e-mail may be monitored by the Barclays Group for operational or business reasons. 

Any opinion or other information in this e-mail or its attachments that does not relate to the business of the Barclays Group is personal to the sender and is not given or endorsed by the Barclays Group. 

Barclays Bank PLC. Registered in England and Wales (registered no. 1026167). Registered Office: 1 Churchill Place, London, E14 5HP, United Kingdom. 

Barclays Bank PLC is authorised by the Prudential Regulation Authority and regulated by the Financial Conduct Authority and the Prudential Regulation Authority (Financial Services Register No. 122702). 

 

 

This e-mail and any attachments are confidential and intended solely for the addressee and may also be privileged or exempt from disclosure under applicable law. If you are not the addressee, or have received this e-mail in error, please notify the sender immediately, delete it from your system and do not copy, disclose or otherwise act upon any part of this e-mail or its attachments. 

Internet communications are not guaranteed to be secure or virus-free. The Barclays Group does not accept responsibility for any loss arising from unauthorised access to, or interference with, any Internet communications by any third party, or from the transmission of any viruses. Replies to this e-mail may be monitored by the Barclays Group for operational or business reasons. 

Any opinion or other information in this e-mail or its attachments that does not relate to the business of the Barclays Group is personal to the sender and is not given or endorsed by the Barclays Group. 

Barclays Bank PLC. Registered in England and Wales (registered no. 1026167). Registered Office: 1 Churchill Place, London, E14 5HP, United Kingdom. 

Barclays Bank PLC is authorised by the Prudential Regulation Authority and regulated by the Financial Conduct Authority and the Prudential Regulation Authority (Financial Services Register No. 122702). 

 




This e-mail and any attachments are confidential and intended solely for the addressee and may also be privileged or exempt from disclosure under applicable law. If you are not the addressee, or have received this e-mail in error, please notify the sender immediately, delete it from your system and do not copy, disclose or otherwise act upon any part of this e-mail or its attachments. 

Internet communications are not guaranteed to be secure or virus-free. The Barclays Group does not accept responsibility for any loss arising from unauthorised access to, or interference with, any Internet communications by any third party, or from the transmission of any viruses. Replies to this e-mail may be monitored by the Barclays Group for operational or business reasons. 

Any opinion or other information in this e-mail or its attachments that does not relate to the business of the Barclays Group is personal to the sender and is not given or endorsed by the Barclays Group. 

Barclays Bank PLC. Registered in England and Wales (registered no. 1026167). Registered Office: 1 Churchill Place, London, E14 5HP, United Kingdom. 

Barclays Bank PLC is authorised by the Prudential Regulation Authority and regulated by the Financial Conduct Authority and the Prudential Regulation Authority (Financial Services Register No. 122702). 


","Graham Mills","/o=ExchangeLabs/ou=Exchange Administrative Group (FYDIBOHF23SPDLT)/cn=Recipients/cn=db3bfe3506794f919ac1e0bca73ab3a9-a02bfddf-ef","EX","joseph.reiff@barclays.com","joseph.reiff@barclays.com","SMTP",,,,,,,,,"Normal",,"Normal"
"Duke Student - Penn Office of Investments Interest","Dear Michael,
I am a sophomore at Duke University (Class of 2028) with previous experience working at a hospital endowment.
I am writing to submit my candidacy for a Summer 2027 Investment Analyst position. While I understand that the Office of Investments primarily recruits during the fall semester, the 2027 recruiting cycle across the industry has accelerated significantly. Given my prior experience in the allocator space, I wanted to proactively share my background with you, as joining Penn's investment team is of great interest to me.
Please find my application materials attached:

*	
	Cover Letter
*	
	Resume and Transcript (Combined into one document)

Thank you for your time and consideration.
Best regards,
Graham Mills Duke University | Class of 2028
704-770-7141


","Graham Mills","/O=EXCHANGELABS/OU=EXCHANGE ADMINISTRATIVE GROUP (FYDIBOHF23SPDLT)/CN=RECIPIENTS/CN=DB3BFE3506794F919AC1E0BCA73AB3A9-A02BFDDF-EF","EX","michael.lukasek@upenn.edu","michael.lukasek@upenn.edu","SMTP",,,,,,,,,"Normal",,"Normal"
"Duke Student - PRINCO Interest","Hi PRINCO Recruiting Team,
I am a sophomore at Duke (Class of 2028) with previous experience working at a hospital endowment.
I am writing to ask for clarification regarding your recruiting timeline for the Summer 2027 analyst class.
As you may know, the recruiting cycle for 2027 Summer Analyst roles at major banks has accelerated significantly, and I am currently active in that process. However, given my prior experience in the allocator space, I have a strong interest in exploring opportunities at PRINCO as well.
I want to ensure I respect your specific timeline and do not apply prematurely to your current opening (which appears to be for Summer 2026).
Could you confirm when you anticipate opening applications for Summer 2027?
Best regards,
Graham Mills
Duke University | Class of 2028 
704-770-7141

","Graham Mills","/O=EXCHANGELABS/OU=EXCHANGE ADMINISTRATIVE GROUP (FYDIBOHF23SPDLT)/CN=RECIPIENTS/CN=DB3BFE3506794F919AC1E0BCA73AB3A9-A02BFDDF-EF","EX","JoinPRINCO@princeton.edu","JoinPRINCO@princeton.edu","SMTP",,,,,,,,,"Normal",,"Normal"
"Duke Student - MIT Management Company Interest","Hi Nina,
I am a sophomore at Duke with previous experience interning at a hospital endowment. That experience sparked my interest in the allocator space, and I have been following MITIMCo’s work closely.
I am writing to inquire about the recruiting timeline for your summer internship program. As I map out my application deadlines for the upcoming cycle, I wanted to ensure I didn't miss the window to apply.
Best,
Graham Mills
704-770-7141

","Graham Mills","/O=EXCHANGELABS/OU=EXCHANGE ADMINISTRATIVE GROUP (FYDIBOHF23SPDLT)/CN=RECIPIENTS/CN=DB3BFE3506794F919AC1E0BCA73AB3A9-A02BFDDF-EF","EX","nlavernia@mitimco.mit.edu","nlavernia@mitimco.mit.edu","SMTP",,,,,,,,,"Normal",,"Normal"
"Duke Student - Summer Analyst Program Interest","Dear Recruiting Team,
I am a sophomore at Duke University with prior experience interning at a hospital endowment. That experience sparked my interest in the allocator model, and I have been following HMC’s work closely.
I am writing to inquire about the recruiting timeline for the Generalist Team Summer Analyst program (for Summer 2027). Could you let me know when applications typically open, or if you anticipate recruiting this spring?
I want to ensure I follow your specific timeline rather than assuming it matches other investment offices.
Best, 
Graham Mills

","Graham Mills","/O=EXCHANGELABS/OU=EXCHANGE ADMINISTRATIVE GROUP (FYDIBOHF23SPDLT)/CN=RECIPIENTS/CN=DB3BFE3506794F919AC1E0BCA73AB3A9-A02BFDDF-EF","EX","recruiter@hmc.harvard.edu","recruiter@hmc.harvard.edu","SMTP",,,,,,,,,"Normal",,"Normal"
"Re: UVIMCO - 2027 Summer Investment Intern - Interview","Hi Tina,

Thank you for the invitation to interview. I am very interested in the Summer Investment Intern position and look forward to meeting the team.
I have just selected my available time slots via the online calendar link provided below. Please let me know if you need any additional information prior to our meeting.
Best,
Graham Mills

________________________________

From: Tina Shifflett <tshifflett@uvimco.org>
Sent: Tuesday, January 27, 2026 8:10 AM
To: Graham Mills <graham.mills@duke.edu>
Subject: UVIMCO - 2027 Summer Investment Intern - Interview 
 

Graham,

Thank you for submitting your application for our 2027 Summer Investment Intern position.   We would like to set up a thirty-minute virtual interview with you and a few members of our team.  To help us schedule your interview, please let us know when you're available over the next few weeks by selecting the online calendar link below and I will get this coordinated with our team. 

Enter your availability now > <https://nam11.safelinks.protection.outlook.com/?url=https%3A%2F%2Fapp8.greenhouse.io%2Favailability%2F0c84f2e3030a99eb51605367e80e9c87%3Futm_medium%3Demail%26utm_source%3DAvailabilityRequest&data=05%7C02%7Cgraham.mills%40duke.edu%7C72d4c3a587e44589762e08de5da5761c%7Ccb72c54e4a314d9eb14a1ea36dfac94c%7C0%7C0%7C639051162398475892%7CUnknown%7CTWFpbGZsb3d8eyJFbXB0eU1hcGkiOnRydWUsIlYiOiIwLjAuMDAwMCIsIlAiOiJXaW4zMiIsIkFOIjoiTWFpbCIsIldUIjoyfQ%3D%3D%7C0%7C%7C%7C&sdata=a63qop0wWgQW6EFmrmodbUDrGNWD6am0U74lHENgztc%3D&reserved=0> 

Thanks and I look forward to hearing back from you.

Have a good day.

 

Tina

Tina Shifflett | Office Manager

University of Virginia Investment Management Company

434.218.4490 Direct

434-218-4540 Main | tshifflett@uvimco.org <mailto:tshifflett@uvimco.org> 

701 E. Water Street, 4th Floor | Charlottesville, VA 22902

 

 <http://email.gh-mail.uvimco.org/o/eJwkzEFuryAQgPHT_Nk9MwwwMAsW7wq9QIMyKKmWFsWkt29Mt1--_HIUWIqQkqg9sdNsjVNbzIsrM1szB8SSU2KNCJ7I40yOhVWNCEig0WujwbiJC2ASqw0sBEHKy8K6_TtS3adx12NpU-uran19rzlaACBLAEF9ST_b5xOdBWJj-ak9rtuB-mUhjw-ZJA911r09W1BX_H-nuqe57vX6eZPvIeelxin9z9aBvXmUO-JvAAAA__--QkIW> 
","Graham Mills","/o=ExchangeLabs/ou=Exchange Administrative Group (FYDIBOHF23SPDLT)/cn=Recipients/cn=db3bfe3506794f919ac1e0bca73ab3a9-a02bfddf-ef","EX","Tina Shifflett","tshifflett@uvimco.org","SMTP",,,,,,,,,"Normal",,"Normal"
"Re: Duke Student - Inquiry","I live in Brooklyn Heights but take classes in Manhattan, not too far from your office. I'm here all semester, so there's no rush to meet. If you would like to meet this week, I'm available Wednesday at 2 pm or sometime late Friday afternoon. Just let me know what works best for you.
________________________________

From: Basile Graz <bgraz@pharmakonadvisors.com>
Sent: Tuesday, January 27, 2026 1:26 PM
To: Graham Mills <graham.mills@duke.edu>
Subject: RE: Duke Student - Inquiry 
 

Happy to try and meet in person if you’d like. Until when are you in town and where are you based? I work in midtown, Park/59. I will be away on vacation next week just FYI

 

Thanks,

Basile

 

Basile Graz 

Pharmakon Advisors, LP 

110 East 59th Street, 28th Floor 

New York, NY 10022

C: (919) 564-9626

bgraz@pharmakonadvisors.com <mailto:bgraz@pharmakonadvisors.com> 

 

From: Graham Mills <graham.mills@duke.edu> 
Sent: Tuesday, January 27, 2026 1:15 PM
To: Basile Graz <bgraz@pharmakonadvisors.com>
Subject: Re: Duke Student - Inquiry

 

	Originated Outside Pharmakon 

Hi Basile,

 

I'm still very interested in talking. I'm actually in New York as a part of the Duke in New York program now. If you would like to meet for coffee, that would be great, or we can talk over phone. Just let me know what works for you.

 

Best,

Graham

________________________________

From: Basile Graz <bgraz@pharmakonadvisors.com <mailto:bgraz@pharmakonadvisors.com> >
Sent: Tuesday, January 27, 2026 10:54 AM
To: Graham Mills <graham.mills@duke.edu <mailto:graham.mills@duke.edu> >
Subject: RE: Duke Student - Inquiry 

 

Hey Graham,

 

Apologies for the delay – let me know if you still want to talk

 

Best,

Basile

 

Basile Graz 

Pharmakon Advisors, LP 

110 East 59th Street, 28th Floor 

New York, NY 10022

C: (919) 564-9626

bgraz@pharmakonadvisors.com <mailto:bgraz@pharmakonadvisors.com> 

 

From: Graham Mills <graham.mills@duke.edu <mailto:graham.mills@duke.edu> > 
Sent: Monday, December 29, 2025 5:26 PM
To: Basile Graz <bgraz@pharmakonadvisors.com <mailto:bgraz@pharmakonadvisors.com> >
Subject: Duke Student - Inquiry

 

	Originated Outside Pharmakon 

Hi Basile,

I hope you’re enjoying the holiday break.

I am a sophomore at Duke based in Charlotte with a strong interest in investment banking. I know you are likely busy, but I would value the chance to hear about your experience with the firm ahead of the upcoming recruiting cycle.

Do you have 10 minutes this week or next for a brief call?

Best,

--

Graham Mills 

grahammillspb@gmail.com <mailto:grahammillspb@gmail.com>  

704-770-7141

www.linkedin.com/in/gmills1 <https://nam11.safelinks.protection.outlook.com/?url=http%3A%2F%2Fwww.linkedin.com%2Fin%2Fgmills1&data=05%7C02%7Cgraham.mills%40duke.edu%7C490656a5af1d4f70d34808de5dd19512%7Ccb72c54e4a314d9eb14a1ea36dfac94c%7C0%7C0%7C639051351898339358%7CUnknown%7CTWFpbGZsb3d8eyJFbXB0eU1hcGkiOnRydWUsIlYiOiIwLjAuMDAwMCIsIlAiOiJXaW4zMiIsIkFOIjoiTWFpbCIsIldUIjoyfQ%3D%3D%7C0%7C%7C%7C&sdata=aA2AC2EbtF1TRYxrcjKYYo0p2r%2BrtqKbSJNgjlYZZ3Q%3D&reserved=0> 

 

 

Pharmakon-Disclaimer: This email may contain confidential information and is solely for use by the intended recipient(s). Any use, copying or dissemination by any other person is strictly prohibited. If you are not an intended recipient, please notify the sender immediately and delete all copies of the email. 

","Graham Mills","/o=ExchangeLabs/ou=Exchange Administrative Group (FYDIBOHF23SPDLT)/cn=Recipients/cn=db3bfe3506794f919ac1e0bca73ab3a9-a02bfddf-ef","EX","Basile Graz","bgraz@pharmakonadvisors.com","SMTP",,,,,,,,,"Normal",,"Normal"
"Duke in NY Student - Global Markets Interest","Hi Casey,
I was one of the Duke students who attended the event at Nomura last week. Thank you so much for hosting and giving me a chance to learn more about the team.
I had a great time speaking with members of the Markets team and have submitted my application for the Global Markets Summer Analyst program.
Could you recommend anyone else on the Markets team, perhaps Duke alumni, who would be open to chatting? Alternatively, are there any recent hires I could speak with regarding the recruitment process? Thanks.
Best, 
Graham

","Graham Mills","/O=EXCHANGELABS/OU=EXCHANGE ADMINISTRATIVE GROUP (FYDIBOHF23SPDLT)/CN=RECIPIENTS/CN=DB3BFE3506794F919AC1E0BCA73AB3A9-A02BFDDF-EF","EX","casey.pfeiffer@nomura.com","casey.pfeiffer@nomura.com","SMTP",,,,,,,,,"Normal",,"Normal"
"Duke Student connecting / Referred by Husayn Moody","Hi Claire,
Hope you're having a good week. I am a Duke sophomore currently in New York as a part of the Duke in New York Program, and I actually got to visit Nomura last week.
I was just catching up with Husayn Moody, and he recommended I reach out to you. I know you are busy, but do you have 10-15 minutes to connect? We can hop on a call or meet for coffee by the office. Just let me know what works for you.
Best,
Graham Mills

","Graham Mills","/O=EXCHANGELABS/OU=EXCHANGE ADMINISTRATIVE GROUP (FYDIBOHF23SPDLT)/CN=RECIPIENTS/CN=DB3BFE3506794F919AC1E0BCA73AB3A9-A02BFDDF-EF","EX","claire.steinglass@nomura.com","claire.steinglass@nomura.com","SMTP",,,,,,,,,"Normal",,"Normal"
"Re: Duke Student - Inquiry","Hi Basile,

I'm still very interested in talking. I'm actually in New York as a part of the Duke in New York program now. If you would like to meet for coffee, that would be great, or we can talk over phone. Just let me know what works for you.

Best,
Graham
________________________________

From: Basile Graz <bgraz@pharmakonadvisors.com>
Sent: Tuesday, January 27, 2026 10:54 AM
To: Graham Mills <graham.mills@duke.edu>
Subject: RE: Duke Student - Inquiry 
 

Hey Graham,

 

Apologies for the delay – let me know if you still want to talk

 

Best,

Basile

 

Basile Graz 

Pharmakon Advisors, LP 

110 East 59th Street, 28th Floor 

New York, NY 10022

C: (919) 564-9626

bgraz@pharmakonadvisors.com <mailto:bgraz@pharmakonadvisors.com> 

 

From: Graham Mills <graham.mills@duke.edu> 
Sent: Monday, December 29, 2025 5:26 PM
To: Basile Graz <bgraz@pharmakonadvisors.com>
Subject: Duke Student - Inquiry

 

	Originated Outside Pharmakon 

Hi Basile,

I hope you’re enjoying the holiday break.

I am a sophomore at Duke based in Charlotte with a strong interest in investment banking. I know you are likely busy, but I would value the chance to hear about your experience with the firm ahead of the upcoming recruiting cycle.

Do you have 10 minutes this week or next for a brief call?

Best,

--

Graham Mills 

grahammillspb@gmail.com <mailto:grahammillspb@gmail.com>  

704-770-7141

www.linkedin.com/in/gmills1 <https://nam11.safelinks.protection.outlook.com/?url=http%3A%2F%2Fwww.linkedin.com%2Fin%2Fgmills1&data=05%7C02%7Cgraham.mills%40duke.edu%7Cb93f7f39b6e645a5825608de5dbc554d%7Ccb72c54e4a314d9eb14a1ea36dfac94c%7C0%7C0%7C639051260631262760%7CUnknown%7CTWFpbGZsb3d8eyJFbXB0eU1hcGkiOnRydWUsIlYiOiIwLjAuMDAwMCIsIlAiOiJXaW4zMiIsIkFOIjoiTWFpbCIsIldUIjoyfQ%3D%3D%7C0%7C%7C%7C&sdata=eKDx1WNNg42loxuv9Q15oufqVMk9xomgwQI0kzuV690%3D&reserved=0> 

 

 

Pharmakon-Disclaimer: This email may contain confidential information and is solely for use by the intended recipient(s). Any use, copying or dissemination by any other person is strictly prohibited. If you are not an intended recipient, please notify the sender immediately and delete all copies of the email. 
","Graham Mills","/o=ExchangeLabs/ou=Exchange Administrative Group (FYDIBOHF23SPDLT)/cn=Recipients/cn=db3bfe3506794f919ac1e0bca73ab3a9-a02bfddf-ef","EX","Basile Graz","bgraz@pharmakonadvisors.com","SMTP",,,,,,,,,"Normal",,"Normal"
"Accepted: Husayn x Graham catchup call ","","Graham Mills","/O=EXCHANGELABS/OU=EXCHANGE ADMINISTRATIVE GROUP (FYDIBOHF23SPDLT)/CN=RECIPIENTS/CN=DB3BFE3506794F919AC1E0BCA73AB3A9-A02BFDDF-EF","EX","Husayn.Moody@nomura.com","Husayn.Moody@nomura.com","SMTP",,,,,,,,,"Normal",,"Normal"
"Re: Referral from Alexi Braun - Duke Student","Perfect. Do you have a preferred coffee spot nearby?
________________________________

From: joseph.reiff@barclays.com <joseph.reiff@barclays.com>
Sent: Tuesday, January 27, 2026 8:31 AM
To: Graham Mills <graham.mills@duke.edu>
Cc: joseph.reiff@barclays.com <joseph.reiff@barclays.com>
Subject: RE: Referral from Alexi Braun - Duke Student 
 

Hi Graham,


Let’s shoot for 3:30 pm tomorrow if that works?

Best,

 

Joseph Reiff

 


Restricted - External


From: Graham Mills <graham.mills@duke.edu> 
Sent: Monday, January 26, 2026 10:43 AM
To: Reiff, Joseph : Global Markets <joseph.reiff@barclays.com>
Subject: Re: Referral from Alexi Braun - Duke Student

 

________________________________

CAUTION: This email originated from outside our organization - graham.mills@duke.edu <mailto:graham.mills@duke.edu>  Do not click on links, open attachments, or respond unless you recognize the sender and can validate the content is safe. 

________________________________

Sounds good. Would sometime Wednesday afternoon or late Friday afternoon work for you?

________________________________

From: joseph.reiff@barclays.com <mailto:joseph.reiff@barclays.com>  <joseph.reiff@barclays.com <mailto:joseph.reiff@barclays.com> >
Sent: Monday, January 26, 2026 9:23 AM
To: Graham Mills <graham.mills@duke.edu <mailto:graham.mills@duke.edu> >
Cc: joseph.reiff@barclays.com <mailto:joseph.reiff@barclays.com>  <joseph.reiff@barclays.com <mailto:joseph.reiff@barclays.com> >
Subject: Re: Referral from Alexi Braun - Duke Student 

 

Hi Graham,

 

Sure, I’d love to connect for a coffee — I’m flying back to NYC today so how about later this week?

 

Best,

 

Joseph Reiff 

 

 

Restricted - External

________________________________

From: Graham Mills <graham.mills@duke.edu <mailto:graham.mills@duke.edu> >
Sent: Friday, January 23, 2026 11:30:07 AM
To: Reiff, Joseph : Global Markets <joseph.reiff@barclays.com <mailto:joseph.reiff@barclays.com> >
Subject: Referral from Alexi Braun - Duke Student 

 

________________________________

CAUTION: This email originated from outside our organization - graham.mills@duke.edu <mailto:graham.mills@duke.edu>  Do not click on links, open attachments, or respond unless you recognize the sender and can validate the content is safe. 

________________________________

Hi Joseph,

 

I am currently a Duke sophomore in NYC for the Duke in New York Program. I spoke with Alexi Braun at a site visit to Barclays, and she recommended I speak with you to learn more about the S&T team at Barclays.

 

Are you available anytime next week for a quick coffee or call to discuss your role? Just let me know, and we can get something scheduled.

 

Best,

Graham Mills

 

This e-mail and any attachments are confidential and intended solely for the addressee and may also be privileged or exempt from disclosure under applicable law. If you are not the addressee, or have received this e-mail in error, please notify the sender immediately, delete it from your system and do not copy, disclose or otherwise act upon any part of this e-mail or its attachments. 

Internet communications are not guaranteed to be secure or virus-free. The Barclays Group does not accept responsibility for any loss arising from unauthorised access to, or interference with, any Internet communications by any third party, or from the transmission of any viruses. Replies to this e-mail may be monitored by the Barclays Group for operational or business reasons. 

Any opinion or other information in this e-mail or its attachments that does not relate to the business of the Barclays Group is personal to the sender and is not given or endorsed by the Barclays Group. 

Barclays Bank PLC. Registered in England and Wales (registered no. 1026167). Registered Office: 1 Churchill Place, London, E14 5HP, United Kingdom. 

Barclays Bank PLC is authorised by the Prudential Regulation Authority and regulated by the Financial Conduct Authority and the Prudential Regulation Authority (Financial Services Register No. 122702). 

 




This e-mail and any attachments are confidential and intended solely for the addressee and may also be privileged or exempt from disclosure under applicable law. If you are not the addressee, or have received this e-mail in error, please notify the sender immediately, delete it from your system and do not copy, disclose or otherwise act upon any part of this e-mail or its attachments. 

Internet communications are not guaranteed to be secure or virus-free. The Barclays Group does not accept responsibility for any loss arising from unauthorised access to, or interference with, any Internet communications by any third party, or from the transmission of any viruses. Replies to this e-mail may be monitored by the Barclays Group for operational or business reasons. 

Any opinion or other information in this e-mail or its attachments that does not relate to the business of the Barclays Group is personal to the sender and is not given or endorsed by the Barclays Group. 

Barclays Bank PLC. Registered in England and Wales (registered no. 1026167). Registered Office: 1 Churchill Place, London, E14 5HP, United Kingdom. 

Barclays Bank PLC is authorised by the Prudential Regulation Authority and regulated by the Financial Conduct Authority and the Prudential Regulation Authority (Financial Services Register No. 122702). 


","Graham Mills","/o=ExchangeLabs/ou=Exchange Administrative Group (FYDIBOHF23SPDLT)/cn=Recipients/cn=db3bfe3506794f919ac1e0bca73ab3a9-a02bfddf-ef","EX","joseph.reiff@barclays.com","joseph.reiff@barclays.com","SMTP",,,,,,,,,"Normal",,"Normal"
"Duke Student - GEM Interest","Hi Clark,
Hope you're having a good week. I just wanted to reach out and let you know I recently submitted my application for the Summer Analyst Position at GEM.
I'm from Charlotte and have been following Gem's work for a while, and would love to chat if you have a few minutes down the road. Just let me know, and we can work something out.
Best,
Graham Mills

","Graham Mills","/O=EXCHANGELABS/OU=EXCHANGE ADMINISTRATIVE GROUP (FYDIBOHF23SPDLT)/CN=RECIPIENTS/CN=DB3BFE3506794F919AC1E0BCA73AB3A9-A02BFDDF-EF","EX","cgoff@globalendowment.com","cgoff@globalendowment.com","SMTP",,,,,,,,,"Normal",,"Normal"
"Re: Referral from Alexi Braun - Duke Student","Sounds good. Would sometime Wednesday afternoon or late Friday afternoon work for you?
________________________________

From: joseph.reiff@barclays.com <joseph.reiff@barclays.com>
Sent: Monday, January 26, 2026 9:23 AM
To: Graham Mills <graham.mills@duke.edu>
Cc: joseph.reiff@barclays.com <joseph.reiff@barclays.com>
Subject: Re: Referral from Alexi Braun - Duke Student 
 
Hi Graham,

Sure, I’d love to connect for a coffee — I’m flying back to NYC today so how about later this week?

Best,

Joseph Reiff 



Restricted - External


________________________________

From: Graham Mills <graham.mills@duke.edu>
Sent: Friday, January 23, 2026 11:30:07 AM
To: Reiff, Joseph : Global Markets <joseph.reiff@barclays.com>
Subject: Referral from Alexi Braun - Duke Student 
 
________________________________

CAUTION: This email originated from outside our organization - graham.mills@duke.edu Do not click on links, open attachments, or respond unless you recognize the sender and can validate the content is safe. 
________________________________

Hi Joseph,

I am currently a Duke sophomore in NYC for the Duke in New York Program. I spoke with Alexi Braun at a site visit to Barclays, and she recommended I speak with you to learn more about the S&T team at Barclays.

Are you available anytime next week for a quick coffee or call to discuss your role? Just let me know, and we can get something scheduled.

Best,
Graham Mills




This e-mail and any attachments are confidential and intended solely for the addressee and may also be privileged or exempt from disclosure under applicable law. If you are not the addressee, or have received this e-mail in error, please notify the sender immediately, delete it from your system and do not copy, disclose or otherwise act upon any part of this e-mail or its attachments. 

Internet communications are not guaranteed to be secure or virus-free. The Barclays Group does not accept responsibility for any loss arising from unauthorised access to, or interference with, any Internet communications by any third party, or from the transmission of any viruses. Replies to this e-mail may be monitored by the Barclays Group for operational or business reasons. 

Any opinion or other information in this e-mail or its attachments that does not relate to the business of the Barclays Group is personal to the sender and is not given or endorsed by the Barclays Group. 

Barclays Bank PLC. Registered in England and Wales (registered no. 1026167). Registered Office: 1 Churchill Place, London, E14 5HP, United Kingdom. 

Barclays Bank PLC is authorised by the Prudential Regulation Authority and regulated by the Financial Conduct Authority and the Prudential Regulation Authority (Financial Services Register No. 122702). 


","Graham Mills","/o=ExchangeLabs/ou=Exchange Administrative Group (FYDIBOHF23SPDLT)/cn=Recipients/cn=db3bfe3506794f919ac1e0bca73ab3a9-a02bfddf-ef","EX","joseph.reiff@barclays.com","joseph.reiff@barclays.com","SMTP",,,,,,,,,"Normal",,"Normal"
"Re: [EXTERNAL]Duke Student Visit - Follow Up","Sounds good. I'll check back in with you that morning.
________________________________

From: Mufengi, Austin <austin.mufengi@jpmchase.com>
Sent: Friday, January 23, 2026 6:13 PM
To: Graham Mills <graham.mills@duke.edu>
Subject: RE: [EXTERNAL]Duke Student Visit - Follow Up 
 

That works. Lets meet up in the office.

 

Austin Mufengi | Structured Investments | J.P. Morgan | 270 Park Avenue, 5th Floor, New York, NY 10179 | T: +1 (212) 622-2623 | austin.mufengi@jpmchase.com

 

From: Graham Mills <graham.mills@duke.edu> 
Sent: Friday, January 23, 2026 3:20 PM
To: Mufengi, Austin (CIB S&M, USA) <austin.mufengi@jpmchase.com>
Subject: Re: [EXTERNAL]Duke Student Visit - Follow Up

 

Hey Austin,

 

Thanks for getting back to me. Does 4:30 pm Monday, February 2, work for you? Also, would you prefer I meet you by the office or over phone? Just let me know.

 

Best,

Graham

________________________________

From: Mufengi, Austin <austin.mufengi@jpmchase.com>
Sent: Friday, January 23, 2026 2:41 PM
To: Graham Mills <graham.mills@duke.edu>
Subject: RE: [EXTERNAL]Duke Student Visit - Follow Up 

 

Hi Graham – of course. My calendar is packed next week so let’s aim for the first week of February. Let me know if anything works post 4pm  Feb 2 – 4.

 

Austin Mufengi | Structured Investments | J.P. Morgan | 270 Park Avenue, 5th Floor, New York, NY 10179 | T: +1 (212) 622-2623 | austin.mufengi@jpmchase.com

 

From: Graham Mills <graham.mills@duke.edu> 
Sent: Thursday, January 22, 2026 8:30 AM
To: Mufengi, Austin (CIB S&M, USA) <austin.mufengi@jpmchase.com>
Subject: [EXTERNAL]Duke Student Visit - Follow Up

 

Hi Austin,

 

I had a great time talking to you at the Duke event yesterday. I enjoyed learning about your team and the more unique products you work with.

 

With that said, I'm interested in learning more and exploring more about the equity derivatives team and your specific role on it. Are you available for a quick coffee or phone call? Just let me know what works for you and we can schedule something.

 

Best,

Graham

This message is confidential and subject to terms at: https://www.jpmorgan.com/emaildisclaimer including on confidential, privileged or legal entity information, malicious content and monitoring of electronic messages. If you are not the intended recipient, please delete this message and notify the sender immediately. Any unauthorized use is strictly prohibited.

This message is confidential and subject to terms at: https://www.jpmorgan.com/emaildisclaimer including on confidential, privileged or legal entity information, malicious content and monitoring of electronic messages. If you are not the intended recipient, please delete this message and notify the sender immediately. Any unauthorized use is strictly prohibited.

","Graham Mills","/o=ExchangeLabs/ou=Exchange Administrative Group (FYDIBOHF23SPDLT)/cn=Recipients/cn=db3bfe3506794f919ac1e0bca73ab3a9-a02bfddf-ef","EX","Mufengi, Austin","austin.mufengi@jpmchase.com","SMTP",,,,,,,,,"Normal",,"Normal"
"Summer Analyst Application - Graham Mills - Duke Univesity","Dear Recruiting Team,
Please find attached my resume and transcript for the Summer Analyst position.
I am currently a sophomore at Duke and have a strong interest in AGC’s focus on middle-market Tech M&A.
Thank you for your time and consideration.
Best regards,
Graham Mills
704-770-7141

","Graham Mills","/O=EXCHANGELABS/OU=EXCHANGE ADMINISTRATIVE GROUP (FYDIBOHF23SPDLT)/CN=RECIPIENTS/CN=DB3BFE3506794F919AC1E0BCA73AB3A9-A02BFDDF-EF","EX","internships@agcpartners.com","internships@agcpartners.com","SMTP",,,,,,,,,"Normal",,"Normal"
"Duke Student - Bain Capital Interest","Hi Henry,
Hope you're having a good week. I just wanted to reach out and let you know I recently submitted my application for the 2027 Real Estate Summer Analyst position at Bain Capital.
I've been following Bain's work in the real estate space for a while and would love to chat if you have a few minutes down the road. Either way, thanks for your time!
Best,
Graham Mills

","Graham Mills","/O=EXCHANGELABS/OU=EXCHANGE ADMINISTRATIVE GROUP (FYDIBOHF23SPDLT)/CN=RECIPIENTS/CN=DB3BFE3506794F919AC1E0BCA73AB3A9-A02BFDDF-EF","EX","hdon@baincapital.com","hdon@baincapital.com","SMTP",,,,,,,,,"Normal",,"Normal"
"Duke Student - Bain Capital Interest","Hi Samantha,
Hope you're having a good week. I just wanted to reach out and let you know I recently submitted my application for the 2027 Credit Summer Analyst position at Bain Capital.
I've been following Bain Capital’s work in the credit for a while and would love to chat if you have a few minutes down the road. Either way, thanks for your time!
Best,
Graham Mills

","Graham Mills","/O=EXCHANGELABS/OU=EXCHANGE ADMINISTRATIVE GROUP (FYDIBOHF23SPDLT)/CN=RECIPIENTS/CN=DB3BFE3506794F919AC1E0BCA73AB3A9-A02BFDDF-EF","EX","scorryn@baincapital.com","scorryn@baincapital.com","SMTP",,,,,,,,,"Normal",,"Normal"
"Re: [EXTERNAL]Duke Student Visit - Follow Up","Hey Austin,

Thanks for getting back to me. Does 4:30 pm Monday, February 2, work for you? Also, would you prefer I meet you by the office or over phone? Just let me know.

Best,
Graham
________________________________

From: Mufengi, Austin <austin.mufengi@jpmchase.com>
Sent: Friday, January 23, 2026 2:41 PM
To: Graham Mills <graham.mills@duke.edu>
Subject: RE: [EXTERNAL]Duke Student Visit - Follow Up 
 

Hi Graham – of course. My calendar is packed next week so let’s aim for the first week of February. Let me know if anything works post 4pm  Feb 2 – 4.

 

Austin Mufengi | Structured Investments | J.P. Morgan | 270 Park Avenue, 5th Floor, New York, NY 10179 | T: +1 (212) 622-2623 | austin.mufengi@jpmchase.com

 

From: Graham Mills <graham.mills@duke.edu> 
Sent: Thursday, January 22, 2026 8:30 AM
To: Mufengi, Austin (CIB S&M, USA) <austin.mufengi@jpmchase.com>
Subject: [EXTERNAL]Duke Student Visit - Follow Up

 

Hi Austin,

 

I had a great time talking to you at the Duke event yesterday. I enjoyed learning about your team and the more unique products you work with.

 

With that said, I'm interested in learning more and exploring more about the equity derivatives team and your specific role on it. Are you available for a quick coffee or phone call? Just let me know what works for you and we can schedule something.

 

Best,

Graham

This message is confidential and subject to terms at: https://www.jpmorgan.com/emaildisclaimer including on confidential, privileged or legal entity information, malicious content and monitoring of electronic messages. If you are not the intended recipient, please delete this message and notify the sender immediately. Any unauthorized use is strictly prohibited.

","Graham Mills","/o=ExchangeLabs/ou=Exchange Administrative Group (FYDIBOHF23SPDLT)/cn=Recipients/cn=db3bfe3506794f919ac1e0bca73ab3a9-a02bfddf-ef","EX","Mufengi, Austin","austin.mufengi@jpmchase.com","SMTP",,,,,,,,,"Normal",,"Normal"
"Duke Student - Oak Hill Interest","Hi Thomas,
Hope you're having a good week. I just wanted to reach out and let you know I recently submitted my application for the 2027 Investor Relations Summer Intern position at Oak Hill Advisors.
I've been following Oak Hill Advisors' work in the alternative investment and private credit space for a while and would love to chat if you have a few minutes down the road. Either way, thanks for your time!
Best,
Graham Mills

","Graham Mills","/O=EXCHANGELABS/OU=EXCHANGE ADMINISTRATIVE GROUP (FYDIBOHF23SPDLT)/CN=RECIPIENTS/CN=DB3BFE3506794F919AC1E0BCA73AB3A9-A02BFDDF-EF","EX","tschaefer@oakhilladvisors.com","tschaefer@oakhilladvisors.com","SMTP",,,,,,,,,"Normal",,"Normal"
"Re: Duke in New York Student","Sitting by the door when you come in

Get Outlook for iOS <https://aka.ms/o0ukef> 
________________________________

From: Jacob Ronkin <ronkinjacob@gmail.com>
Sent: Friday, January 23, 2026 12:46:21 PM
To: Graham Mills <graham.mills@duke.edu>
Subject: Re: Duke in New York Student 
 
Amazing. Really appreciate the flexibility


	On Jan 23, 2026, at 12:41 PM, Graham Mills <graham.mills@duke.edu> wrote:
	
	

	﻿ 
	1:30 works for me. See you then.

	Get Outlook for iOS <https://nam11.safelinks.protection.outlook.com/?url=https%3A%2F%2Faka.ms%2Fo0ukef&data=05%7C02%7Cgraham.mills%40duke.edu%7C9c287512487940b27c4008de5aa759f8%7Ccb72c54e4a314d9eb14a1ea36dfac94c%7C0%7C0%7C639047872004548223%7CUnknown%7CTWFpbGZsb3d8eyJFbXB0eU1hcGkiOnRydWUsIlYiOiIwLjAuMDAwMCIsIlAiOiJXaW4zMiIsIkFOIjoiTWFpbCIsIldUIjoyfQ%3D%3D%7C0%7C%7C%7C&sdata=VuY98KpwXtgP2asOajV%2FGrB90hqqxGcEm8vXKs6UP0k%3D&reserved=0> 
________________________________

	From: Jacob Ronkin <ronkinjacob@gmail.com>
	Sent: Friday, January 23, 2026 12:17:12 PM
	To: Graham Mills <graham.mills@duke.edu>
	Subject: Re: Duke in New York Student 
	 
	2 still works, but is there any chance you’re able to do 1 or 1:30? No worries if not.


		On Jan 23, 2026, at 12:07 PM, Graham Mills <graham.mills@duke.edu> wrote:
		
		

		﻿ 
		Hi Jacob,

		Just wanted to check, 2 pm still works for you?

		Get Outlook for iOS <https://nam11.safelinks.protection.outlook.com/?url=https%3A%2F%2Faka.ms%2Fo0ukef&data=05%7C02%7Cgraham.mills%40duke.edu%7C9c287512487940b27c4008de5aa759f8%7Ccb72c54e4a314d9eb14a1ea36dfac94c%7C0%7C0%7C639047872004583069%7CUnknown%7CTWFpbGZsb3d8eyJFbXB0eU1hcGkiOnRydWUsIlYiOiIwLjAuMDAwMCIsIlAiOiJXaW4zMiIsIkFOIjoiTWFpbCIsIldUIjoyfQ%3D%3D%7C0%7C%7C%7C&sdata=NKRwPdVcDY%2FyI23bpBm%2Fr1SPGiSSKyJiXQN7KallkI4%3D&reserved=0> 
________________________________

		From: Jacob Ronkin <ronkinjacob@gmail.com>
		Sent: Thursday, January 15, 2026 3:37:32 PM
		To: Graham Mills <graham.mills@duke.edu>
		Subject: Re: Duke in New York Student 
		 
		Sounds good!


			On Jan 15, 2026, at 2:07 PM, Graham Mills <graham.mills@duke.edu> wrote:
			
			

			﻿ 
			Let's plan to meet at Gregory's Coffee down the street. See you then!

			https://maps.app.goo.gl/9ZaPa4eJHnFJM8NH9 <https://nam11.safelinks.protection.outlook.com/?url=https%3A%2F%2Fmaps.app.goo.gl%2F9ZaPa4eJHnFJM8NH9&data=05%7C02%7Cgraham.mills%40duke.edu%7C9c287512487940b27c4008de5aa759f8%7Ccb72c54e4a314d9eb14a1ea36dfac94c%7C0%7C0%7C639047872004602606%7CUnknown%7CTWFpbGZsb3d8eyJFbXB0eU1hcGkiOnRydWUsIlYiOiIwLjAuMDAwMCIsIlAiOiJXaW4zMiIsIkFOIjoiTWFpbCIsIldUIjoyfQ%3D%3D%7C0%7C%7C%7C&sdata=6QlcijNj6gXO%2BNSAH%2Boh5Ctgoq%2BYmBeqPglClYglrTM%3D&reserved=0> 
________________________________

			From: Jacob Ronkin <ronkinjacob@gmail.com>
			Sent: Thursday, January 15, 2026 1:14 PM
			To: Graham Mills <graham.mills@duke.edu>
			Subject: Re: Duke in New York Student 
			 
			2PM would be great. My office is on 52nd and Park, so anywhere around there works for me. Thanks so much!


				On Jan 15, 2026, at 10:34 AM, Graham Mills <graham.mills@duke.edu> wrote:
				
				

				﻿ 
				Thanks for getting back to me. Sometime next Friday will be perfect. Just let me know anytime, as I'm completely open that day. 

				See you then.

				Graham
________________________________

				From: Jacob Ronkin <ronkinjacob@gmail.com>
				Sent: Thursday, January 15, 2026 7:49 AM
				To: Graham Mills <graham.mills@duke.edu>
				Subject: Re: Duke in New York Student 
				 
				Hi Graham, 

				It is nice to meet you. I was actually a part of the Duke in New York program as well back in 2018. I’d be happy to meet and speak more about my role. While the end of this week / start of next week are fairly hectic, my schedule opens up next Wednesday or Friday. Let me know when is best for you. Thanks so much!

				Best,
				Jacob
				


					On Jan 13, 2026, at 10:29 AM, Graham Mills <graham.mills@duke.edu> wrote:

					Hi Jacob,
					I am a Duke student in the Duke in New York Program and was excited to see you on the list of mentors. I’m interested in the trading space as a whole and saw your role in data management. I don't know too much about data management, but it sounds interesting and would love to learn more about it.
					Is there a good time for you over the next week or so to grab coffee and chat? I’m sure you’re busy, so if not, a phone call would be great as well.
					Best,
					Graham Mills
					Ghm21@duke.edu <mailto:Ghm21@duke.edu> 
					704-770-7141
					https://www.linkedin.com/in/gmills1/ <https://nam11.safelinks.protection.outlook.com/?url=https%3A%2F%2Fwww.linkedin.com%2Fin%2Fgmills1%2F&data=05%7C02%7Cgraham.mills%40duke.edu%7C9c287512487940b27c4008de5aa759f8%7Ccb72c54e4a314d9eb14a1ea36dfac94c%7C0%7C0%7C639047872004618661%7CUnknown%7CTWFpbGZsb3d8eyJFbXB0eU1hcGkiOnRydWUsIlYiOiIwLjAuMDAwMCIsIlAiOiJXaW4zMiIsIkFOIjoiTWFpbCIsIldUIjoyfQ%3D%3D%7C0%7C%7C%7C&sdata=BL52gRpLcQ7ymfeoYARTS2BJL9FVGTmUQogWxe%2BJ428%3D&reserved=0> 


","Graham Mills","/o=ExchangeLabs/ou=Exchange Administrative Group (FYDIBOHF23SPDLT)/cn=Recipients/cn=db3bfe3506794f919ac1e0bca73ab3a9-a02bfddf-ef","EX","Jacob Ronkin","ronkinjacob@gmail.com","SMTP",,,,,,,,,"Normal",,"Normal"
"Referral from Alexi Braun - Duke Student","Hi Joseph,

I am currently a Duke sophomore in NYC for the Duke in New York Program. I spoke with Alexi Braun at a site visit to Barclays, and she recommended I speak with you to learn more about the S&T team at Barclays.

Are you available anytime next week for a quick coffee or call to discuss your role? Just let me know, and we can get something scheduled.

Best,
Graham Mills
","Graham Mills","/O=EXCHANGELABS/OU=EXCHANGE ADMINISTRATIVE GROUP (FYDIBOHF23SPDLT)/CN=RECIPIENTS/CN=DB3BFE3506794F919AC1E0BCA73AB3A9-A02BFDDF-EF","EX","joseph.reiff@barclays.com","joseph.reiff@barclays.com","SMTP",,,,,,,,,"Normal",,"Normal"
"Canceled: Graham/Jordan Battery Interest Call","","Graham Mills","/o=ExchangeLabs/ou=Exchange Administrative Group (FYDIBOHF23SPDLT)/cn=Recipients/cn=db3bfe3506794f919ac1e0bca73ab3a9-a02bfddf-ef","EX","jbernstein@battery.com","jbernstein@battery.com","SMTP",,,,,,,,,"High",,"Normal"
"Re: Duke Student - Battery Interest","Sorry about that. I'll cancel what I sent and accept your invite.
________________________________

From: Jordan Bernstein <jbernstein@battery.com>
Sent: Friday, January 23, 2026 1:23 PM
To: Graham Mills <graham.mills@duke.edu>
Subject: Re: Duke Student - Battery Interest 
 
Sorry Graham, I mean in PST. I'll send you an invite.
 <https://r.superhuman.com/blQ6djSnDf-dWe4EeYffl-wHMYG4WqldMUHeszQsgWpDZkfp-AzNYkIz0IOJDpk3DskvrZy4fayP0IspEfMnuymfVWF3TjMdIu7h3yU8pP4XnFUzWdNNO0UjN_IkFcYeW3pk6XU0QAaDpsNilF83Ae7xSsIk5n6e52RWQic36BdkLu_y4IY2sJrKHq4KkqErkU12A9QIGpk.gif> 

--

Jordan Bernstein

Battery Ventures | Calendly <https://nam11.safelinks.protection.outlook.com/?url=https%3A%2F%2Fcalendly.com%2Fjbernstein-battery%2F30min&data=05%7C02%7Cgraham.mills%40duke.edu%7C4f2679b156404cea3b6f08de5aac844f%7Ccb72c54e4a314d9eb14a1ea36dfac94c%7C0%7C0%7C639047894196895475%7CUnknown%7CTWFpbGZsb3d8eyJFbXB0eU1hcGkiOnRydWUsIlYiOiIwLjAuMDAwMCIsIlAiOiJXaW4zMiIsIkFOIjoiTWFpbCIsIldUIjoyfQ%3D%3D%7C0%7C%7C%7C&sdata=olCOQeItFCJ7F5jCTjQ1Pj02O6lNvfvs%2Bfoa%2BusR85w%3D&reserved=0> 

+1 (415) 426-5935



On Fri, Jan 23, 2026 at 10:21 AM, Graham Mills <graham.mills@duke.edu <mailto:graham.mills@duke.edu> > wrote:


	That's perfect. I'll send a calendar invite.
________________________________

	From: Jordan Bernstein <jbernstein@battery.com <mailto:jbernstein@battery.com> >
	Sent: Friday, January 23, 2026 1:08 PM
	To: Graham Mills <graham.mills@duke.edu <mailto:graham.mills@duke.edu> >
	Subject: Re: Duke Student - Battery Interest 
	 
	Zoom or phone call is best. Next friday at 10:15 PST work?
	


	--
	
	Jordan Bernstein
	
	Battery Ventures | Calendly <https://nam11.safelinks.protection.outlook.com/?url=https%3A%2F%2Fcalendly.com%2Fjbernstein-battery%2F30min&data=05%7C02%7Cgraham.mills%40duke.edu%7C4f2679b156404cea3b6f08de5aac844f%7Ccb72c54e4a314d9eb14a1ea36dfac94c%7C0%7C0%7C639047894196919594%7CUnknown%7CTWFpbGZsb3d8eyJFbXB0eU1hcGkiOnRydWUsIlYiOiIwLjAuMDAwMCIsIlAiOiJXaW4zMiIsIkFOIjoiTWFpbCIsIldUIjoyfQ%3D%3D%7C0%7C%7C%7C&sdata=1WXvgy4tSKPONJnDNo72%2FD6jq39d%2BKtmAnu%2F6MMrQpk%3D&reserved=0> 
	
	+1 (415) 426-5935
	


	On Fri, Jan 23, 2026 at 9:49 AM, Graham Mills <graham.mills@duke.edu <mailto:graham.mills@duke.edu> > wrote:
	

		Hi Jordan,

		Thank for getting back to me. I’d love to learn more about the growth team and I can come ready with companies to discuss.

		How would you prefer to meet? I can meet you by your office or over phone. Just let me know and we can get something scheduled.

		Graham

		Get Outlook for iOS <https://nam11.safelinks.protection.outlook.com/?url=https%3A%2F%2Faka.ms%2Fo0ukef&data=05%7C02%7Cgraham.mills%40duke.edu%7C4f2679b156404cea3b6f08de5aac844f%7Ccb72c54e4a314d9eb14a1ea36dfac94c%7C0%7C0%7C639047894196932434%7CUnknown%7CTWFpbGZsb3d8eyJFbXB0eU1hcGkiOnRydWUsIlYiOiIwLjAuMDAwMCIsIlAiOiJXaW4zMiIsIkFOIjoiTWFpbCIsIldUIjoyfQ%3D%3D%7C0%7C%7C%7C&sdata=4N9IpetlWqfuZgFyxOrZXYPa%2B%2Fgbl0Q0usCjYxdZF1Q%3D&reserved=0> 
________________________________

		From: Jordan Bernstein <jbernstein@battery.com <mailto:jbernstein@battery.com> >
		Sent: Friday, January 23, 2026 12:22:41 PM
		To: Graham Mills <graham.mills@duke.edu <mailto:graham.mills@duke.edu> >
		Subject: Re: Duke Student - Battery Interest 
		 
		Hi Graham,
		

		Glad to connect and would be happy to find 10 minutes. I'm on the growth team (not the VC team), meaning we invest in mostly bootstrapped (unfunded) software companies that are growing 30-50% per year (versus VC which invest in companies growing 2-3x / year with much funding). A lot of what we do here is sourcing - basically searching online for the next great growth stage software business.
		

		Happy to set up time in the next couple weeks - can you come ready to talk about 3 software companies you think we might not know about that would make great investments for our team? Our portfolio is on our website if you're looking for inspiration.
		

		Best,
		
		Jordan 
		

		--
		
		Jordan Bernstein
		
		Battery Ventures | Calendly <https://nam11.safelinks.protection.outlook.com/?url=https%3A%2F%2Fcalendly.com%2Fjbernstein-battery%2F30min&data=05%7C02%7Cgraham.mills%40duke.edu%7C4f2679b156404cea3b6f08de5aac844f%7Ccb72c54e4a314d9eb14a1ea36dfac94c%7C0%7C0%7C639047894196944911%7CUnknown%7CTWFpbGZsb3d8eyJFbXB0eU1hcGkiOnRydWUsIlYiOiIwLjAuMDAwMCIsIlAiOiJXaW4zMiIsIkFOIjoiTWFpbCIsIldUIjoyfQ%3D%3D%7C0%7C%7C%7C&sdata=xy0qdqIxaeX2%2FRRswfWM5bgK8FxDmdegXcsaK8lG7%2Bo%3D&reserved=0> 
		
		+1 (415) 426-5935
		


		On Fri, Jan 23, 2026 at 7:30 AM, Graham Mills <graham.mills@duke.edu <mailto:graham.mills@duke.edu> > wrote:
		

			Hi Jordan,
			Hope you're having a good week. I just wanted to reach out and let you know I recently submitted my application for the 2027 Summer Investment Internship position at Battery.
			I've been following Battery’s work in the VC space for a while and would love to chat if you have a few minutes down the road. Either way, thanks for your time!
			Best,
			Graham Mills



		
		Confidentiality Statement: All incoming and outgoing email is monitored and archived. This e-mail message, and all attachments, may contain legally privileged or confidential information intended solely for the use of the individual, agent, or entity named in the e-mail. If you are not a designated recipient, you may not review, copy or distribute this message. If you receive this in error, please notify the sender by reply e-mail and delete this message. If you are an individual in the European Union, a California resident, or a job applicant, please refer to the applicable privacy notice here <https://nam11.safelinks.protection.outlook.com/?url=https%3A%2F%2Fwww.battery.com%2Fprivacy-policy%2F&data=05%7C02%7Cgraham.mills%40duke.edu%7C4f2679b156404cea3b6f08de5aac844f%7Ccb72c54e4a314d9eb14a1ea36dfac94c%7C0%7C0%7C639047894196956959%7CUnknown%7CTWFpbGZsb3d8eyJFbXB0eU1hcGkiOnRydWUsIlYiOiIwLjAuMDAwMCIsIlAiOiJXaW4zMiIsIkFOIjoiTWFpbCIsIldUIjoyfQ%3D%3D%7C0%7C%7C%7C&sdata=K11WpNhkvBHmnKGVyBCNfoLTvUGJW7xt4%2BTYpq5SwXs%3D&reserved=0> . This email may be produced at the request of regulators or in connection with civil litigation.
		Consent to AI Notetaking: Please note that Battery Ventures may utilize AI notetaking tools during meetings. If you do not consent to the use of AI notetaking tools, please inform your contact at Battery Ventures. Otherwise, your participation in such meetings will be taken as consent to use AI notetaking tools.


","Graham Mills","/o=ExchangeLabs/ou=Exchange Administrative Group (FYDIBOHF23SPDLT)/cn=Recipients/cn=db3bfe3506794f919ac1e0bca73ab3a9-a02bfddf-ef","EX","Jordan Bernstein","jbernstein@battery.com","SMTP",,,,,,,,,"Normal",,"Normal"
"Accepted: Graham <> Jordan","","Graham Mills","/O=EXCHANGELABS/OU=EXCHANGE ADMINISTRATIVE GROUP (FYDIBOHF23SPDLT)/CN=RECIPIENTS/CN=DB3BFE3506794F919AC1E0BCA73AB3A9-A02BFDDF-EF","EX","Jordan Bernstein","jbernstein@battery.com","SMTP",,,,,,,,,"Normal",,"Normal"
"Follow Up - Graham","Hi Jerome,




Following up on our LinkedIn exchange. I’d love to grab 10 minutes to discuss the Global Markets team once you’re back from Europe.




I’m currently based in NYC and happy to come to you for coffee or hop on a brief call.




Do you have a preferred day that week?




Best,


Graham
","Graham Mills","/O=EXCHANGELABS/OU=EXCHANGE ADMINISTRATIVE GROUP (FYDIBOHF23SPDLT)/CN=RECIPIENTS/CN=DB3BFE3506794F919AC1E0BCA73AB3A9-A02BFDDF-EF","EX","jerome.casamatta@ubs.com","jerome.casamatta@ubs.com","SMTP",,,,,,,,,"Normal",,"Normal"
"Graham/Jordan Battery Interest Call","
________________________________________________________________________________
Microsoft Teams meeting 
Join: https://teams.microsoft.com/meet/25802263152142?p=KBZc11VGlTcihIfZNI 
Meeting ID: 258 022 631 521 42 
Passcode: r4gi2er7 
________________________________

Need help? <https://aka.ms/JoinTeamsMeeting?omkt=en-US>  | System reference <https://teams.microsoft.com/l/meetup-join/19%3ameeting_MDEyNGJmYzUtNmRiOS00ZDg2LWE4YjYtMmY4Zjk5NmFkNGE1%40thread.v2/0?context=%7b%22Tid%22%3a%22cb72c54e-4a31-4d9e-b14a-1ea36dfac94c%22%2c%22Oid%22%3a%22a02bfddf-ef44-482a-8e52-fc6401f3d288%22%7d>  
For organizers: Meeting options <https://teams.microsoft.com/meetingOptions/?organizerId=a02bfddf-ef44-482a-8e52-fc6401f3d288&tenantId=cb72c54e-4a31-4d9e-b14a-1ea36dfac94c&threadId=19_meeting_MDEyNGJmYzUtNmRiOS00ZDg2LWE4YjYtMmY4Zjk5NmFkNGE1@thread.v2&messageId=0&language=en-US>  
________________________________________________________________________________
","Graham Mills","/o=ExchangeLabs/ou=Exchange Administrative Group (FYDIBOHF23SPDLT)/cn=Recipients/cn=db3bfe3506794f919ac1e0bca73ab3a9-a02bfddf-ef","EX","jbernstein@battery.com","jbernstein@battery.com","SMTP",,,,,,,,,"Normal",,"Normal"
"Re: Duke Student - Battery Interest","That's perfect. I'll send a calendar invite.
________________________________

From: Jordan Bernstein <jbernstein@battery.com>
Sent: Friday, January 23, 2026 1:08 PM
To: Graham Mills <graham.mills@duke.edu>
Subject: Re: Duke Student - Battery Interest 
 
Zoom or phone call is best. Next friday at 10:15 PST work?


 <https://r.superhuman.com/ePuHUIhmvBUSB1qRJQJHX4PuKRirtvHxY08ZFWNFZyYEI4hX8OHg_mP-6k8B4rhRbqCW-CUOR5EciVqhGfwNQQlEQ0fNXYQdBC2YS5UF64QBQMA4yPU9gx5VLyMxPlDJSUJDkqs5ViE2w9wBKLhNWpRItQOpaMCoU9J0dOVrQE7r3pQwNsOsO4CMoyBcUtGixWsXg30-TSk.gif> 

--

Jordan Bernstein

Battery Ventures | Calendly <https://nam11.safelinks.protection.outlook.com/?url=https%3A%2F%2Fcalendly.com%2Fjbernstein-battery%2F30min&data=05%7C02%7Cgraham.mills%40duke.edu%7C47247125201740531f0908de5aaa78bd%7Ccb72c54e4a314d9eb14a1ea36dfac94c%7C0%7C0%7C639047885386190701%7CUnknown%7CTWFpbGZsb3d8eyJFbXB0eU1hcGkiOnRydWUsIlYiOiIwLjAuMDAwMCIsIlAiOiJXaW4zMiIsIkFOIjoiTWFpbCIsIldUIjoyfQ%3D%3D%7C0%7C%7C%7C&sdata=IXKOVw7fwfUbTxJoKiS0m02VHfNqR6G33znaWK4ukos%3D&reserved=0> 

+1 (415) 426-5935



On Fri, Jan 23, 2026 at 9:49 AM, Graham Mills <graham.mills@duke.edu <mailto:graham.mills@duke.edu> > wrote:


	Hi Jordan,

	Thank for getting back to me. I’d love to learn more about the growth team and I can come ready with companies to discuss.

	How would you prefer to meet? I can meet you by your office or over phone. Just let me know and we can get something scheduled.

	Graham

	Get Outlook for iOS <https://nam11.safelinks.protection.outlook.com/?url=https%3A%2F%2Faka.ms%2Fo0ukef&data=05%7C02%7Cgraham.mills%40duke.edu%7C47247125201740531f0908de5aaa78bd%7Ccb72c54e4a314d9eb14a1ea36dfac94c%7C0%7C0%7C639047885386213013%7CUnknown%7CTWFpbGZsb3d8eyJFbXB0eU1hcGkiOnRydWUsIlYiOiIwLjAuMDAwMCIsIlAiOiJXaW4zMiIsIkFOIjoiTWFpbCIsIldUIjoyfQ%3D%3D%7C0%7C%7C%7C&sdata=0EPWOVc5kTgHqCKyHhZwPJBseAPuhrBhcfHOjmZWzMI%3D&reserved=0> 
________________________________

	From: Jordan Bernstein <jbernstein@battery.com <mailto:jbernstein@battery.com> >
	Sent: Friday, January 23, 2026 12:22:41 PM
	To: Graham Mills <graham.mills@duke.edu <mailto:graham.mills@duke.edu> >
	Subject: Re: Duke Student - Battery Interest 
	 
	Hi Graham,
	

	Glad to connect and would be happy to find 10 minutes. I'm on the growth team (not the VC team), meaning we invest in mostly bootstrapped (unfunded) software companies that are growing 30-50% per year (versus VC which invest in companies growing 2-3x / year with much funding). A lot of what we do here is sourcing - basically searching online for the next great growth stage software business.
	

	Happy to set up time in the next couple weeks - can you come ready to talk about 3 software companies you think we might not know about that would make great investments for our team? Our portfolio is on our website if you're looking for inspiration.
	

	Best,
	
	Jordan 
	

	--
	
	Jordan Bernstein
	
	Battery Ventures | Calendly <https://nam11.safelinks.protection.outlook.com/?url=https%3A%2F%2Fcalendly.com%2Fjbernstein-battery%2F30min&data=05%7C02%7Cgraham.mills%40duke.edu%7C47247125201740531f0908de5aaa78bd%7Ccb72c54e4a314d9eb14a1ea36dfac94c%7C0%7C0%7C639047885386227260%7CUnknown%7CTWFpbGZsb3d8eyJFbXB0eU1hcGkiOnRydWUsIlYiOiIwLjAuMDAwMCIsIlAiOiJXaW4zMiIsIkFOIjoiTWFpbCIsIldUIjoyfQ%3D%3D%7C0%7C%7C%7C&sdata=iFtYJQQnW%2FGU1yXnoFynL%2F4bjutntuqoj6GqbmTI8ko%3D&reserved=0> 
	
	+1 (415) 426-5935
	


	On Fri, Jan 23, 2026 at 7:30 AM, Graham Mills <graham.mills@duke.edu <mailto:graham.mills@duke.edu> > wrote:
	

		Hi Jordan,
		Hope you're having a good week. I just wanted to reach out and let you know I recently submitted my application for the 2027 Summer Investment Internship position at Battery.
		I've been following Battery’s work in the VC space for a while and would love to chat if you have a few minutes down the road. Either way, thanks for your time!
		Best,
		Graham Mills



	
	Confidentiality Statement: All incoming and outgoing email is monitored and archived. This e-mail message, and all attachments, may contain legally privileged or confidential information intended solely for the use of the individual, agent, or entity named in the e-mail. If you are not a designated recipient, you may not review, copy or distribute this message. If you receive this in error, please notify the sender by reply e-mail and delete this message. If you are an individual in the European Union, a California resident, or a job applicant, please refer to the applicable privacy notice here <https://nam11.safelinks.protection.outlook.com/?url=https%3A%2F%2Fwww.battery.com%2Fprivacy-policy%2F&data=05%7C02%7Cgraham.mills%40duke.edu%7C47247125201740531f0908de5aaa78bd%7Ccb72c54e4a314d9eb14a1ea36dfac94c%7C0%7C0%7C639047885386245820%7CUnknown%7CTWFpbGZsb3d8eyJFbXB0eU1hcGkiOnRydWUsIlYiOiIwLjAuMDAwMCIsIlAiOiJXaW4zMiIsIkFOIjoiTWFpbCIsIldUIjoyfQ%3D%3D%7C0%7C%7C%7C&sdata=k5DDDx5t5tLjQQiHHTMhqMu8MNty4fYhO4sE6fP5q5M%3D&reserved=0> . This email may be produced at the request of regulators or in connection with civil litigation.
	Consent to AI Notetaking: Please note that Battery Ventures may utilize AI notetaking tools during meetings. If you do not consent to the use of AI notetaking tools, please inform your contact at Battery Ventures. Otherwise, your participation in such meetings will be taken as consent to use AI notetaking tools.


","Graham Mills","/o=ExchangeLabs/ou=Exchange Administrative Group (FYDIBOHF23SPDLT)/cn=Recipients/cn=db3bfe3506794f919ac1e0bca73ab3a9-a02bfddf-ef","EX","Jordan Bernstein","jbernstein@battery.com","SMTP",,,,,,,,,"Normal",,"Normal"
"Re: Duke Student in NYC","Thanks for getting back to me. I’m available basically any afternoon time on Monday, Wednesday, or Friday. Just let me know works for you.

Get Outlook for iOS <https://aka.ms/o0ukef> 
________________________________

From: Sherrick Baffert <sbaffert@jonestrading.com>
Sent: Friday, January 23, 2026 10:07:58 AM
To: Graham Mills <graham.mills@duke.edu>
Subject: RE: Duke Student in NYC 
 

Graham – thanks for reaching out.  Didn’t realize Duke had a NYC program – that is great to hear.  


Let’s set up a quick chat for sometime next week over the phone. 

 

 

Sherrick Baffert

Institutional Sales Trader

JonesTrading

325 Hudson Street, 6th Floor | New York, NY 10013

Office: 212.267.0777

Mobile: 520.481.2808

JonesTrading.com <https://nam11.safelinks.protection.outlook.com/?url=http%3A%2F%2Fwww.jonestrading.com%2F&data=05%7C02%7Cgraham.mills%40duke.edu%7C69456eef3e4049420d2208de5a91338e%7Ccb72c54e4a314d9eb14a1ea36dfac94c%7C0%7C0%7C639047776846720180%7CUnknown%7CTWFpbGZsb3d8eyJFbXB0eU1hcGkiOnRydWUsIlYiOiIwLjAuMDAwMCIsIlAiOiJXaW4zMiIsIkFOIjoiTWFpbCIsIldUIjoyfQ%3D%3D%7C0%7C%7C%7C&sdata=fIAeuIl4qtajtNRE6uTg3myxoUQQUxPKyLgkxMdTHdE%3D&reserved=0> 

Disclosures <https://nam11.safelinks.protection.outlook.com/?url=https%3A%2F%2Fwww.jonestrading.com%2Fdisclosures%2F&data=05%7C02%7Cgraham.mills%40duke.edu%7C69456eef3e4049420d2208de5a91338e%7Ccb72c54e4a314d9eb14a1ea36dfac94c%7C0%7C0%7C639047776846763237%7CUnknown%7CTWFpbGZsb3d8eyJFbXB0eU1hcGkiOnRydWUsIlYiOiIwLjAuMDAwMCIsIlAiOiJXaW4zMiIsIkFOIjoiTWFpbCIsIldUIjoyfQ%3D%3D%7C0%7C%7C%7C&sdata=6uL28pP0WMuEElSg9xOzT3qMeQkZPJOvzhrZeyKr%2F04%3D&reserved=0> 

 

From: Graham Mills <graham.mills@duke.edu> 
Sent: Wednesday, January 21, 2026 12:00 PM
To: Sherrick Baffert <sbaffert@jonestrading.com>
Subject: Duke Student in NYC

 

Hi Sherrick,

 

I am a Duke student doing the Duke in New York program and am currently in NYC. I'm interested in the Sales and Trading space and saw that you worked at JonesTrading.

 

I know you are busy, but since I'm in the city, are you available to meet me for a quick coffee outside of your office? If not, I'd love to just chat over the phone instead. Just let me know what works for you.

 

Best,

 

Graham Mills

 

https://www.linkedin.com/in/gmills1/ <https://nam11.safelinks.protection.outlook.com/?url=https%3A%2F%2Fwww.linkedin.com%2Fin%2Fgmills1%2F&data=05%7C02%7Cgraham.mills%40duke.edu%7C69456eef3e4049420d2208de5a91338e%7Ccb72c54e4a314d9eb14a1ea36dfac94c%7C0%7C0%7C639047776846784488%7CUnknown%7CTWFpbGZsb3d8eyJFbXB0eU1hcGkiOnRydWUsIlYiOiIwLjAuMDAwMCIsIlAiOiJXaW4zMiIsIkFOIjoiTWFpbCIsIldUIjoyfQ%3D%3D%7C0%7C%7C%7C&sdata=UIoYtgZrmh76Ld6bWtoCHsCjUbyvtgn%2F43ZKJKxTRhY%3D&reserved=0> 

 

 

   Warning: Email originated from outside of JonesTrading. Beware of phishing attempts. Confirm sender identity before responding, forwarding, clicking or opening attachments.

 





All electronic messages and attachments sent to and from this user will be logged by the JonesTrading group of companies (""JonesTrading"") and are subject to archival, monitoring, review, and/or disclosure to someone other than the recipient. 

If the reader of this message is not the intended recipient, you are hereby notified that any dissemination, distribution, or copying of this communication, or any of its contents, is strictly prohibited. The information contained in this communication may contain information that is privileged, confidential, or proprietary, and has only been provided to the specific person or entity to which it is addressed. 

The JonesTrading group of companies consists of:
JonesTrading Institutional Services LLC, member FINRA and SIPC;
JonesTrading Canada Inc., member IIROC and Canadian Investor Protection Fund; and
JonesTrading International Limited, which is authorised and regulated by the Financial Conduct Authority, FRN 208165. Registered in England and Wales, registered office at Berkley Square House, Suite 184, Berkley Square, London W1J 6BD, Company No. 04274625.


For additional disclosures and notices please visit:http://jonestrading.com/disclosure.html <https://nam11.safelinks.protection.outlook.com/?url=http%3A%2F%2Fjonestrading.com%2Fdisclosure.html&data=05%7C02%7Cgraham.mills%40duke.edu%7C69456eef3e4049420d2208de5a91338e%7Ccb72c54e4a314d9eb14a1ea36dfac94c%7C0%7C0%7C639047776846801052%7CUnknown%7CTWFpbGZsb3d8eyJFbXB0eU1hcGkiOnRydWUsIlYiOiIwLjAuMDAwMCIsIlAiOiJXaW4zMiIsIkFOIjoiTWFpbCIsIldUIjoyfQ%3D%3D%7C0%7C%7C%7C&sdata=WKd35EWII7VA7PHikMNQcbDw9%2BiKMVtnQb9t7LyBy3w%3D&reserved=0>  

If you wish to discontinue receiving messages from JonesTrading, please click the following link: ""Unsubscribe"" <mailto:unsubscribe@jonestrading.com?Subject=Unsubscribe> 

","Graham Mills","/o=ExchangeLabs/ou=Exchange Administrative Group (FYDIBOHF23SPDLT)/cn=Recipients/cn=db3bfe3506794f919ac1e0bca73ab3a9-a02bfddf-ef","EX","Sherrick Baffert","sbaffert@jonestrading.com","SMTP",,,,,,,,,"Normal",,"Normal"
"Re: Duke Student - Battery Interest","Hi Jordan,

Thank for getting back to me. I’d love to learn more about the growth team and I can come ready with companies to discuss.

How would you prefer to meet? I can meet you by your office or over phone. Just let me know and we can get something scheduled.

Graham

Get Outlook for iOS <https://aka.ms/o0ukef> 
________________________________

From: Jordan Bernstein <jbernstein@battery.com>
Sent: Friday, January 23, 2026 12:22:41 PM
To: Graham Mills <graham.mills@duke.edu>
Subject: Re: Duke Student - Battery Interest 
 
Hi Graham,


Glad to connect and would be happy to find 10 minutes. I'm on the growth team (not the VC team), meaning we invest in mostly bootstrapped (unfunded) software companies that are growing 30-50% per year (versus VC which invest in companies growing 2-3x / year with much funding). A lot of what we do here is sourcing - basically searching online for the next great growth stage software business.


Happy to set up time in the next couple weeks - can you come ready to talk about 3 software companies you think we might not know about that would make great investments for our team? Our portfolio is on our website if you're looking for inspiration.


Best,

Jordan 

 <https://r.superhuman.com/7YeGIQ2YgPRP1jezhE_dsuspBrQXTdpIIlbB2zihcQs05vjFAkIGultCfs6WafQXDB_nD1b7z4TSD_FUY9Nh1IFOHjo8j1inCHc6OdaqSrsWnsvuzZXI74M_j8lko9RUkFYfIZ5aPUtnh3TbMJ6Y8BL5GZsrQK3a8khgQforo5vuw0ejH6eOsrbzoPPWcGqyGRhfNya1j2k.gif> 

--

Jordan Bernstein

Battery Ventures | Calendly <https://nam11.safelinks.protection.outlook.com/?url=https%3A%2F%2Fcalendly.com%2Fjbernstein-battery%2F30min&data=05%7C02%7Cgraham.mills%40duke.edu%7C841487cff81044b917d608de5aa404d4%7Ccb72c54e4a314d9eb14a1ea36dfac94c%7C0%7C0%7C639047857671528057%7CUnknown%7CTWFpbGZsb3d8eyJFbXB0eU1hcGkiOnRydWUsIlYiOiIwLjAuMDAwMCIsIlAiOiJXaW4zMiIsIkFOIjoiTWFpbCIsIldUIjoyfQ%3D%3D%7C0%7C%7C%7C&sdata=If1hEAN%2BPSCmllDexFJ1DN886bl%2FSFQP3Xc57APFhTU%3D&reserved=0> 

+1 (415) 426-5935



On Fri, Jan 23, 2026 at 7:30 AM, Graham Mills <graham.mills@duke.edu <mailto:graham.mills@duke.edu> > wrote:


	Hi Jordan,
	Hope you're having a good week. I just wanted to reach out and let you know I recently submitted my application for the 2027 Summer Investment Internship position at Battery.
	I've been following Battery’s work in the VC space for a while and would love to chat if you have a few minutes down the road. Either way, thanks for your time!
	Best,
	Graham Mills




Confidentiality Statement: All incoming and outgoing email is monitored and archived. This e-mail message, and all attachments, may contain legally privileged or confidential information intended solely for the use of the individual, agent, or entity named in the e-mail. If you are not a designated recipient, you may not review, copy or distribute this message. If you receive this in error, please notify the sender by reply e-mail and delete this message. If you are an individual in the European Union, a California resident, or a job applicant, please refer to the applicable privacy notice here <https://nam11.safelinks.protection.outlook.com/?url=https%3A%2F%2Fwww.battery.com%2Fprivacy-policy%2F&data=05%7C02%7Cgraham.mills%40duke.edu%7C841487cff81044b917d608de5aa404d4%7Ccb72c54e4a314d9eb14a1ea36dfac94c%7C0%7C0%7C639047857671548953%7CUnknown%7CTWFpbGZsb3d8eyJFbXB0eU1hcGkiOnRydWUsIlYiOiIwLjAuMDAwMCIsIlAiOiJXaW4zMiIsIkFOIjoiTWFpbCIsIldUIjoyfQ%3D%3D%7C0%7C%7C%7C&sdata=yeCWep0n90n%2BeyhQ%2BatacovrKu4%2F0PoKaJkzxcmT8Ts%3D&reserved=0> . This email may be produced at the request of regulators or in connection with civil litigation.
Consent to AI Notetaking: Please note that Battery Ventures may utilize AI notetaking tools during meetings. If you do not consent to the use of AI notetaking tools, please inform your contact at Battery Ventures. Otherwise, your participation in such meetings will be taken as consent to use AI notetaking tools.

","Graham Mills","/o=ExchangeLabs/ou=Exchange Administrative Group (FYDIBOHF23SPDLT)/cn=Recipients/cn=db3bfe3506794f919ac1e0bca73ab3a9-a02bfddf-ef","EX","Jordan Bernstein","jbernstein@battery.com","SMTP",,,,,,,,,"Normal",,"Normal"
"Re: Duke in New York Student","1:30 works for me. See you then.

Get Outlook for iOS <https://aka.ms/o0ukef> 
________________________________

From: Jacob Ronkin <ronkinjacob@gmail.com>
Sent: Friday, January 23, 2026 12:17:12 PM
To: Graham Mills <graham.mills@duke.edu>
Subject: Re: Duke in New York Student 
 
2 still works, but is there any chance you’re able to do 1 or 1:30? No worries if not.


	On Jan 23, 2026, at 12:07 PM, Graham Mills <graham.mills@duke.edu> wrote:
	
	

	﻿ 
	Hi Jacob,

	Just wanted to check, 2 pm still works for you?

	Get Outlook for iOS <https://nam11.safelinks.protection.outlook.com/?url=https%3A%2F%2Faka.ms%2Fo0ukef&data=05%7C02%7Cgraham.mills%40duke.edu%7Ccb9fbb909d614cc53caa08de5aa346f6%7Ccb72c54e4a314d9eb14a1ea36dfac94c%7C0%7C0%7C639047854479468431%7CUnknown%7CTWFpbGZsb3d8eyJFbXB0eU1hcGkiOnRydWUsIlYiOiIwLjAuMDAwMCIsIlAiOiJXaW4zMiIsIkFOIjoiTWFpbCIsIldUIjoyfQ%3D%3D%7C0%7C%7C%7C&sdata=EX5ne%2BHO0xOdRCqbA4HBPLf%2F%2B9amkcvUixm%2Bg0I94vs%3D&reserved=0> 
________________________________

	From: Jacob Ronkin <ronkinjacob@gmail.com>
	Sent: Thursday, January 15, 2026 3:37:32 PM
	To: Graham Mills <graham.mills@duke.edu>
	Subject: Re: Duke in New York Student 
	 
	Sounds good!


		On Jan 15, 2026, at 2:07 PM, Graham Mills <graham.mills@duke.edu> wrote:
		
		

		﻿ 
		Let's plan to meet at Gregory's Coffee down the street. See you then!

		https://maps.app.goo.gl/9ZaPa4eJHnFJM8NH9 <https://nam11.safelinks.protection.outlook.com/?url=https%3A%2F%2Fmaps.app.goo.gl%2F9ZaPa4eJHnFJM8NH9&data=05%7C02%7Cgraham.mills%40duke.edu%7Ccb9fbb909d614cc53caa08de5aa346f6%7Ccb72c54e4a314d9eb14a1ea36dfac94c%7C0%7C0%7C639047854479503837%7CUnknown%7CTWFpbGZsb3d8eyJFbXB0eU1hcGkiOnRydWUsIlYiOiIwLjAuMDAwMCIsIlAiOiJXaW4zMiIsIkFOIjoiTWFpbCIsIldUIjoyfQ%3D%3D%7C0%7C%7C%7C&sdata=LnHma4IReS4lzxM0%2BKBrVKhrnAD%2FUr%2BYwDGyGSykLzs%3D&reserved=0> 
________________________________

		From: Jacob Ronkin <ronkinjacob@gmail.com>
		Sent: Thursday, January 15, 2026 1:14 PM
		To: Graham Mills <graham.mills@duke.edu>
		Subject: Re: Duke in New York Student 
		 
		2PM would be great. My office is on 52nd and Park, so anywhere around there works for me. Thanks so much!


			On Jan 15, 2026, at 10:34 AM, Graham Mills <graham.mills@duke.edu> wrote:
			
			

			﻿ 
			Thanks for getting back to me. Sometime next Friday will be perfect. Just let me know anytime, as I'm completely open that day. 

			See you then.

			Graham
________________________________

			From: Jacob Ronkin <ronkinjacob@gmail.com>
			Sent: Thursday, January 15, 2026 7:49 AM
			To: Graham Mills <graham.mills@duke.edu>
			Subject: Re: Duke in New York Student 
			 
			Hi Graham, 

			It is nice to meet you. I was actually a part of the Duke in New York program as well back in 2018. I’d be happy to meet and speak more about my role. While the end of this week / start of next week are fairly hectic, my schedule opens up next Wednesday or Friday. Let me know when is best for you. Thanks so much!

			Best,
			Jacob
			


				On Jan 13, 2026, at 10:29 AM, Graham Mills <graham.mills@duke.edu> wrote:

				Hi Jacob,
				I am a Duke student in the Duke in New York Program and was excited to see you on the list of mentors. I’m interested in the trading space as a whole and saw your role in data management. I don't know too much about data management, but it sounds interesting and would love to learn more about it.
				Is there a good time for you over the next week or so to grab coffee and chat? I’m sure you’re busy, so if not, a phone call would be great as well.
				Best,
				Graham Mills
				Ghm21@duke.edu <mailto:Ghm21@duke.edu> 
				704-770-7141
				https://www.linkedin.com/in/gmills1/ <https://nam11.safelinks.protection.outlook.com/?url=https%3A%2F%2Fwww.linkedin.com%2Fin%2Fgmills1%2F&data=05%7C02%7Cgraham.mills%40duke.edu%7Ccb9fbb909d614cc53caa08de5aa346f6%7Ccb72c54e4a314d9eb14a1ea36dfac94c%7C0%7C0%7C639047854479525285%7CUnknown%7CTWFpbGZsb3d8eyJFbXB0eU1hcGkiOnRydWUsIlYiOiIwLjAuMDAwMCIsIlAiOiJXaW4zMiIsIkFOIjoiTWFpbCIsIldUIjoyfQ%3D%3D%7C0%7C%7C%7C&sdata=BBLMKnW%2BhGPkyMoAOlCi%2FDmKEMXqGOBmkfwJhDa4XMk%3D&reserved=0> 


","Graham Mills","/o=ExchangeLabs/ou=Exchange Administrative Group (FYDIBOHF23SPDLT)/cn=Recipients/cn=db3bfe3506794f919ac1e0bca73ab3a9-a02bfddf-ef","EX","Jacob Ronkin","ronkinjacob@gmail.com","SMTP",,,,,,,,,"Normal",,"Normal"
"Re: Duke in New York Student","Hi Jacob,

Just wanted to check, 2 pm still works for you?

Get Outlook for iOS <https://aka.ms/o0ukef> 
________________________________

From: Jacob Ronkin <ronkinjacob@gmail.com>
Sent: Thursday, January 15, 2026 3:37:32 PM
To: Graham Mills <graham.mills@duke.edu>
Subject: Re: Duke in New York Student 
 
Sounds good!


	On Jan 15, 2026, at 2:07 PM, Graham Mills <graham.mills@duke.edu> wrote:
	
	

	﻿ 
	Let's plan to meet at Gregory's Coffee down the street. See you then!

	https://maps.app.goo.gl/9ZaPa4eJHnFJM8NH9 <https://nam11.safelinks.protection.outlook.com/?url=https%3A%2F%2Fmaps.app.goo.gl%2F9ZaPa4eJHnFJM8NH9&data=05%7C02%7Cgraham.mills%40duke.edu%7C7fedd0f86cec45d6e52e08de5475f188%7Ccb72c54e4a314d9eb14a1ea36dfac94c%7C0%7C0%7C639041062698861391%7CUnknown%7CTWFpbGZsb3d8eyJFbXB0eU1hcGkiOnRydWUsIlYiOiIwLjAuMDAwMCIsIlAiOiJXaW4zMiIsIkFOIjoiTWFpbCIsIldUIjoyfQ%3D%3D%7C0%7C%7C%7C&sdata=WN5pzMZy9vbgIt%2BV%2BTUYs4p4VWEQIl0ZBcR1rYpyLRg%3D&reserved=0> 
________________________________

	From: Jacob Ronkin <ronkinjacob@gmail.com>
	Sent: Thursday, January 15, 2026 1:14 PM
	To: Graham Mills <graham.mills@duke.edu>
	Subject: Re: Duke in New York Student 
	 
	2PM would be great. My office is on 52nd and Park, so anywhere around there works for me. Thanks so much!


		On Jan 15, 2026, at 10:34 AM, Graham Mills <graham.mills@duke.edu> wrote:
		
		

		﻿ 
		Thanks for getting back to me. Sometime next Friday will be perfect. Just let me know anytime, as I'm completely open that day. 

		See you then.

		Graham
________________________________

		From: Jacob Ronkin <ronkinjacob@gmail.com>
		Sent: Thursday, January 15, 2026 7:49 AM
		To: Graham Mills <graham.mills@duke.edu>
		Subject: Re: Duke in New York Student 
		 
		Hi Graham, 

		It is nice to meet you. I was actually a part of the Duke in New York program as well back in 2018. I’d be happy to meet and speak more about my role. While the end of this week / start of next week are fairly hectic, my schedule opens up next Wednesday or Friday. Let me know when is best for you. Thanks so much!

		Best,
		Jacob
		


			On Jan 13, 2026, at 10:29 AM, Graham Mills <graham.mills@duke.edu> wrote:

			Hi Jacob,
			I am a Duke student in the Duke in New York Program and was excited to see you on the list of mentors. I’m interested in the trading space as a whole and saw your role in data management. I don't know too much about data management, but it sounds interesting and would love to learn more about it.
			Is there a good time for you over the next week or so to grab coffee and chat? I’m sure you’re busy, so if not, a phone call would be great as well.
			Best,
			Graham Mills
			Ghm21@duke.edu <mailto:Ghm21@duke.edu> 
			704-770-7141
			https://www.linkedin.com/in/gmills1/ <https://nam11.safelinks.protection.outlook.com/?url=https%3A%2F%2Fwww.linkedin.com%2Fin%2Fgmills1%2F&data=05%7C02%7Cgraham.mills%40duke.edu%7C7fedd0f86cec45d6e52e08de5475f188%7Ccb72c54e4a314d9eb14a1ea36dfac94c%7C0%7C0%7C639041062698882691%7CUnknown%7CTWFpbGZsb3d8eyJFbXB0eU1hcGkiOnRydWUsIlYiOiIwLjAuMDAwMCIsIlAiOiJXaW4zMiIsIkFOIjoiTWFpbCIsIldUIjoyfQ%3D%3D%7C0%7C%7C%7C&sdata=v4DmAfki4KG%2BDjRKsBm7sIxmA6RQoiz3w77884IgZ5Y%3D&reserved=0> 


","Graham Mills","/o=ExchangeLabs/ou=Exchange Administrative Group (FYDIBOHF23SPDLT)/cn=Recipients/cn=db3bfe3506794f919ac1e0bca73ab3a9-a02bfddf-ef","EX","Jacob Ronkin","ronkinjacob@gmail.com","SMTP",,,,,,,,,"Normal",,"Normal"
"Duke Student - Bridgewater Interest","Hi Nikolai,
Hope you're having a good week. I just wanted to reach out and let you know I recently submitted my application for the 2027 Investment Summer Associate position at Bridgewater.
I've been following Bridgewater's work in the hedge fund space for a while and would love to chat if you have a few minutes down the road. I'm in New York for the semester and would love to meet you for coffee near the office. Either way, thanks for your time!
Best,
Graham Mills

","Graham Mills","/O=EXCHANGELABS/OU=EXCHANGE ADMINISTRATIVE GROUP (FYDIBOHF23SPDLT)/CN=RECIPIENTS/CN=DB3BFE3506794F919AC1E0BCA73AB3A9-A02BFDDF-EF","EX","nikolai.doytchinov@bwater.com","nikolai.doytchinov@bwater.com","SMTP",,,,,,,,,"Normal",,"Normal"
"Duke Student - Battery Interest","Hi Jordan,
Hope you're having a good week. I just wanted to reach out and let you know I recently submitted my application for the 2027 Summer Investment Internship position at Battery.
I've been following Battery’s work in the VC space for a while and would love to chat if you have a few minutes down the road. Either way, thanks for your time!
Best,
Graham Mills



","Graham Mills","/O=EXCHANGELABS/OU=EXCHANGE ADMINISTRATIVE GROUP (FYDIBOHF23SPDLT)/CN=RECIPIENTS/CN=DB3BFE3506794F919AC1E0BCA73AB3A9-A02BFDDF-EF","EX","jbernstein@battery.com","jbernstein@battery.com","SMTP",,,,,,,,,"Normal",,"Normal"
"Duke Student - Audax Interest","Hi Raymond,
Hope you're having a good week. I just wanted to reach out and let you know I recently submitted my application for the 2027 Private Equity Summer Analyst position at Audax.
I've been following Audax’s work in the private equity space for a while and would love to chat if you have a few minutes down the road. I'm in New York for the semester and would love to meet you for coffee near the office. Either way, thanks for your time!
Best,
Graham Mills

","Graham Mills","/O=EXCHANGELABS/OU=EXCHANGE ADMINISTRATIVE GROUP (FYDIBOHF23SPDLT)/CN=RECIPIENTS/CN=DB3BFE3506794F919AC1E0BCA73AB3A9-A02BFDDF-EF","EX","rli@audaxgroup.com","rli@audaxgroup.com","SMTP",,,,,,,,,"Normal",,"Normal"
"Duke Student - Alpine Interest","Hi Angelina,
Hope you're having a good week. I just wanted to reach out and let you know I recently submitted my application for the 2027 Sourcing Summer Analyst position at Alpine.
I've been following Alpine’s work in software for a while and would love to chat if you have a few minutes down the road. Either way, thanks for your time!
Best,
Graham Mills

","Graham Mills","/O=EXCHANGELABS/OU=EXCHANGE ADMINISTRATIVE GROUP (FYDIBOHF23SPDLT)/CN=RECIPIENTS/CN=DB3BFE3506794F919AC1E0BCA73AB3A9-A02BFDDF-EF","EX","afrances@alpineinvestors.com","afrances@alpineinvestors.com","SMTP",,,,,,,,,"Normal",,"Normal"
"Re: Duke Student Interested in S&T - Graham","Bryant Park is perfect. We can plan to meet somewhere in winter village. See you then!
________________________________

From: McCollum, Will <william.mccollum@bofa.com>
Sent: Thursday, January 22, 2026 1:47 PM
To: Graham Mills <graham.mills@duke.edu>
Subject: RE: Duke Student Interested in S&T - Graham 
 

Lets try Friday 2pm. Let me know if you are around Bryant park we can sit in the winter village for a bit. 

 

From: Graham Mills <graham.mills@duke.edu> 
Sent: Thursday, January 22, 2026 1:13 PM
To: McCollum, Will <william.mccollum@bofa.com>
Subject: Re: Duke Student Interested in S&T - Graham

 

Thanks for getting back to me. Here's my availability:

 

M: Anytime after 1:30 pm

T: After 5 pm

W: 1 - 4:30 pm

Th: NA

F: Anytime after 1 pm

 

Just let me know what works best for you.

________________________________

From: McCollum, Will <william.mccollum@bofa.com <mailto:william.mccollum@bofa.com> >
Sent: Thursday, January 22, 2026 12:28 PM
To: Graham Mills <graham.mills@duke.edu <mailto:graham.mills@duke.edu> >
Subject: RE: Duke Student Interested in S&T - Graham 

 

Hi Graham, 

 

Sure thing. Are you around next week? Send a few dates / times will see if we can line up a coffee. 

 

Will 

 

Will McCollum
Pension, Endowment, Foundation and Asset Manager Solutions

BofA Securities, Inc.

One Bryant Park, 5th Floor, New York, NY 10036

T: 212-449-1619 | M: 929-797-2090

william.mccollum@bofa.com <mailto:william.mccollum@bofa.com> 

 

 

From: Graham Mills <graham.mills@duke.edu <mailto:graham.mills@duke.edu> > 
Sent: Thursday, January 22, 2026 10:29 AM
To: McCollum, Will <william.mccollum@bofa.com <mailto:william.mccollum@bofa.com> >
Subject: Duke Student Interested in S&T - Graham

 

Hi Will,

Moving this conversation to your work email as requested.

To recap, I’m a Duke sophomore recruiting for Sales & Trading and was referred to you by Ana Wilmer. Since I am currently in NYC for the semester, do you have 15-20 minutes for a quick coffee or a brief call sometime this week?

Thanks,

Graham

 

 

 

________________________________

This message, and any attachment(s), is for the intended recipient(s) only, may contain information that is privileged, confidential and/or proprietary and subject to important terms and conditions available at http://www.bankofamerica.com/electronic-disclaimer <https://nam11.safelinks.protection.outlook.com/?url=http%3A%2F%2Fwww.bankofamerica.com%2Felectronic-disclaimer&data=05%7C02%7Cgraham.mills%40duke.edu%7C3dc5075d81fb46d6522708de59e6c1a4%7Ccb72c54e4a314d9eb14a1ea36dfac94c%7C0%7C0%7C639047044795232217%7CUnknown%7CTWFpbGZsb3d8eyJFbXB0eU1hcGkiOnRydWUsIlYiOiIwLjAuMDAwMCIsIlAiOiJXaW4zMiIsIkFOIjoiTWFpbCIsIldUIjoyfQ%3D%3D%7C0%7C%7C%7C&sdata=yneWDhJCO32dNXfijKZJDv6sbdtSzq69JXvl86fn5us%3D&reserved=0> . If you are not the intended recipient, please delete this message. For more information about how Bank of America protects your privacy, including specific rights that may apply, please visit the following pages: https://business.bofa.com/en-us/content/global-privacy-notices.html <https://nam11.safelinks.protection.outlook.com/?url=https%3A%2F%2Fbusiness.bofa.com%2Fen-us%2Fcontent%2Fglobal-privacy-notices.html&data=05%7C02%7Cgraham.mills%40duke.edu%7C3dc5075d81fb46d6522708de59e6c1a4%7Ccb72c54e4a314d9eb14a1ea36dfac94c%7C0%7C0%7C639047044795260654%7CUnknown%7CTWFpbGZsb3d8eyJFbXB0eU1hcGkiOnRydWUsIlYiOiIwLjAuMDAwMCIsIlAiOiJXaW4zMiIsIkFOIjoiTWFpbCIsIldUIjoyfQ%3D%3D%7C0%7C%7C%7C&sdata=guJqnKEz1JwpaO9gPjF7vC%2BokUTDdqQuCiNMwg5nZso%3D&reserved=0>  (which includes global privacy notices) and https://www.bankofamerica.com/security-center/privacy-overview/ <https://nam11.safelinks.protection.outlook.com/?url=https%3A%2F%2Fwww.bankofamerica.com%2Fsecurity-center%2Fprivacy-overview%2F&data=05%7C02%7Cgraham.mills%40duke.edu%7C3dc5075d81fb46d6522708de59e6c1a4%7Ccb72c54e4a314d9eb14a1ea36dfac94c%7C0%7C0%7C639047044795276140%7CUnknown%7CTWFpbGZsb3d8eyJFbXB0eU1hcGkiOnRydWUsIlYiOiIwLjAuMDAwMCIsIlAiOiJXaW4zMiIsIkFOIjoiTWFpbCIsIldUIjoyfQ%3D%3D%7C0%7C%7C%7C&sdata=H7IDMF829eCWb54Cz8iungfXt7q4z3HDq4yk9uIMcLk%3D&reserved=0>  (which includes US State specific privacy notices such as the http://www.bankofamerica.com/ccpa-notice <https://nam11.safelinks.protection.outlook.com/?url=http%3A%2F%2Fwww.bankofamerica.com%2Fccpa-notice&data=05%7C02%7Cgraham.mills%40duke.edu%7C3dc5075d81fb46d6522708de59e6c1a4%7Ccb72c54e4a314d9eb14a1ea36dfac94c%7C0%7C0%7C639047044795293761%7CUnknown%7CTWFpbGZsb3d8eyJFbXB0eU1hcGkiOnRydWUsIlYiOiIwLjAuMDAwMCIsIlAiOiJXaW4zMiIsIkFOIjoiTWFpbCIsIldUIjoyfQ%3D%3D%7C0%7C%7C%7C&sdata=qR4opBYwiiGm2k0JfKe59j17UfOynSxn0EHS4T3lc70%3D&reserved=0> ).

________________________________

This message, and any attachment(s), is for the intended recipient(s) only, may contain information that is privileged, confidential and/or proprietary and subject to important terms and conditions available at http://www.bankofamerica.com/electronic-disclaimer. If you are not the intended recipient, please delete this message. For more information about how Bank of America protects your privacy, including specific rights that may apply, please visit the following pages: https://business.bofa.com/en-us/content/global-privacy-notices.html (which includes global privacy notices) and https://www.bankofamerica.com/security-center/privacy-overview/ (which includes US State specific privacy notices such as the http://www.bankofamerica.com/ccpa-notice).

","Graham Mills","/o=ExchangeLabs/ou=Exchange Administrative Group (FYDIBOHF23SPDLT)/cn=Recipients/cn=db3bfe3506794f919ac1e0bca73ab3a9-a02bfddf-ef","EX","McCollum, Will","william.mccollum@bofa.com","SMTP",,,,,,,,,"Normal",,"Normal"
"Duke Student - Summer Analyst Program Interest","Hi Peter,
I am a current Duke sophomore interested in private markets and heard from Emma Rasiel that KPS Capital Partners is looking for summer interns.
I am currently in New York as part of the Duke in New York program and would love to grab coffee or stop by your office briefly to learn more about the firm and the internship. Do you have any availability for a 15-minute chat later this week or next?
I’ve attached my resume for your reference.
Best,
Graham Mills

","Graham Mills","/O=EXCHANGELABS/OU=EXCHANGE ADMINISTRATIVE GROUP (FYDIBOHF23SPDLT)/CN=RECIPIENTS/CN=DB3BFE3506794F919AC1E0BCA73AB3A9-A02BFDDF-EF","EX","pchapin@kpsfund.com","pchapin@kpsfund.com","SMTP",,,,,,,,,"Normal",,"Normal"
"Re: Duke Student Interested in S&T - Graham","Thanks for getting back to me. Here's my availability:

M: Anytime after 1:30 pm
T: After 5 pm
W: 1 - 4:30 pm
Th: NA
F: Anytime after 1 pm

Just let me know what works best for you.
________________________________

From: McCollum, Will <william.mccollum@bofa.com>
Sent: Thursday, January 22, 2026 12:28 PM
To: Graham Mills <graham.mills@duke.edu>
Subject: RE: Duke Student Interested in S&T - Graham 
 

Hi Graham, 

 

Sure thing. Are you around next week? Send a few dates / times will see if we can line up a coffee. 

 

Will 

 

Will McCollum
Pension, Endowment, Foundation and Asset Manager Solutions

BofA Securities, Inc.

One Bryant Park, 5th Floor, New York, NY 10036

T: 212-449-1619 | M: 929-797-2090

william.mccollum@bofa.com <mailto:william.mccollum@bofa.com> 

 

 

From: Graham Mills <graham.mills@duke.edu> 
Sent: Thursday, January 22, 2026 10:29 AM
To: McCollum, Will <william.mccollum@bofa.com>
Subject: Duke Student Interested in S&T - Graham

 

Hi Will,

Moving this conversation to your work email as requested.

To recap, I’m a Duke sophomore recruiting for Sales & Trading and was referred to you by Ana Wilmer. Since I am currently in NYC for the semester, do you have 15-20 minutes for a quick coffee or a brief call sometime this week?

Thanks,

Graham

 

 

 

________________________________

This message, and any attachment(s), is for the intended recipient(s) only, may contain information that is privileged, confidential and/or proprietary and subject to important terms and conditions available at http://www.bankofamerica.com/electronic-disclaimer. If you are not the intended recipient, please delete this message. For more information about how Bank of America protects your privacy, including specific rights that may apply, please visit the following pages: https://business.bofa.com/en-us/content/global-privacy-notices.html (which includes global privacy notices) and https://www.bankofamerica.com/security-center/privacy-overview/ (which includes US State specific privacy notices such as the http://www.bankofamerica.com/ccpa-notice).

","Graham Mills","/o=ExchangeLabs/ou=Exchange Administrative Group (FYDIBOHF23SPDLT)/cn=Recipients/cn=db3bfe3506794f919ac1e0bca73ab3a9-a02bfddf-ef","EX","McCollum, Will","william.mccollum@bofa.com","SMTP",,,,,,,,,"Normal",,"Normal"
"Duke Student Interested in S&T - Graham","Hi Will,
Moving this conversation to your work email as requested.
To recap, I’m a Duke sophomore recruiting for Sales & Trading and was referred to you by Ana Wilmer. Since I am currently in NYC for the semester, do you have 15-20 minutes for a quick coffee or a brief call sometime this week?
Thanks,
Graham



","Graham Mills","/O=EXCHANGELABS/OU=EXCHANGE ADMINISTRATIVE GROUP (FYDIBOHF23SPDLT)/CN=RECIPIENTS/CN=DB3BFE3506794F919AC1E0BCA73AB3A9-A02BFDDF-EF","EX","william.mccollum@bofa.com","william.mccollum@bofa.com","SMTP",,,,,,,,,"Normal",,"Normal"
"Re: Duke in New York Student - Following Up","I just sent an invite. Let me know if you didn't receive it. Looking forward to speaking with you then!
________________________________

From: Brennan, Emma <emma.brennan@citi.com>
Sent: Thursday, January 22, 2026 8:58 AM
To: Graham Mills <graham.mills@duke.edu>
Subject: RE: Duke in New York Student - Following Up 
 

Sure – can you send me a calendar invite? 

 

My desk line is 1-212-723-1360 

 

Best, 

Emma

 

Emma Brennan

Cross Asset Solutions

emma.brennan@citi.com <mailto:emma.brennan@citi.com> 

latam.structured.investments@citi.com <mailto:latam.structured.investments@citi.com> 





This communication is issued by a member of the Sales and Trading Department of Citigroup Global Markets Inc. or one of its affiliates (collectively, “Citi”) and intended for institutional investors only. For important disclosures and disclaimers please see https://icg.citi.com/icg/data/documents/ST_ExternalDiscl.pdf <https://nam11.safelinks.protection.outlook.com/?url=https%3A%2F%2Ficg.citi.com%2Ficg%2Fdata%2Fdocuments%2FST_ExternalDiscl.pdf&data=05%7C02%7Cgraham.mills%40duke.edu%7C478ed635d0d145c02abf08de59be5602%7Ccb72c54e4a314d9eb14a1ea36dfac94c%7C0%7C0%7C639046871353032365%7CUnknown%7CTWFpbGZsb3d8eyJFbXB0eU1hcGkiOnRydWUsIlYiOiIwLjAuMDAwMCIsIlAiOiJXaW4zMiIsIkFOIjoiTWFpbCIsIldUIjoyfQ%3D%3D%7C0%7C%7C%7C&sdata=kFIKF8Nn9DpnjSbGoKMgBFDMRv4TsMmeY8QD9oAacfM%3D&reserved=0>   .This message is for the internal use of the intended recipients and may contain information proprietary to Citi which may not be reproduced, redistributed, or copied in whole or in part without Citi’s prior consent.

 

From: [duke.edu] Graham Mills 
Sent: Thursday, January 22, 2026 8:56 AM
To: Brennan, Emma [MKTS]
Subject: Re: Duke in New York Student - Following Up

 

Hi Emma, Thanks for getting back to me. Does 5 pm that Wednesday work for you? From: Brennan, Emma <emma. brennan@ citi. com> Sent: Thursday, January 22, 2026 8: 15 AM To: Graham Mills <graham. mills@ duke. edu> Subject: RE: Duke in New

Hi Emma,

 

Thanks for getting back to me. Does 5 pm that Wednesday work for you?

________________________________

From: Brennan, Emma <emma.brennan@citi.com <mailto:emma.brennan@citi.com> >
Sent: Thursday, January 22, 2026 8:15 AM
To: Graham Mills <graham.mills@duke.edu <mailto:graham.mills@duke.edu> >
Subject: RE: Duke in New York Student - Following Up 

 

Hi Graham, 

 

We can set up a quick call and I can hear more about your interests. Normally after 4:45pm works best for me let me know when you are free after Wednesday next week. 

 

Best, 

Emma

 

Emma Brennan

Cross Asset Solutions

emma.brennan@citi.com <mailto:emma.brennan@citi.com> 

latam.structured.investments@citi.com <mailto:latam.structured.investments@citi.com> 





This communication is issued by a member of the Sales and Trading Department of Citigroup Global Markets Inc. or one of its affiliates (collectively, “Citi”) and intended for institutional investors only. For important disclosures and disclaimers please see https://icg.citi.com/icg/data/documents/ST_ExternalDiscl.pdf <https://nam11.safelinks.protection.outlook.com/?url=https%3A%2F%2Ficg.citi.com%2Ficg%2Fdata%2Fdocuments%2FST_ExternalDiscl.pdf&data=05%7C02%7Cgraham.mills%40duke.edu%7C478ed635d0d145c02abf08de59be5602%7Ccb72c54e4a314d9eb14a1ea36dfac94c%7C0%7C0%7C639046871353070317%7CUnknown%7CTWFpbGZsb3d8eyJFbXB0eU1hcGkiOnRydWUsIlYiOiIwLjAuMDAwMCIsIlAiOiJXaW4zMiIsIkFOIjoiTWFpbCIsIldUIjoyfQ%3D%3D%7C0%7C%7C%7C&sdata=EMRfoPsHtWd9iGbZS3%2Bt7NMD9WDAgoiJrjKqJpyL1mM%3D&reserved=0>   .This message is for the internal use of the intended recipients and may contain information proprietary to Citi which may not be reproduced, redistributed, or copied in whole or in part without Citi’s prior consent.

 

From: [duke.edu <https://urldefense.com/v3/__http:/duke.edu__;!!Jkho33Y!nuGUsYpcCcyt2i_e04suOtT3hLy8ieTbRzbcwc5v2AHj3tY4qtSTYcc2_vqu4bo_qPQ2L6uslV-2Zf0xGGpN_hmY$> ] Graham Mills 
Sent: Wednesday, January 21, 2026 8:44 PM
To: Brennan, Emma [MKTS]
Subject: Re: Duke in New York Student - Following Up

 

Hi Emma, Just wanted to follow up and see if there’s anybody you know who would be helpful for me to speak to. Looking forward to hearing from you. Best, Graham From: Graham Mills Sent: Thursday, January 15, 2026 8: 26 PM To: emma. brennan@ citigroup. com

Hi Emma,

 

Just wanted to follow up and see if there’s anybody you know who would be helpful for me to speak to. Looking forward to hearing from you.

 

Best,

Graham

 

________________________________

From: Graham Mills
Sent: Thursday, January 15, 2026 8:26 PM
To: emma.brennan@citigroup.com <mailto:emma.brennan@citigroup.com>  <emma.brennan@citigroup.com <mailto:emma.brennan@citigroup.com> >
Subject: Duke in New York Student - Following Up 

 

Hi Emma,

 

This is Graham, we spoke the other day at the Duke student event. I enjoyed speaking with you then and wanted to know, is there anyone else on your team you think would be helpful for me to speak to on the S&T team during my time in NYC? I'd love to get to know the team a bit better and explore the different groups at Citi.

 

Just let me know, and thanks again for speaking with me at the event.

 

Best,

Graham

","Graham Mills","/o=ExchangeLabs/ou=Exchange Administrative Group (FYDIBOHF23SPDLT)/cn=Recipients/cn=db3bfe3506794f919ac1e0bca73ab3a9-a02bfddf-ef","EX","Brennan, Emma ","emma.brennan@citi.com","SMTP",,,,,,,,,"Normal",,"Normal"
"Graham/Emma Call","","Graham Mills","/o=ExchangeLabs/ou=Exchange Administrative Group (FYDIBOHF23SPDLT)/cn=Recipients/cn=db3bfe3506794f919ac1e0bca73ab3a9-a02bfddf-ef","EX","emma.brennan@citigroup.com","emma.brennan@citigroup.com","SMTP",,,,,,,,,"Normal",,"Normal"
"Duke Student Visit - Follow Up","Hi Paige,

Thank you for coming to speak at the Duke event yesterday. I appreciated hearing your perspective, even though we didn't get to speak one-on-one about your role.

Due to some prior experience, I'm very interested in groups that work in the hedge fund ecosystem. Are you available to grab coffee or call and discuss your role and your team's responsibilities more in depth? Just let me know, and we can work something out.

Best,
Graham
","Graham Mills","/O=EXCHANGELABS/OU=EXCHANGE ADMINISTRATIVE GROUP (FYDIBOHF23SPDLT)/CN=RECIPIENTS/CN=DB3BFE3506794F919AC1E0BCA73AB3A9-A02BFDDF-EF","EX","paige.zeidel@jpmorgan.com","paige.zeidel@jpmorgan.com","SMTP",,,,,,,,,"Normal",,"Normal"
"Re: KPS Capital Partners | Sophomore Summer Analyst Program 2026 ","Hi Emma,

Thank you for sharing this opportunity. I have attached my resume and cover letter. Let me know if you need anything more from me.

Best,
Graham Mills
________________________________

From: econ_dfe_2028-request@duke.edu <econ_dfe_2028-request@duke.edu> on behalf of Emma Rasiel <emma.rasiel@duke.edu>
Sent: Wednesday, January 21, 2026 10:14 PM
To: econ_dfe_2028 <econ_dfe_2028@duke.edu>
Cc: Emma Rasiel <emma.rasiel@duke.edu>
Subject: KPS Capital Partners | Sophomore Summer Analyst Program 2026 
 

Sophomores: KPS Capital Partners is a NY-based PE firm that has a summer analyst program for college sophomores interested in finance (more details in the pdf attached).

 

Summer analysts are staffed on live deals and KPS portfolio companies. They also complete a few reps of case studies on businesses that the company has diligenced in the past. For more details, see the attachment. 

 

If you are interested, please send me your accurate, up to date resume and a short cover letter explaining your interest in this opportunity. Resumes will be evaluated on a rolling basis, so I encourage you to respond within the next 3-5 days.  

 

Best,

Emma

____________________________________________________________________

Emma Rasiel, PhD, Associate Chair, Dept of Economics, Duke University

Richard Y. Li Professor of the Practice

Social Science Building, 228D (in the DFE Center)

Duke Financial Economics Center <http://www.econ.duke.edu/dfe> 

Walk-in Office Hours: see my website <http://people.duke.edu/~ebr4/erasiel.htm> . 

 

 

","Graham Mills","/o=ExchangeLabs/ou=Exchange Administrative Group (FYDIBOHF23SPDLT)/cn=Recipients/cn=db3bfe3506794f919ac1e0bca73ab3a9-a02bfddf-ef","EX","Emma Rasiel","/o=ExchangeLabs/ou=Exchange Administrative Group (FYDIBOHF23SPDLT)/cn=Recipients/cn=21c7df4c6045432299de37e3e9714817-Emma Rasiel","EX",,,,,,,,,"Normal",,"Normal"
"Re: Duke in New York Student - Following Up","Hi Emma,

Thanks for getting back to me. Does 5 pm that Wednesday work for you?
________________________________

From: Brennan, Emma <emma.brennan@citi.com>
Sent: Thursday, January 22, 2026 8:15 AM
To: Graham Mills <graham.mills@duke.edu>
Subject: RE: Duke in New York Student - Following Up 
 

Hi Graham, 

 

We can set up a quick call and I can hear more about your interests. Normally after 4:45pm works best for me let me know when you are free after Wednesday next week. 

 

Best, 

Emma

 

Emma Brennan

Cross Asset Solutions

emma.brennan@citi.com <mailto:emma.brennan@citi.com> 

latam.structured.investments@citi.com <mailto:latam.structured.investments@citi.com> 





This communication is issued by a member of the Sales and Trading Department of Citigroup Global Markets Inc. or one of its affiliates (collectively, “Citi”) and intended for institutional investors only. For important disclosures and disclaimers please see https://icg.citi.com/icg/data/documents/ST_ExternalDiscl.pdf <https://nam11.safelinks.protection.outlook.com/?url=https%3A%2F%2Ficg.citi.com%2Ficg%2Fdata%2Fdocuments%2FST_ExternalDiscl.pdf&data=05%7C02%7Cgraham.mills%40duke.edu%7C120bcdd64abd40e4228b08de59b8568c%7Ccb72c54e4a314d9eb14a1ea36dfac94c%7C0%7C0%7C639046845487678132%7CUnknown%7CTWFpbGZsb3d8eyJFbXB0eU1hcGkiOnRydWUsIlYiOiIwLjAuMDAwMCIsIlAiOiJXaW4zMiIsIkFOIjoiTWFpbCIsIldUIjoyfQ%3D%3D%7C0%7C%7C%7C&sdata=tUpV0zRjF3zxEH2CluWUNBGz%2Fwiy29Be3jjEdAkbsE0%3D&reserved=0>   .This message is for the internal use of the intended recipients and may contain information proprietary to Citi which may not be reproduced, redistributed, or copied in whole or in part without Citi’s prior consent.

 

From: [duke.edu] Graham Mills 
Sent: Wednesday, January 21, 2026 8:44 PM
To: Brennan, Emma [MKTS]
Subject: Re: Duke in New York Student - Following Up

 

Hi Emma, Just wanted to follow up and see if there’s anybody you know who would be helpful for me to speak to. Looking forward to hearing from you. Best, Graham From: Graham Mills Sent: Thursday, January 15, 2026 8: 26 PM To: emma. brennan@ citigroup. com

Hi Emma,

 

Just wanted to follow up and see if there’s anybody you know who would be helpful for me to speak to. Looking forward to hearing from you.

 

Best,

Graham

 

________________________________

From: Graham Mills
Sent: Thursday, January 15, 2026 8:26 PM
To: emma.brennan@citigroup.com <mailto:emma.brennan@citigroup.com>  <emma.brennan@citigroup.com <mailto:emma.brennan@citigroup.com> >
Subject: Duke in New York Student - Following Up 

 

Hi Emma,

 

This is Graham, we spoke the other day at the Duke student event. I enjoyed speaking with you then and wanted to know, is there anyone else on your team you think would be helpful for me to speak to on the S&T team during my time in NYC? I'd love to get to know the team a bit better and explore the different groups at Citi.

 

Just let me know, and thanks again for speaking with me at the event.

 

Best,

Graham

","Graham Mills","/o=ExchangeLabs/ou=Exchange Administrative Group (FYDIBOHF23SPDLT)/cn=Recipients/cn=db3bfe3506794f919ac1e0bca73ab3a9-a02bfddf-ef","EX","Brennan, Emma ","emma.brennan@citi.com","SMTP",,,,,,,,,"Normal",,"Normal"
"Duke Student Visit - Follow Up","Hi Austin,

I had a great time talking to you at the Duke event yesterday. I enjoyed learning about your team and the more unique products you work with.

With that said, I'm interested in learning more and exploring more about the equity derivatives team and your specific role on it. Are you available for a quick coffee or phone call? Just let me know what works for you and we can schedule something.

Best,
Graham
","Graham Mills","/O=EXCHANGELABS/OU=EXCHANGE ADMINISTRATIVE GROUP (FYDIBOHF23SPDLT)/CN=RECIPIENTS/CN=DB3BFE3506794F919AC1E0BCA73AB3A9-A02BFDDF-EF","EX","austin.mufengi@jpmorgan.com","austin.mufengi@jpmorgan.com","SMTP",,,,,,,,,"Normal",,"Normal"
"Re: Duke in New York Student","Hi Lucas,

Just wanted to follow up and see if you have time for a 15 minute coffee or chat. Looking forward to hearing from you.

Best,
Graham

________________________________

From: Graham Mills
Sent: Tuesday, January 13, 2026 10:31 AM
To: lucasnyc224@gmail.com <lucasnyc224@gmail.com>
Subject: Duke in New York Student 
 
Hi Lucas,
I am a Duke student in the Duke in New York Program and was excited to see you on the mentors list. I’m pursuing asset management and would love to hear more about what you do.
Is there a good time for you over the next week or so to grab coffee? I’m sure you’re busy, so if not, a phone call would be great as well.
Best,
Graham Mills
Ghm21@duke.edu <mailto:Ghm21@duke.edu> 
704-770-7141
https://www.linkedin.com/in/gmills1/

","Graham Mills","/o=ExchangeLabs/ou=Exchange Administrative Group (FYDIBOHF23SPDLT)/cn=Recipients/cn=db3bfe3506794f919ac1e0bca73ab3a9-a02bfddf-ef","EX","lucasnyc224@gmail.com","lucasnyc224@gmail.com","SMTP",,,,,,,,,"Normal",,"Normal"
"Re: Duke Student in NY","Hi Will,

Just wanted to follow up and see if you have time for a 15 minute coffee or chat. Looking forward to hearing from you.

Best,
Graham

________________________________

From: Graham Mills
Sent: Thursday, January 15, 2026 1:29 PM
To: william.reinke@bofa.com <william.reinke@bofa.com>
Subject: Duke Student in NY 
 
Hi Will,

Not sure if you remember me, but we spoke about a year ago when I first came to Duke and was exploring career paths. I'm doing the Duke in New York program now and am in the city, and wanted to know if you have time to grab coffee and catch up? I'm happy to meet wherever, so just let me know.

Best,

Graham


","Graham Mills","/o=ExchangeLabs/ou=Exchange Administrative Group (FYDIBOHF23SPDLT)/cn=Recipients/cn=db3bfe3506794f919ac1e0bca73ab3a9-a02bfddf-ef","EX","william.reinke@bofa.com","william.reinke@bofa.com","SMTP",,,,,,,,,"Normal",,"Normal"
"Re: Student in NYC - Interested in HF Solutions","Hi Michael,

Just wanted to follow up and see if you have time for a 15 minute coffee or chat. Looking forward to hearing from you.

Best,
Graham

________________________________

From: Graham Mills
Sent: Thursday, January 15, 2026 2:00 PM
To: michael.grae@morganstanley.com <michael.grae@morganstanley.com>
Subject: Student in NYC - Interested in HF Solutions 
 
Hi Michael,

I am a Duke Student and am in the city as a part of the Duke in New York Program. I had never heard of a Hedge Fund Solutions team until recently, but after some research, it sounds like something that aligns with my interests. I want to learn more about it, and since I'm in the city, was wondering if you're able to meet me by the office for coffee and to chat about your role?

If not, I'd love to chat over the phone instead. Just let me know what works for you.

Best,
Graham

","Graham Mills","/o=ExchangeLabs/ou=Exchange Administrative Group (FYDIBOHF23SPDLT)/cn=Recipients/cn=db3bfe3506794f919ac1e0bca73ab3a9-a02bfddf-ef","EX","michael.grae@morganstanley.com","michael.grae@morganstanley.com","SMTP",,,,,,,,,"Normal",,"Normal"
"Re: Duke in New York Student - Following Up","Hi Emma,

Just wanted to follow up and see if there’s anybody you know who would be helpful for me to speak to. Looking forward to hearing from you.

Best,
Graham

________________________________

From: Graham Mills
Sent: Thursday, January 15, 2026 8:26 PM
To: emma.brennan@citigroup.com <emma.brennan@citigroup.com>
Subject: Duke in New York Student - Following Up 
 
Hi Emma,

This is Graham, we spoke the other day at the Duke student event. I enjoyed speaking with you then and wanted to know, is there anyone else on your team you think would be helpful for me to speak to on the S&T team during my time in NYC? I'd love to get to know the team a bit better and explore the different groups at Citi.

Just let me know, and thanks again for speaking with me at the event.

Best,
Graham
","Graham Mills","/o=ExchangeLabs/ou=Exchange Administrative Group (FYDIBOHF23SPDLT)/cn=Recipients/cn=db3bfe3506794f919ac1e0bca73ab3a9-a02bfddf-ef","EX","emma.brennan@citigroup.com","emma.brennan@citigroup.com","SMTP",,,,,,,,,"Normal",,"Normal"
"Re: Duke Student in NYC","Hi Andrew,

Just wanted to follow up and see if you have time for a 15 minute coffee or chat. Looking forward to hearing from you.

Best,
Graham

________________________________

From: Graham Mills
Sent: Friday, January 16, 2026 4:33 PM
To: andrew.casturo-burnette@morganstanley.com <andrew.casturo-burnette@morganstanley.com>
Subject: Duke Student in NYC 
 
Hi Andrew,

I am a Duke student doing the Duke in New York program and am currently in NYC. I'm interested in S&T and have recently applied for the fixed income group at Morgan Stanley. 

Since I'm in the city, are you available to meet me for a quick coffee outside of your office? If not, I'd love to just chat over the phone instead. Just let me know what works for you.

Best,

Graham Mills

https://www.linkedin.com/in/gmills1/

","Graham Mills","/o=ExchangeLabs/ou=Exchange Administrative Group (FYDIBOHF23SPDLT)/cn=Recipients/cn=db3bfe3506794f919ac1e0bca73ab3a9-a02bfddf-ef","EX","andrew.casturo-burnette@morganstanley.com","andrew.casturo-burnette@morganstanley.com","SMTP",,,,,,,,,"Normal",,"Normal"
"Re: Duke Student in NYC","Hi Andrew,

Just wanted to follow up and see if you have time for a 15 minute coffee or chat. Looking forward to hearing from you.

Best,
Graham


Get Outlook for iOS <https://aka.ms/o0ukef> 
________________________________

From: Graham Mills
Sent: Friday, January 16, 2026 4:33:42 PM
To: andrew.casturo-burnette@morganstanley.com <andrew.casturo-burnette@morganstanley.com>
Subject: Duke Student in NYC 
 
Hi Andrew,

I am a Duke student doing the Duke in New York program and am currently in NYC. I'm interested in S&T and have recently applied for the fixed income group at Morgan Stanley. 

Since I'm in the city, are you available to meet me for a quick coffee outside of your office? If not, I'd love to just chat over the phone instead. Just let me know what works for you.

Best,

Graham Mills

https://www.linkedin.com/in/gmills1/

","Graham Mills","/o=ExchangeLabs/ou=Exchange Administrative Group (FYDIBOHF23SPDLT)/cn=Recipients/cn=db3bfe3506794f919ac1e0bca73ab3a9-a02bfddf-ef","EX","Graham Mills","/o=ExchangeLabs/ou=Exchange Administrative Group (FYDIBOHF23SPDLT)/cn=Recipients/cn=db3bfe3506794f919ac1e0bca73ab3a9-a02bfddf-ef","EX",,,,,,,,,"Normal",,"Normal"
"Re: Duke in New York Student - Following Up","Hi Emma,

Just wanted to follow up and see if there’s anybody you know who would be helpful for me to speak to. Looking forward to hearing from you.

Best,
Graham


Get Outlook for iOS <https://aka.ms/o0ukef> 
________________________________

From: Graham Mills
Sent: Thursday, January 15, 2026 8:26:01 PM
To: emma.brennan@citigroup.com <emma.brennan@citigroup.com>
Subject: Duke in New York Student - Following Up 
 
Hi Emma,

This is Graham, we spoke the other day at the Duke student event. I enjoyed speaking with you then and wanted to know, is there anyone else on your team you think would be helpful for me to speak to on the S&T team during my time in NYC? I'd love to get to know the team a bit better and explore the different groups at Citi.

Just let me know, and thanks again for speaking with me at the event.

Best,
Graham
","Graham Mills","/o=ExchangeLabs/ou=Exchange Administrative Group (FYDIBOHF23SPDLT)/cn=Recipients/cn=db3bfe3506794f919ac1e0bca73ab3a9-a02bfddf-ef","EX","Graham Mills","/o=ExchangeLabs/ou=Exchange Administrative Group (FYDIBOHF23SPDLT)/cn=Recipients/cn=db3bfe3506794f919ac1e0bca73ab3a9-a02bfddf-ef","EX",,,,,,,,,"Normal",,"Normal"
"Re: Student in NYC - Interested in HF Solutions","Hi Michael,

Just wanted to follow up and see if you have time for a 15 minute coffee or chat. Looking forward to hearing from you.

Best,
Graham


Get Outlook for iOS <https://aka.ms/o0ukef> 
________________________________

From: Graham Mills
Sent: Thursday, January 15, 2026 2:00:30 PM
To: michael.grae@morganstanley.com <michael.grae@morganstanley.com>
Subject: Student in NYC - Interested in HF Solutions 
 
Hi Michael,

I am a Duke Student and am in the city as a part of the Duke in New York Program. I had never heard of a Hedge Fund Solutions team until recently, but after some research, it sounds like something that aligns with my interests. I want to learn more about it, and since I'm in the city, was wondering if you're able to meet me by the office for coffee and to chat about your role?

If not, I'd love to chat over the phone instead. Just let me know what works for you.

Best,
Graham

","Graham Mills","/o=ExchangeLabs/ou=Exchange Administrative Group (FYDIBOHF23SPDLT)/cn=Recipients/cn=db3bfe3506794f919ac1e0bca73ab3a9-a02bfddf-ef","EX","Graham Mills","/o=ExchangeLabs/ou=Exchange Administrative Group (FYDIBOHF23SPDLT)/cn=Recipients/cn=db3bfe3506794f919ac1e0bca73ab3a9-a02bfddf-ef","EX",,,,,,,,,"Normal",,"Normal"
"Re: Duke Student in NY","Hi Will,

Just wanted to follow up and see if you have time for a 15 minute coffee or chat. Looking forward to hearing from you.

Best,
Graham


Get Outlook for iOS <https://aka.ms/o0ukef> 
________________________________

From: Graham Mills
Sent: Thursday, January 15, 2026 1:29:41 PM
To: william.reinke@bofa.com <william.reinke@bofa.com>
Subject: Duke Student in NY 
 
Hi Will,

Not sure if you remember me, but we spoke about a year ago when I first came to Duke and was exploring career paths. I'm doing the Duke in New York program now and am in the city, and wanted to know if you have time to grab coffee and catch up? I'm happy to meet wherever, so just let me know.

Best,

Graham


","Graham Mills","/o=ExchangeLabs/ou=Exchange Administrative Group (FYDIBOHF23SPDLT)/cn=Recipients/cn=db3bfe3506794f919ac1e0bca73ab3a9-a02bfddf-ef","EX","Graham Mills","/o=ExchangeLabs/ou=Exchange Administrative Group (FYDIBOHF23SPDLT)/cn=Recipients/cn=db3bfe3506794f919ac1e0bca73ab3a9-a02bfddf-ef","EX",,,,,,,,,"Normal",,"Normal"
"Re: Duke in New York Student","Hi Lucas,

Just wanted to follow up and see if you have time for a 15 minute coffee or chat. Looking forward to hearing from you.

Best,
Graham

Get Outlook for iOS <https://aka.ms/o0ukef> 
________________________________

From: Graham Mills
Sent: Tuesday, January 13, 2026 10:31:06 AM
To: lucasnyc224@gmail.com <lucasnyc224@gmail.com>
Subject: Duke in New York Student 
 
Hi Lucas,
I am a Duke student in the Duke in New York Program and was excited to see you on the mentors list. I’m pursuing asset management and would love to hear more about what you do.
Is there a good time for you over the next week or so to grab coffee? I’m sure you’re busy, so if not, a phone call would be great as well.
Best,
Graham Mills
Ghm21@duke.edu <mailto:Ghm21@duke.edu> 
704-770-7141
https://www.linkedin.com/in/gmills1/

","Graham Mills","/o=ExchangeLabs/ou=Exchange Administrative Group (FYDIBOHF23SPDLT)/cn=Recipients/cn=db3bfe3506794f919ac1e0bca73ab3a9-a02bfddf-ef","EX","Graham Mills","/o=ExchangeLabs/ou=Exchange Administrative Group (FYDIBOHF23SPDLT)/cn=Recipients/cn=db3bfe3506794f919ac1e0bca73ab3a9-a02bfddf-ef","EX",,,,,,,,,"Normal",,"Normal"
"Re: Following Up - Duke Student","Here’s my availability:

M: Anytime after 1:30 pm
T: 12:30-1:30 pm
W: Anytime after 12:30 pm

Just let me know what works best for you and how you would prefer to meet.

Get Outlook for iOS <https://aka.ms/o0ukef> 
________________________________

From: Husayn.Moody@nomura.com <Husayn.Moody@nomura.com>
Sent: Wednesday, January 21, 2026 1:35:27 PM
To: Graham Mills <graham.mills@duke.edu>
Subject: RE: Following Up - Duke Student 
 

Hi Graham. Happy To speak. Whats your availability Next mon-wed?

 

Thanks 

 

From: Graham Mills <graham.mills@duke.edu> 
Sent: Wednesday, January 21, 2026 1:23 PM
To: Moody, Husayn (GM/US)
Subject: Following Up - Duke Student

 

Hi Husayn, It was a pleasure meeting you yesterday at the Duke visit. I especially liked taking about Nomura's entrepreneurial culture and your view on what it takes to succeed. On that note, are you available to talk, not just about Nomura,

Hi Husayn,

 

It was a pleasure meeting you yesterday at the Duke visit. I especially liked taking about Nomura's entrepreneurial culture and your view on what it takes to succeed. 

 

On that note, are you available to talk, not just about Nomura, but in general about your perspective on the industry and how to thrive in it? I can meet you by the office or I would love to talk over the phone.

 

Just let me know what works best for you.

 

Best,

Graham

 

Get Outlook for iOS <https://urldefense.com/v3/__https:/aka.ms/o0ukef__;!!OybgOuQc1Q!TjaHdRyRn6NUWN45WKULKF7I77TdqX8i7u-O3xniVOkttefFZHYqUldn_67ZPPW-O3GPTqNk2wmbRWG752DwsP6bWY8$> 

PLEASE READ: This message is for the named person's use only. It may contain confidential, proprietary or legally privileged information. No confidentiality or privilege is waived or lost by any mistransmission. If you receive this message in error, please delete it and all copies from your system, destroy any hard copies and notify the sender. You must not, directly or indirectly, use, disclose, distribute, print, or copy any part of this message if you are not the intended recipient. Nomura Holding America Inc., Nomura Securities International, Inc, and their respective subsidiaries each reserve the right to monitor all e-mail communications through its networks. Any views expressed in this message are those of the individual sender, except where the message states otherwise and the sender is authorized to state the views of such entity. Unless otherwise stated, any pricing information in this message is indicative only, is subject to change and does not constitute an offer to deal at any price quoted. Any reference to the terms of executed transactions should be treated as preliminary only and subject to our formal written confirmation. 
","Graham Mills","/o=ExchangeLabs/ou=Exchange Administrative Group (FYDIBOHF23SPDLT)/cn=Recipients/cn=db3bfe3506794f919ac1e0bca73ab3a9-a02bfddf-ef","EX","Husayn.Moody@nomura.com","Husayn.Moody@nomura.com","SMTP",,,,,,,,,"Normal",,"Normal"
"Duke in New York - Follow Up","Hi Alexi,

It was a pleasure to meet you the other day at the Duke event at Barclays. I had a great time learning about Cap Intro and your experience on that team.

I'm writing to let you know I just completed the online assessment part of the application. With that said is there anyone else you recommend I reach out to, either in regards to the recruitment process or someone on the Cap Intro team? I'd love to hear from a few more people in the space to learn more.

Best,
Graham Mills
","Graham Mills","/o=ExchangeLabs/ou=Exchange Administrative Group (FYDIBOHF23SPDLT)/cn=Recipients/cn=db3bfe3506794f919ac1e0bca73ab3a9-a02bfddf-ef","EX","alexi.braun@barclays.com","alexi.braun@barclays.com","SMTP",,,,,,,,,"Normal",,"Normal"
"Following Up - Duke Student","Hi Husayn,

It was a pleasure meeting you yesterday at the Duke visit. I especially liked taking about Nomura's entrepreneurial culture and your view on what it takes to succeed. 

On that note, are you available to talk, not just about Nomura, but in general about your perspective on the industry and how to thrive in it? I can meet you by the office or I would love to talk over the phone.

Just let me know what works best for you.

Best,
Graham

Get Outlook for iOS <https://aka.ms/o0ukef> 
","Graham Mills","/O=EXCHANGELABS/OU=EXCHANGE ADMINISTRATIVE GROUP (FYDIBOHF23SPDLT)/CN=RECIPIENTS/CN=DB3BFE3506794F919AC1E0BCA73AB3A9-A02BFDDF-EF","EX","husayn.moody@nomura.com","husayn.moody@nomura.com","SMTP",,,,,,,,,"Normal",,"Normal"
"Re: Duke Student in NYC","Here’s my schedule:

M: Anytime after 1:30
T: 12:30-1:30
W: Anytime after 12
Th: None
F: Anytime after 1

Let me know what works best for you.

Get Outlook for iOS <https://aka.ms/o0ukef> 
________________________________

From: Orme, Andrew <aorme@wolferesearch.com>
Sent: Tuesday, January 20, 2026 12:42:32 PM
To: Graham Mills <graham.mills@duke.edu>
Subject: RE: Duke Student in NYC 
 

What times work for you next week?

 

 



Andrew Orme 
Senior Associate, Equity Research

Chemicals, Agriculture & Packaging
(646) 582-9368 
AOrme@wolferesearch.com 
<mailto:AOrme@wolferesearch.com> www.wolferesearch.com <https://nam11.safelinks.protection.outlook.com/?url=http%3A%2F%2Fwww.wolferesearch.com%2F&data=05%7C02%7Cgraham.mills%40duke.edu%7Cd6e582ac461f40bfa24008de584b58f0%7Ccb72c54e4a314d9eb14a1ea36dfac94c%7C0%7C0%7C639045277832694646%7CUnknown%7CTWFpbGZsb3d8eyJFbXB0eU1hcGkiOnRydWUsIlYiOiIwLjAuMDAwMCIsIlAiOiJXaW4zMiIsIkFOIjoiTWFpbCIsIldUIjoyfQ%3D%3D%7C0%7C%7C%7C&sdata=2uIq0IOr7oo%2FD4N61qjTBEmRMtkxLgk%2FCEVAEO7kWwQ%3D&reserved=0> 

 

 

From: Graham Mills <graham.mills@duke.edu> 
Sent: Tuesday, January 20, 2026 10:27 AM
To: Orme, Andrew <aorme@wolferesearch.com>
Subject: Re: Duke Student in NYC

 

Thanks for getting back to me. I’m free all day this Friday (except 2:00–3:00 PM). I can also make 12:30 PM work any day Tuesday through Thursday. If none of those windows work for you, let me know and I’m happy to look at times for next week.

Best,

Graham

 

________________________________

From: Orme, Andrew <aorme@wolferesearch.com <mailto:aorme@wolferesearch.com> >
Sent: Tuesday, January 20, 2026 8:31 AM
To: Graham Mills <graham.mills@duke.edu <mailto:graham.mills@duke.edu> >
Subject: RE: Duke Student in NYC 

 

Hey Graham—

 

Happy to do a quick coffee / chat sometime this week or next. Please shoot over some times that work best and we can get something on the cal.

 

Talk Soon.

 

-A

 

 



Andrew Orme 
Senior Associate, Equity Research

Chemicals, Agriculture & Packaging
(646) 582-9368 
AOrme@wolferesearch.com 
<mailto:AOrme@wolferesearch.com> www.wolferesearch.com <https://nam11.safelinks.protection.outlook.com/?url=http%3A%2F%2Fwww.wolferesearch.com%2F&data=05%7C02%7Cgraham.mills%40duke.edu%7Cd6e582ac461f40bfa24008de584b58f0%7Ccb72c54e4a314d9eb14a1ea36dfac94c%7C0%7C0%7C639045277832724706%7CUnknown%7CTWFpbGZsb3d8eyJFbXB0eU1hcGkiOnRydWUsIlYiOiIwLjAuMDAwMCIsIlAiOiJXaW4zMiIsIkFOIjoiTWFpbCIsIldUIjoyfQ%3D%3D%7C0%7C%7C%7C&sdata=sbuSBKvmRGJEfrtF5a0ypyeMRlUDZOX0JhF8pxJlHqI%3D&reserved=0> 

 

 

From: Graham Mills <graham.mills@duke.edu <mailto:graham.mills@duke.edu> > 
Sent: Monday, January 19, 2026 2:00 PM
To: Orme, Andrew <aorme@wolferesearch.com <mailto:aorme@wolferesearch.com> >
Subject: Duke Student in NYC

 

Hi Andrew,

 

I am a Duke student doing the Duke in New York program and am currently in NYC. I'm interested in the S&T and Equity Research space as a whole and saw you worked in the space.

 

I know you are busy, but since I'm in the city, are you available to meet me for a quick coffee outside of your office? If not, I'd love to just chat over the phone instead. Just let me know what works for you.

 

Best,

 

Graham Mills

 

https://www.linkedin.com/in/gmills1/ <https://nam11.safelinks.protection.outlook.com/?url=https%3A%2F%2Fwww.linkedin.com%2Fin%2Fgmills1%2F&data=05%7C02%7Cgraham.mills%40duke.edu%7Cd6e582ac461f40bfa24008de584b58f0%7Ccb72c54e4a314d9eb14a1ea36dfac94c%7C0%7C0%7C639045277832740303%7CUnknown%7CTWFpbGZsb3d8eyJFbXB0eU1hcGkiOnRydWUsIlYiOiIwLjAuMDAwMCIsIlAiOiJXaW4zMiIsIkFOIjoiTWFpbCIsIldUIjoyfQ%3D%3D%7C0%7C%7C%7C&sdata=jr5WgA269xNHOEuIbFiiUlvlIgLjf%2B%2F2V97x9%2FdRmCI%3D&reserved=0> 

 

 

For important disclosures regarding companies covered by Wolfe Research, LLC, please see disclosures <https://nam11.safelinks.protection.outlook.com/?url=https%3A%2F%2Fwolferesearch.bluematrix.com%2Fsellside%2FDisclosures.action&data=05%7C02%7Cgraham.mills%40duke.edu%7Cd6e582ac461f40bfa24008de584b58f0%7Ccb72c54e4a314d9eb14a1ea36dfac94c%7C0%7C0%7C639045277832757904%7CUnknown%7CTWFpbGZsb3d8eyJFbXB0eU1hcGkiOnRydWUsIlYiOiIwLjAuMDAwMCIsIlAiOiJXaW4zMiIsIkFOIjoiTWFpbCIsIldUIjoyfQ%3D%3D%7C0%7C%7C%7C&sdata=B1VhlqG8ca1dlHOwjEp3eBeBbsPwFEPkf7z6%2FSwp8FM%3D&reserved=0> . The information contained in this e-mail is intended for the exclusive use of the addressee(s) and may contain confidential or privileged information. Any review, use, disclosure, distribution or copying of this transmittal is prohibited except by or on behalf of the intended recipient. The contents of this e-mail, including any attachments, is to be used solely for informational purposes, and should not be regarded as an offer, or a solicitation of an offer to buy or sell a security, financial instrument or service discussed herein. Opinions in this communication constitute the current judgment of the author as of the date and time of this e-mail and are subject to change without notice. Information herein is believed to be reliable but Wolfe Research, LLC and its affiliates, including but not limited to WR Securities, LLC doing business as Wolfe Research Securities and as Wolfe Capital Markets and Advisory, makes no representation that it is complete or accurate. Recipients are encouraged to seek financial advice from their financial advisor regarding the appropriateness of investing in a security or financial instrument referred to in this e-mail and should understand that statements regarding the future performance of the financial instruments or the securities referenced herein may not be realized. We will not be able to accept orders by email to buy or sell securities, or honor time-sensitive instructions. Subject to applicable law, Wolfe Research and its affiliates reserve the right to intercept, monitor and retain communications transmitted through its systems. 

","Graham Mills","/o=ExchangeLabs/ou=Exchange Administrative Group (FYDIBOHF23SPDLT)/cn=Recipients/cn=db3bfe3506794f919ac1e0bca73ab3a9-a02bfddf-ef","EX","Orme, Andrew","aorme@wolferesearch.com","SMTP",,,,,,,,,"Normal",,"Normal"
"Re: Duke Student - S&T Interest","Thanks for all of the contacts! I’ll be sure to do a formal reach out and I won’t mention your name. I appreciate it and I’ll stay in touch should anything else come up. Best of luck!

Get Outlook for iOS <https://aka.ms/o0ukef> 
________________________________

From: Isaiah Boyles <isaiah.boyles@duke.edu>
Sent: Tuesday, January 20, 2026 2:23:23 PM
To: Graham Mills <graham.mills@duke.edu>
Subject: Re: Duke Student - S&T Interest 
 
Sure, I can give you a few contacts in different spots. Feel free to reach out to any of these names -- they should all be willing and able to help out. Only thing I'd say is to make a formal introduction. Don't necessarily say that you got their contact from me because I'm not extremely close with many of these people and it probably won't mean much. Let me know if you have any other questions. 


Duke
Zach Certner - Equity Derivs Sales/Trader (VP)
Chiwan Kim - Same desk as Zach but generally super helpful with Duke recruiting
Melissa Biscardi - Private Credit Underwriting (Analyst)
Richie Zhai - Commodities Sales (Analyst)

Non-Duke
Blake Althoff - FX Options Trader (Associate)
Srini Gunampalli - Private Credit Financing (Associate)
Jessie Liu - Non-Agency RMBS Trading (VP) 
Damon Wright - High Yield Loans Trader (ED)
Thomas Rios - High Yield Credit Trader (Associate) 
Ceanna Cummings - Electronic Client Solutions/Algorithmic Market Making (Associate)

Best,
Isaiah Boyles
________________________________

From: Graham Mills <graham.mills@duke.edu>
Sent: Saturday, January 17, 2026 6:33 PM
To: Isaiah Boyles <isaiah.boyles@duke.edu>
Subject: Re: Duke Student - S&T Interest 
 
Hey Isaiah,
Thanks for getting back to me!
I'm interested in JPMC S&T as a whole, so I would be happy to speak with anyone you have contacts with in the Markets division. If you happen to know someone in the Private Credit Financing specifically, that would be a bonus, but I'm open to anything.
Thanks again,
Graham

________________________________

From: Isaiah Boyles <isaiah.boyles@duke.edu>
Sent: Saturday, January 17, 2026 12:36 PM
To: Graham Mills <graham.mills@duke.edu>
Subject: Re: Duke Student - S&T Interest 
 
Hey Graham thanks for reaching out — hope New York has been treating you well. Are you looking for someone to speak to within Private Credit Financing in particular or JPMC S&T as a whole? 

I have a few contacts within the Markets division that I could send your way, let me know what in particular you're looking for.

Best,
Isaiah
________________________________

From: Graham Mills <graham.mills@duke.edu>
Sent: Friday, January 16, 2026 11:31 PM
To: Isaiah Boyles <isaiah.boyles@duke.edu>
Subject: Duke Student - S&T Interest 
 
Hi Isaiah,
I’m a sophomore at Duke interested in Sales & Trading. I saw that you’ll be joining JPMorgan as an analyst, congratulations.
I am currently in NYC as part of the Duke in New York program and am trying to take advantage of the proximity to meet with as many people as possible at the firms I’m applying to.
Since you just navigated the process, is there anyone specific you recommend I reach out to to learn more about the team? Also, if you happen to know who is serving as the recruiting lead for the division this year, I would really appreciate that contact as well, so I can direct my outreach to the right place.
Thanks so much for your help,
Graham Mills


","Graham Mills","/o=ExchangeLabs/ou=Exchange Administrative Group (FYDIBOHF23SPDLT)/cn=Recipients/cn=db3bfe3506794f919ac1e0bca73ab3a9-a02bfddf-ef","EX","Isaiah Boyles","/o=ExchangeLabs/ou=Exchange Administrative Group (FYDIBOHF23SPDLT)/cn=Recipients/cn=09b7df3c9f454147bf767d5ddba834b5-Isaiah Boyl","EX",,,,,,,,,"Normal",,"Normal"
"Re: Duke Student - S&T Interest","Thank you so much for the contact. I’ll reach out to him and see what he has to say. Best of luck when you go full time! I’ll stay in touch.

Get Outlook for iOS <https://aka.ms/o0ukef> 
________________________________

From: Ana Wilmer <ana.wilmer@duke.edu>
Sent: Tuesday, January 20, 2026 6:08:59 PM
To: Graham Mills <graham.mills@duke.edu>
Subject: Re: Duke Student - S&T Interest 
 
Sounds good. I think for starters chatting with an analyst in S&T more broadly might be helpful so I will send you this person's email. They just started this year and should be able to give you a good sense before you talk to more people: willcmccollum@gmail.com

Let me know if there is anything else I can do for now. Thank you!

Best, 
Ana Wilmer 
________________________________

From: Graham Mills <graham.mills@duke.edu>
Sent: Sunday, January 18, 2026 5:47 PM
To: Ana Wilmer <ana.wilmer@duke.edu>
Subject: Re: Duke Student - S&T Interest 
 
Hi Ana,

Thanks for getting back to me! I'd love to hear from anyone in the prime finance group, but any other contacts you might have would be extremely helpful as well. I'm recruiting pretty broadly for S&T, as I'm unsure of what group is the best fit for me, so I'd appreciate being able to here from anyone who might be helpful.

Best,
Graham
________________________________

From: Ana Wilmer <ana.wilmer@duke.edu>
Sent: Sunday, January 18, 2026 10:44 AM
To: Graham Mills <graham.mills@duke.edu>
Subject: Re: Duke Student - S&T Interest 
 
Hi Graham, 

Hope you are well! Are you referring specifically to the prime finance group I start with in the fall or in general some analysts and others etc on S&T teams that might be helpful to speak to ? As for those serving as the recruiting lead im not sure if that’s changed in the 2 years since I applied but can maybe send some other names just let me know! Thanks again!

Best,
Ana Wilmer 

Get Outlook for iOS <https://aka.ms/o0ukef> 
________________________________

From: Graham Mills <graham.mills@duke.edu>
Sent: Saturday, January 17, 2026 9:30:00 AM
To: Ana Wilmer <ana.wilmer@duke.edu>
Subject: Duke Student - S&T Interest 
 
Hi Ana,
I’m a sophomore at Duke interested in Sales & Trading. I saw that you’ll be joining Bank of America as an analyst, congratulations.
I am currently in NYC as part of the Duke in New York program and am trying to take advantage of the proximity to meet with as many people as possible at the firms I’m applying to.
Since you just navigated the process, is there anyone specific you recommend I reach out to to learn more about the team? Also, if you happen to know who is serving as the recruiting lead for the division this year, I would really appreciate that contact as well, so I can direct my outreach to the right place.
Thanks so much for your help,
Graham Mills


","Graham Mills","/o=ExchangeLabs/ou=Exchange Administrative Group (FYDIBOHF23SPDLT)/cn=Recipients/cn=db3bfe3506794f919ac1e0bca73ab3a9-a02bfddf-ef","EX","Ana Wilmer","/o=ExchangeLabs/ou=Exchange Administrative Group (FYDIBOHF23SPDLT)/cn=Recipients/cn=a95b482e45e144e299116851bae2ec66-Ana Wilmer","EX",,,,,,,,,"Normal",,"Normal"
"Duke Student Interested in BNP","Hi Andrew,

I hope this finds you well. I am a current Duke sophomore interested in the 2027 Global Markets Internships at BNP. Are you available to talk and discuss the role and recruiting process?

I totally understand if you're busy and have too many candidates to do a one-on-one conversation. If that's the case, is there anyone on the team, maybe any Duke grads, who you can put me in contact with? 

Best,
Graham

Get Outlook for iOS <https://aka.ms/o0ukef> 
","Graham Mills","/O=EXCHANGELABS/OU=EXCHANGE ADMINISTRATIVE GROUP (FYDIBOHF23SPDLT)/CN=RECIPIENTS/CN=DB3BFE3506794F919AC1E0BCA73AB3A9-A02BFDDF-EF","EX","andrew.bliach@us.bnpparibas.com","andrew.bliach@us.bnpparibas.com","SMTP",,,,,,,,,"Normal",,"Normal"
"Re: Duke Student - BNP S&T Interest","Hi Lyndsey,

Thanks for getting back to me! I appreciate the contacts and will see if I can reach them. Best of luck when you get started there!

Best,
Graham

Get Outlook for iOS <https://aka.ms/o0ukef> 
________________________________

From: Lyndsey Smith <lyndsey.smith@duke.edu>
Sent: Tuesday, January 20, 2026 1:08:41 PM
To: Graham Mills <graham.mills@duke.edu>
Subject: Re: Duke Student - BNP S&T Interest 
 
Hi Graham,

I apologize for the delayed reply, I hope you had a great weekend. That is awesome you are in New York and in close proximity to the banks! As for BNP, I did not network super heavily so unfortunately, I don't have a Duke contact I can relay, but I will attach the campus recruiting email (campusrecruiting@americas.bnpparibas.com). 
When I was interviewing at BNP I spoke with people in HR that may be helpful for you to reach out to and get the proper Duke contact. The main HR person I spoke with was Andrew Bliach (andrew.bliach@us.bnpparibas.com). Feel free to reach out to him and connect. I wish you the best in recruiting and feel free to email me if you have any questions about the process!

Best,
Lyndsey Smith
________________________________

From: Graham Mills <graham.mills@duke.edu>
Sent: Saturday, January 17, 2026 11:20 AM
To: Lyndsey Smith <lyndsey.smith@duke.edu>
Subject: Duke Student - BNP S&T Interest 
 
Hi Lyndsey,
I’m a sophomore at Duke interested in Sales & Trading. I saw that you’ll be joining BNP Paribas as an analyst, congratulations.
I am currently in NYC as part of the Duke in New York program and am trying to take advantage of the proximity to meet with as many people as possible at the firms I’m applying to.
Since you just navigated the process, is there anyone specific you recommend I reach out to to learn more about the team? Also, if you happen to know who is serving as the recruiting lead for the division this year, I would really appreciate that contact as well, so I can direct my outreach to the right place.
Thanks so much for your help,
Graham Mills
https://www.linkedin.com/in/gmills1/


","Graham Mills","/o=ExchangeLabs/ou=Exchange Administrative Group (FYDIBOHF23SPDLT)/cn=Recipients/cn=db3bfe3506794f919ac1e0bca73ab3a9-a02bfddf-ef","EX","Lyndsey Smith","/o=ExchangeLabs/ou=Exchange Administrative Group (FYDIBOHF23SPDLT)/cn=Recipients/cn=014f8cb1ef5c4eb1a5b03860a6595dce-98947712-4d","EX",,,,,,,,,"Normal",,"Normal"
"Duke Student Interested in S&T","Hi Will,

I'm a current Duke sophomore interested in and recruiting for sales and trading. I reached out to an incoming analyst, Ana Wilmer, and she pointed me to you as someone good to talk to.

Do you have any times you're free to talk this week? I'd love to hear from you and your perspective. Also, I'm in New York for the Duke in New York Program so if you would like to meet in person that would be great but I totally understand if not. Just let me know.

Best,
Graham

Get Outlook for iOS <https://aka.ms/o0ukef> 
","Graham Mills","/O=EXCHANGELABS/OU=EXCHANGE ADMINISTRATIVE GROUP (FYDIBOHF23SPDLT)/CN=RECIPIENTS/CN=DB3BFE3506794F919AC1E0BCA73AB3A9-A02BFDDF-EF","EX","willcmccollum@gmail.com","willcmccollum@gmail.com","SMTP",,,,,,,,,"Normal",,"Normal"
"Duke Student in NYC","Hi Sherrick,

I am a Duke student doing the Duke in New York program and am currently in NYC. I'm interested in the Sales and Trading space and saw that you worked at JonesTrading.

I know you are busy, but since I'm in the city, are you available to meet me for a quick coffee outside of your office? If not, I'd love to just chat over the phone instead. Just let me know what works for you.

Best,

Graham Mills

https://www.linkedin.com/in/gmills1/


","Graham Mills","/O=EXCHANGELABS/OU=EXCHANGE ADMINISTRATIVE GROUP (FYDIBOHF23SPDLT)/CN=RECIPIENTS/CN=DB3BFE3506794F919AC1E0BCA73AB3A9-A02BFDDF-EF","EX","sbaffert@jonestrading.com","sbaffert@jonestrading.com","SMTP",,,,,,,,,"Normal",,"Normal"
"Duke Student in NYC","Hi Michael,

I am a Duke student doing the Duke in New York program and am currently in NYC. I'm interested in the trading space and saw you're a trader at Trillium. 

I know you are busy, but since I'm in the city, are you available to meet me for a quick coffee outside of your office? If not, I'd love to just chat over the phone instead. Just let me know what works for you.

Best,

Graham Mills

https://www.linkedin.com/in/gmills1/


","Graham Mills","/O=EXCHANGELABS/OU=EXCHANGE ADMINISTRATIVE GROUP (FYDIBOHF23SPDLT)/CN=RECIPIENTS/CN=DB3BFE3506794F919AC1E0BCA73AB3A9-A02BFDDF-EF","EX","mlund@trlm.com","mlund@trlm.com","SMTP",,,,,,,,,"Normal",,"Normal"
"Duke Student - FX and Rates Interest","Hi Katie,
I am a Duke student currently in NYC for the Duke in New York program. I have a strong interest in the Rates and FX team, and I specifically wanted to connect to hear your perspective on the California office.
I know you are busy, but I would really appreciate 10 minutes of your time for a brief call to learn more about the group.
Best,
Graham Mills
www.linkedin.com/in/gmills1 <http://www.linkedin.com/in/gmills1> 


","Graham Mills","/O=EXCHANGELABS/OU=EXCHANGE ADMINISTRATIVE GROUP (FYDIBOHF23SPDLT)/CN=RECIPIENTS/CN=DB3BFE3506794F919AC1E0BCA73AB3A9-A02BFDDF-EF","EX","katie.garrison@wellsfargo.com","katie.garrison@wellsfargo.com","SMTP",,,,,,,,,"Normal",,"Normal"
"Duke Studet in NYC","Hi Zach,

I am a Duke student doing the Duke in New York program and am currently in NYC. I'm interested in sales and trading and have recently applied for the Global Markets  internships at Mizuho. 

I know you are busy, but since I'm in the city, are you available to meet me for a quick coffee outside of your office? If not, I'd love to just chat over the phone instead. Just let me know what works for you.

Best,

Graham Mills

https://www.linkedin.com/in/gmills1/


","Graham Mills","/O=EXCHANGELABS/OU=EXCHANGE ADMINISTRATIVE GROUP (FYDIBOHF23SPDLT)/CN=RECIPIENTS/CN=DB3BFE3506794F919AC1E0BCA73AB3A9-A02BFDDF-EF","EX","zach.howell@mizuhogroup.com","zach.howell@mizuhogroup.com","SMTP",,,,,,,,,"Normal",,"Normal"
"Re: Duke Student in NYC","Thanks for getting back to me. I’m free all day this Friday (except 2:00–3:00 PM). I can also make 12:30 PM work any day Tuesday through Thursday. If none of those windows work for you, let me know and I’m happy to look at times for next week.
Best,
Graham

________________________________

From: Orme, Andrew <aorme@wolferesearch.com>
Sent: Tuesday, January 20, 2026 8:31 AM
To: Graham Mills <graham.mills@duke.edu>
Subject: RE: Duke Student in NYC 
 

Hey Graham—

 

Happy to do a quick coffee / chat sometime this week or next. Please shoot over some times that work best and we can get something on the cal.

 

Talk Soon.

 

-A

 

 



Andrew Orme 
Senior Associate, Equity Research

Chemicals, Agriculture & Packaging
(646) 582-9368 
AOrme@wolferesearch.com 
<mailto:AOrme@wolferesearch.com> www.wolferesearch.com <https://nam11.safelinks.protection.outlook.com/?url=http%3A%2F%2Fwww.wolferesearch.com%2F&data=05%7C02%7Cgraham.mills%40duke.edu%7Cba8dd00230da441c546308de582876ad%7Ccb72c54e4a314d9eb14a1ea36dfac94c%7C0%7C0%7C639045127984496189%7CUnknown%7CTWFpbGZsb3d8eyJFbXB0eU1hcGkiOnRydWUsIlYiOiIwLjAuMDAwMCIsIlAiOiJXaW4zMiIsIkFOIjoiTWFpbCIsIldUIjoyfQ%3D%3D%7C0%7C%7C%7C&sdata=QXZ5l1bX7H6Im3HhY6W9yA7WMYUYUPpWxwjgC2NESDM%3D&reserved=0> 

 

 

From: Graham Mills <graham.mills@duke.edu> 
Sent: Monday, January 19, 2026 2:00 PM
To: Orme, Andrew <aorme@wolferesearch.com>
Subject: Duke Student in NYC

 

Hi Andrew,

 

I am a Duke student doing the Duke in New York program and am currently in NYC. I'm interested in the S&T and Equity Research space as a whole and saw you worked in the space.

 

I know you are busy, but since I'm in the city, are you available to meet me for a quick coffee outside of your office? If not, I'd love to just chat over the phone instead. Just let me know what works for you.

 

Best,

 

Graham Mills

 

https://www.linkedin.com/in/gmills1/ <https://nam11.safelinks.protection.outlook.com/?url=https%3A%2F%2Fwww.linkedin.com%2Fin%2Fgmills1%2F&data=05%7C02%7Cgraham.mills%40duke.edu%7Cba8dd00230da441c546308de582876ad%7Ccb72c54e4a314d9eb14a1ea36dfac94c%7C0%7C0%7C639045127984520074%7CUnknown%7CTWFpbGZsb3d8eyJFbXB0eU1hcGkiOnRydWUsIlYiOiIwLjAuMDAwMCIsIlAiOiJXaW4zMiIsIkFOIjoiTWFpbCIsIldUIjoyfQ%3D%3D%7C0%7C%7C%7C&sdata=Dq2qXZDN8AOVS4jOyKXLh5TiDzUm3WSkPmD4gEDamDo%3D&reserved=0> 

 

 

For important disclosures regarding companies covered by Wolfe Research, LLC, please see disclosures <https://nam11.safelinks.protection.outlook.com/?url=https%3A%2F%2Fwolferesearch.bluematrix.com%2Fsellside%2FDisclosures.action&data=05%7C02%7Cgraham.mills%40duke.edu%7Cba8dd00230da441c546308de582876ad%7Ccb72c54e4a314d9eb14a1ea36dfac94c%7C0%7C0%7C639045127984536278%7CUnknown%7CTWFpbGZsb3d8eyJFbXB0eU1hcGkiOnRydWUsIlYiOiIwLjAuMDAwMCIsIlAiOiJXaW4zMiIsIkFOIjoiTWFpbCIsIldUIjoyfQ%3D%3D%7C0%7C%7C%7C&sdata=8IB09mzc8J%2FFVdnu8vl4UOQZn6CheikKWWn6vbqlJ2U%3D&reserved=0> . The information contained in this e-mail is intended for the exclusive use of the addressee(s) and may contain confidential or privileged information. Any review, use, disclosure, distribution or copying of this transmittal is prohibited except by or on behalf of the intended recipient. The contents of this e-mail, including any attachments, is to be used solely for informational purposes, and should not be regarded as an offer, or a solicitation of an offer to buy or sell a security, financial instrument or service discussed herein. Opinions in this communication constitute the current judgment of the author as of the date and time of this e-mail and are subject to change without notice. Information herein is believed to be reliable but Wolfe Research, LLC and its affiliates, including but not limited to WR Securities, LLC doing business as Wolfe Research Securities and as Wolfe Capital Markets and Advisory, makes no representation that it is complete or accurate. Recipients are encouraged to seek financial advice from their financial advisor regarding the appropriateness of investing in a security or financial instrument referred to in this e-mail and should understand that statements regarding the future performance of the financial instruments or the securities referenced herein may not be realized. We will not be able to accept orders by email to buy or sell securities, or honor time-sensitive instructions. Subject to applicable law, Wolfe Research and its affiliates reserve the right to intercept, monitor and retain communications transmitted through its systems. 
","Graham Mills","/o=ExchangeLabs/ou=Exchange Administrative Group (FYDIBOHF23SPDLT)/cn=Recipients/cn=db3bfe3506794f919ac1e0bca73ab3a9-a02bfddf-ef","EX","Orme, Andrew","aorme@wolferesearch.com","SMTP",,,,,,,,,"Normal",,"Normal"
"Duke Student in NYC","Hi Andrew,

I am a Duke student doing the Duke in New York program and am currently in NYC. I'm interested in the S&T and Equity Research space as a whole and saw you worked in the space.

I know you are busy, but since I'm in the city, are you available to meet me for a quick coffee outside of your office? If not, I'd love to just chat over the phone instead. Just let me know what works for you.

Best,

Graham Mills

https://www.linkedin.com/in/gmills1/


","Graham Mills","/o=ExchangeLabs/ou=Exchange Administrative Group (FYDIBOHF23SPDLT)/cn=Recipients/cn=db3bfe3506794f919ac1e0bca73ab3a9-a02bfddf-ef","EX","aorme@wolferesearch.com","aorme@wolferesearch.com","SMTP",,,,,,,,,"Normal",,"Normal"
"Duke Student in NYC","Hi Claire,

I am a Duke student doing the Duke in New York program and am currently in NYC. I'm interested in S&T and have recently applied for the Global Markets internship at Nomura. 

I know you are busy, but since I'm in the city, are you available to meet me for a quick coffee outside of your office? If not, I'd love to just chat over the phone instead. Just let me know what works for you.

Best,

Graham Mills

https://www.linkedin.com/in/gmills1/


","Graham Mills","/o=ExchangeLabs/ou=Exchange Administrative Group (FYDIBOHF23SPDLT)/cn=Recipients/cn=db3bfe3506794f919ac1e0bca73ab3a9-a02bfddf-ef","EX","claire.steinglass@nomura.com","claire.steinglass@nomura.com","SMTP",,,,,,,,,"Normal",,"Normal"
"Referral from Ella Evans","Hi Amaya,
I hope you’re doing well.
I recently spoke with Ella Evans (Incoming Analyst), who suggested I reach out to you regarding recruiting for the Fixed Income Division. I am very interested in the work being done in FID and would love to be considered for any upcoming opportunities.
If possible, I would welcome the chance to speak with you or a member of the team to learn more about the group's culture and current needs.
I have attached my resume for your review. Thank you for your time and for any guidance you can provide.
Best regards,
Graham Mills 
704-770-7141

","Graham Mills","/O=EXCHANGELABS/OU=EXCHANGE ADMINISTRATIVE GROUP (FYDIBOHF23SPDLT)/CN=RECIPIENTS/CN=DB3BFE3506794F919AC1E0BCA73AB3A9-A02BFDDF-EF","EX","amaya.castor@morganstanley.com","amaya.castor@morganstanley.com","SMTP",,,,,,,,,"Normal",,"Normal"
"Duke Student in NYC","Hi James,

I am a Duke student doing the Duke in New York program and am currently in NYC. I'm interested in sales and trading and have recently applied for the Fixed Income and Currencies internship at Deutsche. 

I'm sure you are busy, but since I'm in the city, are you available to meet me for a quick coffee outside of your office? If not, I'd love to just chat over the phone instead. Just let me know what works for you.

Best,

Graham Mills

https://www.linkedin.com/in/gmills1/


","Graham Mills","/O=EXCHANGELABS/OU=EXCHANGE ADMINISTRATIVE GROUP (FYDIBOHF23SPDLT)/CN=RECIPIENTS/CN=DB3BFE3506794F919AC1E0BCA73AB3A9-A02BFDDF-EF","EX","james.noetzel@db.com","james.noetzel@db.com","SMTP",,,,,,,,,"Normal",,"Normal"
"Duke Student in NYC","Hi Katie,

I am a Duke student doing the Duke in New York program and am currently in NYC. I'm interested in asset management and have recently applied for the asset management internship at JPMorgan. 

I know you are busy, but since I'm in the city, are you available to meet me for a quick coffee outside of your office? If not, I'd love to just chat over the phone instead. Just let me know what works for you.

Best,

Graham Mills

https://www.linkedin.com/in/gmills1/


","Graham Mills","/o=ExchangeLabs/ou=Exchange Administrative Group (FYDIBOHF23SPDLT)/cn=Recipients/cn=db3bfe3506794f919ac1e0bca73ab3a9-a02bfddf-ef","EX","katie.desimone@jpmorgan.com","katie.desimone@jpmorgan.com","SMTP",,,,,,,,,"Normal",,"Normal"
"Re: Duke Student - S&T Interest","Hi Ella,
Thank you so much for the contact information. I really appreciate the lead!
Best, Graham

________________________________

From: Ella Evans <mary.evans@duke.edu>
Sent: Sunday, January 18, 2026 12:56 PM
To: Graham Mills <graham.mills@duke.edu>
Subject: Re: Duke Student - S&T Interest 
 
Hi Graham, 

Amaya Castor, amaya.castor@morganstanley.com <mailto:amaya.castor@morganstanley.com>  leads recruiting for FID! Best of luck with recruiting.

Thanks,
Ella Evans



	On Jan 16, 2026, at 11:40 PM, Graham Mills <graham.mills@duke.edu> wrote:

	Hi Ella,
	I’m a sophomore at Duke interested in Sales & Trading. I saw that you’ll be joining Morgan Stanley as an analyst, congratulations.
	I am currently in NYC as part of the Duke in New York program and am trying to take advantage of the proximity to meet with as many people as possible at the firms I’m applying to.
	Since you just navigated the process, is there anyone specific you recommend I reach out to to learn more about the team? Also, if you happen to know who is serving as the recruiting lead for the division this year, I would really appreciate that contact as well, so I can direct my outreach to the right place.
	Thanks so much for your help,
	Graham Mills


","Graham Mills","/o=ExchangeLabs/ou=Exchange Administrative Group (FYDIBOHF23SPDLT)/cn=Recipients/cn=db3bfe3506794f919ac1e0bca73ab3a9-a02bfddf-ef","EX","Ella Evans","/o=ExchangeLabs/ou=Exchange Administrative Group (FYDIBOHF23SPDLT)/cn=Recipients/cn=0fbd1b10539f4f3289c6ebf8e7965460-Mary Evans","EX",,,,,,,,,"Normal",,"Normal"
"Re: Duke Student - S&T Interest","Hi Ana,

Thanks for getting back to me! I'd love to hear from anyone in the prime finance group, but any other contacts you might have would be extremely helpful as well. I'm recruiting pretty broadly for S&T, as I'm unsure of what group is the best fit for me, so I'd appreciate being able to here from anyone who might be helpful.

Best,
Graham
________________________________

From: Ana Wilmer <ana.wilmer@duke.edu>
Sent: Sunday, January 18, 2026 10:44 AM
To: Graham Mills <graham.mills@duke.edu>
Subject: Re: Duke Student - S&T Interest 
 
Hi Graham, 

Hope you are well! Are you referring specifically to the prime finance group I start with in the fall or in general some analysts and others etc on S&T teams that might be helpful to speak to ? As for those serving as the recruiting lead im not sure if that’s changed in the 2 years since I applied but can maybe send some other names just let me know! Thanks again!

Best,
Ana Wilmer 

Get Outlook for iOS <https://aka.ms/o0ukef> 
________________________________

From: Graham Mills <graham.mills@duke.edu>
Sent: Saturday, January 17, 2026 9:30:00 AM
To: Ana Wilmer <ana.wilmer@duke.edu>
Subject: Duke Student - S&T Interest 
 
Hi Ana,
I’m a sophomore at Duke interested in Sales & Trading. I saw that you’ll be joining Bank of America as an analyst, congratulations.
I am currently in NYC as part of the Duke in New York program and am trying to take advantage of the proximity to meet with as many people as possible at the firms I’m applying to.
Since you just navigated the process, is there anyone specific you recommend I reach out to to learn more about the team? Also, if you happen to know who is serving as the recruiting lead for the division this year, I would really appreciate that contact as well, so I can direct my outreach to the right place.
Thanks so much for your help,
Graham Mills


","Graham Mills","/o=ExchangeLabs/ou=Exchange Administrative Group (FYDIBOHF23SPDLT)/cn=Recipients/cn=db3bfe3506794f919ac1e0bca73ab3a9-a02bfddf-ef","EX","Ana Wilmer","/o=ExchangeLabs/ou=Exchange Administrative Group (FYDIBOHF23SPDLT)/cn=Recipients/cn=a95b482e45e144e299116851bae2ec66-Ana Wilmer","EX",,,,,,,,,"Normal",,"Normal"
"Re: Duke Student - S&T Interest","Hey Isaiah,
Thanks for getting back to me!
I'm interested in JPMC S&T as a whole, so I would be happy to speak with anyone you have contacts with in the Markets division. If you happen to know someone in the Private Credit Financing specifically, that would be a bonus, but I'm open to anything.
Thanks again,
Graham

________________________________

From: Isaiah Boyles <isaiah.boyles@duke.edu>
Sent: Saturday, January 17, 2026 12:36 PM
To: Graham Mills <graham.mills@duke.edu>
Subject: Re: Duke Student - S&T Interest 
 
Hey Graham thanks for reaching out — hope New York has been treating you well. Are you looking for someone to speak to within Private Credit Financing in particular or JPMC S&T as a whole? 

I have a few contacts within the Markets division that I could send your way, let me know what in particular you're looking for.

Best,
Isaiah
________________________________

From: Graham Mills <graham.mills@duke.edu>
Sent: Friday, January 16, 2026 11:31 PM
To: Isaiah Boyles <isaiah.boyles@duke.edu>
Subject: Duke Student - S&T Interest 
 
Hi Isaiah,
I’m a sophomore at Duke interested in Sales & Trading. I saw that you’ll be joining JPMorgan as an analyst, congratulations.
I am currently in NYC as part of the Duke in New York program and am trying to take advantage of the proximity to meet with as many people as possible at the firms I’m applying to.
Since you just navigated the process, is there anyone specific you recommend I reach out to to learn more about the team? Also, if you happen to know who is serving as the recruiting lead for the division this year, I would really appreciate that contact as well, so I can direct my outreach to the right place.
Thanks so much for your help,
Graham Mills


","Graham Mills","/o=ExchangeLabs/ou=Exchange Administrative Group (FYDIBOHF23SPDLT)/cn=Recipients/cn=db3bfe3506794f919ac1e0bca73ab3a9-a02bfddf-ef","EX","Isaiah Boyles","/o=ExchangeLabs/ou=Exchange Administrative Group (FYDIBOHF23SPDLT)/cn=Recipients/cn=09b7df3c9f454147bf767d5ddba834b5-Isaiah Boyl","EX",,,,,,,,,"Normal",,"Normal"
"Duke Student - S&T Interest","Hi Mia,
I’m a sophomore at Duke interested in Sales & Trading. I saw that you’ll be joining Deutsche as an analyst, congratulations.
I am currently in NYC as part of the Duke in New York program and am trying to take advantage of the proximity to meet with as many people as possible at the firms I’m applying to.
Since you just navigated the process, is there anyone specific you recommend I reach out to to learn more about the team? Also, if you happen to know who is serving as the recruiting lead for the division this year, I would really appreciate that contact as well, so I can direct my outreach to the right place.
Thanks so much for your help,
Graham Mills
https://www.linkedin.com/in/gmills1/


","Graham Mills","/O=EXCHANGELABS/OU=EXCHANGE ADMINISTRATIVE GROUP (FYDIBOHF23SPDLT)/CN=RECIPIENTS/CN=DB3BFE3506794F919AC1E0BCA73AB3A9-A02BFDDF-EF","EX","Mia Khamish","/o=ExchangeLabs/ou=Exchange Administrative Group (FYDIBOHF23SPDLT)/cn=Recipients/cn=5c32bcf45355497b91741d8a3ce8eb4a-Mia Khamish","EX",,,,,,,,,"Normal",,"Normal"
"Duke Student - S&T Interest","Hi Jane,
I’m a sophomore at Duke interested in Sales & Trading. I saw that you’ll be joining Deutsche for your internship this summer, congratulations.
I am currently in NYC as part of the Duke in New York program and am trying to take advantage of the proximity to meet with as many people as possible at the firms I’m applying to.
Since you just navigated the process, is there anyone specific you recommend I reach out to to learn more about the team? Also, if you happen to know who is serving as the recruiting lead for the division this year, I would really appreciate that contact as well, so I can direct my outreach to the right place.
Thanks so much for your help,
Graham Mills
https://www.linkedin.com/in/gmills1/


","Graham Mills","/O=EXCHANGELABS/OU=EXCHANGE ADMINISTRATIVE GROUP (FYDIBOHF23SPDLT)/CN=RECIPIENTS/CN=DB3BFE3506794F919AC1E0BCA73AB3A9-A02BFDDF-EF","EX","Jane Neavin","/o=ExchangeLabs/ou=Exchange Administrative Group (FYDIBOHF23SPDLT)/cn=Recipients/cn=f10dadd3e2bd42528c3577fcf62ce876-2469acdb-d1","EX",,,,,,,,,"Normal",,"Normal"
"Duke Student - BNP S&T Interest","Hi Lyndsey,
I’m a sophomore at Duke interested in Sales & Trading. I saw that you’ll be joining BNP Paribas as an analyst, congratulations.
I am currently in NYC as part of the Duke in New York program and am trying to take advantage of the proximity to meet with as many people as possible at the firms I’m applying to.
Since you just navigated the process, is there anyone specific you recommend I reach out to to learn more about the team? Also, if you happen to know who is serving as the recruiting lead for the division this year, I would really appreciate that contact as well, so I can direct my outreach to the right place.
Thanks so much for your help,
Graham Mills
https://www.linkedin.com/in/gmills1/


","Graham Mills","/O=EXCHANGELABS/OU=EXCHANGE ADMINISTRATIVE GROUP (FYDIBOHF23SPDLT)/CN=RECIPIENTS/CN=DB3BFE3506794F919AC1E0BCA73AB3A9-A02BFDDF-EF","EX","Lyndsey Smith","/o=ExchangeLabs/ou=Exchange Administrative Group (FYDIBOHF23SPDLT)/cn=Recipients/cn=014f8cb1ef5c4eb1a5b03860a6595dce-98947712-4d","EX",,,,,,,,,"Normal",,"Normal"
"WHat up","Hi Kristen,

I am a Duke student interested in S&T doing the Duke in New York program and am currently in NYC. 

Since I'm in the city, are you available to meet me for a quick coffee outside of your office or talk over the phone?

Best,

Graham Mills


","Graham Mills","/O=EXCHANGELABS/OU=EXCHANGE ADMINISTRATIVE GROUP (FYDIBOHF23SPDLT)/CN=RECIPIENTS/CN=DB3BFE3506794F919AC1E0BCA73AB3A9-A02BFDDF-EF","EX","grahammillspb@gmail.com","grahammillspb@gmail.com","SMTP",,,,,,,,,"Normal",,"Normal"
"Duke Sophomore - S&T Interest","Hi Mihcael,
I’m a sophomore at Duke interested in Sales & Trading. I saw that you’ll be joining Wells Fargo as an analyst, congratulations.
I am currently in NYC as part of the Duke in New York program and am trying to take advantage of the proximity to meet with as many people as possible at the firms I’m applying to.
Since you just navigated the process, is there anyone specific you recommend I reach out to to learn more about the team? Also, if you happen to know who is serving as the recruiting lead for the division this year, I would really appreciate that contact as well, so I can direct my outreach to the right place.
Thanks so much for your help,
Graham Mills
https://www.linkedin.com/in/gmills1/


","Graham Mills","/O=EXCHANGELABS/OU=EXCHANGE ADMINISTRATIVE GROUP (FYDIBOHF23SPDLT)/CN=RECIPIENTS/CN=DB3BFE3506794F919AC1E0BCA73AB3A9-A02BFDDF-EF","EX","Michael Zhou","/o=ExchangeLabs/ou=Exchange Administrative Group (FYDIBOHF23SPDLT)/cn=Recipients/cn=67e23cc99a8049fb8046ba570dafd9c0-9cd76654-81","EX",,,,,,,,,"Normal",,"Normal"
"Duke Student - S&T Interest","Hi Srah,
I’m a sophomore at Duke interested in Sales & Trading. I saw that you’ll be joining Bank of America as an analyst, congratulations.
I am currently in NYC as part of the Duke in New York program and am trying to take advantage of the proximity to meet with as many people as possible at the firms I’m applying to.
Since you just navigated the process, is there anyone specific you recommend I reach out to to learn more about the team? Also, if you happen to know who is serving as the recruiting lead for the division this year, I would really appreciate that contact as well, so I can direct my outreach to the right place.
Thanks so much for your help,
Graham Mills


","Graham Mills","/O=EXCHANGELABS/OU=EXCHANGE ADMINISTRATIVE GROUP (FYDIBOHF23SPDLT)/CN=RECIPIENTS/CN=DB3BFE3506794F919AC1E0BCA73AB3A9-A02BFDDF-EF","EX","Sarah Chawla","/o=ExchangeLabs/ou=Exchange Administrative Group (FYDIBOHF23SPDLT)/cn=Recipients/cn=95463f215b894324afb475193a97f50b-Sarah Chawl","EX",,,,,,,,,"Normal",,"Normal"
"Duke Student - S&T Interest","Hi Henry,
I’m a sophomore at Duke interested in Sales & Trading. I saw that you’ll be joining Nomura as an analyst, congratulations.
I am currently in NYC as part of the Duke in New York program and am trying to take advantage of the proximity to meet with as many people as possible at the firms I’m applying to.
Since you just navigated the process, is there anyone specific you recommend I reach out to to learn more about the team? Also, if you happen to know who is serving as the recruiting lead for the division this year, I would really appreciate that contact as well, so I can direct my outreach to the right place.
Thanks so much for your help,
Graham Mills


","Graham Mills","/O=EXCHANGELABS/OU=EXCHANGE ADMINISTRATIVE GROUP (FYDIBOHF23SPDLT)/CN=RECIPIENTS/CN=DB3BFE3506794F919AC1E0BCA73AB3A9-A02BFDDF-EF","EX","Henry Collins","/o=ExchangeLabs/ou=Exchange Administrative Group (FYDIBOHF23SPDLT)/cn=Recipients/cn=c5b4829826cf4b3089c8aa935224571a-Henry Colli","EX",,,,,,,,,"Normal",,"Normal"
"Duke Student - S&T Interest","Hi Ana,
I’m a sophomore at Duke interested in Sales & Trading. I saw that you’ll be joining Bank of America as an analyst, congratulations.
I am currently in NYC as part of the Duke in New York program and am trying to take advantage of the proximity to meet with as many people as possible at the firms I’m applying to.
Since you just navigated the process, is there anyone specific you recommend I reach out to to learn more about the team? Also, if you happen to know who is serving as the recruiting lead for the division this year, I would really appreciate that contact as well, so I can direct my outreach to the right place.
Thanks so much for your help,
Graham Mills


","Graham Mills","/O=EXCHANGELABS/OU=EXCHANGE ADMINISTRATIVE GROUP (FYDIBOHF23SPDLT)/CN=RECIPIENTS/CN=DB3BFE3506794F919AC1E0BCA73AB3A9-A02BFDDF-EF","EX","Ana Wilmer","/o=ExchangeLabs/ou=Exchange Administrative Group (FYDIBOHF23SPDLT)/cn=Recipients/cn=a95b482e45e144e299116851bae2ec66-Ana Wilmer","EX",,,,,,,,,"Normal",,"Normal"
"Duke Student - S&T Interest","Hi Ella,
I’m a sophomore at Duke interested in Sales & Trading. I saw that you’ll be joining Morgan Stanley as an analyst, congratulations.
I am currently in NYC as part of the Duke in New York program and am trying to take advantage of the proximity to meet with as many people as possible at the firms I’m applying to.
Since you just navigated the process, is there anyone specific you recommend I reach out to to learn more about the team? Also, if you happen to know who is serving as the recruiting lead for the division this year, I would really appreciate that contact as well, so I can direct my outreach to the right place.
Thanks so much for your help,
Graham Mills


","Graham Mills","/O=EXCHANGELABS/OU=EXCHANGE ADMINISTRATIVE GROUP (FYDIBOHF23SPDLT)/CN=RECIPIENTS/CN=DB3BFE3506794F919AC1E0BCA73AB3A9-A02BFDDF-EF","EX","Ella Evans","/o=ExchangeLabs/ou=Exchange Administrative Group (FYDIBOHF23SPDLT)/cn=Recipients/cn=0fbd1b10539f4f3289c6ebf8e7965460-Mary Evans","EX",,,,,,,,,"Normal",,"Normal"
"Duke Student - S&T Interest","Hi Isaiah,
I’m a sophomore at Duke interested in Sales & Trading. I saw that you’ll be joining JPMorgan as an analyst, congratulations.
I am currently in NYC as part of the Duke in New York program and am trying to take advantage of the proximity to meet with as many people as possible at the firms I’m applying to.
Since you just navigated the process, is there anyone specific you recommend I reach out to to learn more about the team? Also, if you happen to know who is serving as the recruiting lead for the division this year, I would really appreciate that contact as well, so I can direct my outreach to the right place.
Thanks so much for your help,
Graham Mills


","Graham Mills","/O=EXCHANGELABS/OU=EXCHANGE ADMINISTRATIVE GROUP (FYDIBOHF23SPDLT)/CN=RECIPIENTS/CN=DB3BFE3506794F919AC1E0BCA73AB3A9-A02BFDDF-EF","EX","Isaiah Boyles","/o=ExchangeLabs/ou=Exchange Administrative Group (FYDIBOHF23SPDLT)/cn=Recipients/cn=09b7df3c9f454147bf767d5ddba834b5-Isaiah Boyl","EX",,,,,,,,,"Normal",,"Normal"
"Duke Student - AM Interest","Hi Naman,
I’m a sophomore at Duke interested in asset management. I saw that you’ll be joining JPM as an analyst, congratulations.
I am currently in NYC as part of the Duke in New York program and am trying to take advantage of the proximity to meet with as many people as possible at the firms I’m applying to.
Since you just navigated the process, is there anyone specific you recommend I reach out to to learn more about the team? Also, if you happen to know who is serving as the recruiting lead for the division this year, I would really appreciate that contact as well, so I can direct my outreach to the right place.
Thanks so much for your help,
Graham Mills


","Graham Mills","/O=EXCHANGELABS/OU=EXCHANGE ADMINISTRATIVE GROUP (FYDIBOHF23SPDLT)/CN=RECIPIENTS/CN=DB3BFE3506794F919AC1E0BCA73AB3A9-A02BFDDF-EF","EX","Naman Kulkarni","/o=ExchangeLabs/ou=Exchange Administrative Group (FYDIBOHF23SPDLT)/cn=Recipients/cn=91f77a0caceb43ca87ebcfa21da816ae-Naman Kulka","EX",,,,,,,,,"Normal",,"Normal"
"Duke Student in NYC","Hi Catalina,

I am a Duke student doing the Duke in New York program and am currently in NYC. I'm interested in markets and have recently applied for the Sales and Trading internship at Bank of America. 

Since I'm in the city, are you available to meet me for a quick coffee outside of your office? If not, I'd love to just chat over the phone instead. Just let me know what works for you.

Best,

Graham Mills

https://www.linkedin.com/in/gmills1/

","Graham Mills","/O=EXCHANGELABS/OU=EXCHANGE ADMINISTRATIVE GROUP (FYDIBOHF23SPDLT)/CN=RECIPIENTS/CN=DB3BFE3506794F919AC1E0BCA73AB3A9-A02BFDDF-EF","EX","catalina.sanchez-carrion@bofa.com","catalina.sanchez-carrion@bofa.com","SMTP",,,,,,,,,"Normal",,"Normal"
"Duke Student in NYC","Hi Andrew,

I am a Duke student doing the Duke in New York program and am currently in NYC. I'm interested in S&T and have recently applied for the fixed income group at Morgan Stanley. 

Since I'm in the city, are you available to meet me for a quick coffee outside of your office? If not, I'd love to just chat over the phone instead. Just let me know what works for you.

Best,

Graham Mills

https://www.linkedin.com/in/gmills1/

","Graham Mills","/O=EXCHANGELABS/OU=EXCHANGE ADMINISTRATIVE GROUP (FYDIBOHF23SPDLT)/CN=RECIPIENTS/CN=DB3BFE3506794F919AC1E0BCA73AB3A9-A02BFDDF-EF","EX","andrew.casturo-burnette@morganstanley.com","andrew.casturo-burnette@morganstanley.com","SMTP",,,,,,,,,"Normal",,"Normal"
"Duke Student in NYC","Hi Katherine,

I am a Duke student doing the Duke in New York program and am currently in NYC. I'm interested in S&T and have recently applied for the markets internship at Wells Fargo. 

Since I'm in the city, are you available to meet me for a quick coffee outside of your office? If not, I'd love to just chat over the phone instead. Just let me know what works for you.

Best,

Graham Mills

https://www.linkedin.com/in/gmills1/

","Graham Mills","/O=EXCHANGELABS/OU=EXCHANGE ADMINISTRATIVE GROUP (FYDIBOHF23SPDLT)/CN=RECIPIENTS/CN=DB3BFE3506794F919AC1E0BCA73AB3A9-A02BFDDF-EF","EX","katherine.vieser@wellsfargo.com","katherine.vieser@wellsfargo.com","SMTP",,,,,,,,,"Normal",,"Normal"
"Recruiting Advice - Duke Student","Hi Coleman,

I'm a current Duke student doing the Duke in New York Program, so I'm based in NYC right now. I'm interested in doing markets at Wells and was curious, do you have any tips on how I should approach networking with them, or is there anyone you found particularly helpful in the process that you talked to?

Just let me know. Any advice is appreciated. Thanks.

Best,
Graham Mills
https://www.linkedin.com/in/gmills1/

","Graham Mills","/O=EXCHANGELABS/OU=EXCHANGE ADMINISTRATIVE GROUP (FYDIBOHF23SPDLT)/CN=RECIPIENTS/CN=DB3BFE3506794F919AC1E0BCA73AB3A9-A02BFDDF-EF","EX","Coleman Whitehead","/o=ExchangeLabs/ou=Exchange Administrative Group (FYDIBOHF23SPDLT)/cn=Recipients/cn=e9723f2198a4407d950059ccde6eb9f2-Coleman Whi","EX",,,,,,,,,"Normal",,"Normal"
"Recruiting Advice","Hi Riley,

I'm a current Duke student doing the Duke in New York Program, so I'm based in NYC right now. I'm interested in doing markets at Wells and was curious, do you have any tips on how I should approach networking with them, or is there anyone you found particularly helpful in the process that you talked to?

Just let me know. Any advice is appreciated. Thanks.

Best,
Graham Mills
https://www.linkedin.com/in/gmills1/

 
","Graham Mills","/O=EXCHANGELABS/OU=EXCHANGE ADMINISTRATIVE GROUP (FYDIBOHF23SPDLT)/CN=RECIPIENTS/CN=DB3BFE3506794F919AC1E0BCA73AB3A9-A02BFDDF-EF","EX","Riley Cusick","/o=ExchangeLabs/ou=Exchange Administrative Group (FYDIBOHF23SPDLT)/cn=Recipients/cn=f47933accbbe4a6d96d6ae6c8a40b40b-38caca5e-98","EX",,,,,,,,,"Normal",,"Normal"
"Duke Student in NYC","Hi Kay,

I am a Duke student doing the Duke in New York program. I'm interested in the sales side of trading and have recently applied for the markets internship at Wells Fargo. 

Since I'm in the city, are you available to meet me for a quick coffee outside of your office? If not, I'd love to just chat over the phone instead. Just let me know what works for you.

Best,
Graham
","Graham Mills","/O=EXCHANGELABS/OU=EXCHANGE ADMINISTRATIVE GROUP (FYDIBOHF23SPDLT)/CN=RECIPIENTS/CN=DB3BFE3506794F919AC1E0BCA73AB3A9-A02BFDDF-EF","EX","catherine.conway@wellsfargo.com","catherine.conway@wellsfargo.com","SMTP",,,,,,,,,"Normal",,"Normal"
"Re: Duke in New York Student","Hi Will,

I’m sitting right by the window when you come in.

Get Outlook for iOS <https://aka.ms/o0ukef> 
________________________________

From: Will Boeckman <willboeckman@gmail.com>
Sent: Thursday, January 15, 2026 11:16:57 AM
To: Graham Mills <graham.mills@duke.edu>
Subject: Re: Duke in New York Student 
 
Joe and the Juice at 430 park ave is perfect. See you then!

On Thu, Jan 15, 2026 at 10:37 AM Graham Mills <graham.mills@duke.edu <mailto:graham.mills@duke.edu> > wrote:


	2 PM is perfect. Do you have any recommendations on a spot?
________________________________

	From: Will Boeckman <willboeckman@gmail.com <mailto:willboeckman@gmail.com> >
	Sent: Thursday, January 15, 2026 6:50 AM
	To: Graham Mills <graham.mills@duke.edu <mailto:graham.mills@duke.edu> >
	Subject: Re: Duke in New York Student 
	 
	Hi Graham, 

	Thanks for reaching out. Happy to meet tomorrow afternoon for a coffee near my office at 425 Park ave. I am open in the 2-3:30pm range. 

	Hopefully that time works for you. 

	Best,
	Will

	On Tue, Jan 13, 2026 at 10:26 AM Graham Mills <graham.mills@duke.edu <mailto:graham.mills@duke.edu> > wrote:
	

		Hi Will,
		I am a Duke student in the Duke in New York Program and was excited to see you on the mentors list. I’m pursuing S&T and would love to hear more about what you do.
		Is there a good time for you over the next week or so to grab coffee? I’m sure you’re busy, so if not, a phone call would be great as well.
		Best,
		Graham Mills
		Ghm21@duke.edu <mailto:Ghm21@duke.edu> 
		704-770-7141
		https://www.linkedin.com/in/gmills1/ <https://nam11.safelinks.protection.outlook.com/?url=https%3A%2F%2Fwww.linkedin.com%2Fin%2Fgmills1%2F&data=05%7C02%7Cgraham.mills%40duke.edu%7Cf795b26148f94a25d26908de54518870%7Ccb72c54e4a314d9eb14a1ea36dfac94c%7C0%7C0%7C639040906344957697%7CUnknown%7CTWFpbGZsb3d8eyJFbXB0eU1hcGkiOnRydWUsIlYiOiIwLjAuMDAwMCIsIlAiOiJXaW4zMiIsIkFOIjoiTWFpbCIsIldUIjoyfQ%3D%3D%7C0%7C%7C%7C&sdata=LZFQ3y5sNPt7u7jXWf7jqqD4gU%2FxBS4qUf06iS7993g%3D&reserved=0> 


","Graham Mills","/o=ExchangeLabs/ou=Exchange Administrative Group (FYDIBOHF23SPDLT)/cn=Recipients/cn=db3bfe3506794f919ac1e0bca73ab3a9-a02bfddf-ef","EX","Will Boeckman","willboeckman@gmail.com","SMTP",,,,,,,,,"Normal",,"Normal"
"Duke Student - Following Up","Hi Blessing!

This is Graham, not sure if you remember me, but I am one of the Duke students you spoke with on our visit on Wednesday. I'm reaching back out because I had a great time talking to some members of the markets team and was curious about how I can get in contact with some more people on those teams.

Do you have the contacts for anybody who might be useful for me to speak to, or know the best way to reach out?

Thanks again,

Graham
","Graham Mills","/O=EXCHANGELABS/OU=EXCHANGE ADMINISTRATIVE GROUP (FYDIBOHF23SPDLT)/CN=RECIPIENTS/CN=DB3BFE3506794F919AC1E0BCA73AB3A9-A02BFDDF-EF","EX","blessing.utomi@city.com","blessing.utomi@city.com","SMTP",,,,,,,,,"Normal",,"Normal"
"Re: Updated Resume","And that one didn't have an updated GPA. Sorry again.
________________________________

From: Graham Mills <graham.mills@duke.edu>
Sent: Thursday, January 15, 2026 7:47 PM
To: Tamara Burns <tamara.burns@duke.edu>
Subject: Re: Updated Resume 
 
That's actually the wrong resume. My bad. Here is the correct updated one.
________________________________

From: Graham Mills
Sent: Thursday, January 15, 2026 7:36 PM
To: Tamara Burns <tamara.burns@duke.edu>
Subject: Updated Resume 
 
Hi Tamara,

I am one of the students in the Duke in New York Program. For future bank visits, please use this updated resume. Thanks.

Best,
Graham
","Graham Mills","/o=ExchangeLabs/ou=Exchange Administrative Group (FYDIBOHF23SPDLT)/cn=Recipients/cn=db3bfe3506794f919ac1e0bca73ab3a9-a02bfddf-ef","EX","Tamara Burns","/o=ExchangeLabs/ou=Exchange Administrative Group (FYDIBOHF23SPDLT)/cn=Recipients/cn=e9828bb5a83b4a7d9adbb2546cb52508-Tamara Burn","EX",,,,,,,,,"Normal",,"Normal"
"Duke in New York Student - Following Up","Hi Emma,

This is Graham, we spoke the other day at the Duke student event. I enjoyed speaking with you then and wanted to know, is there anyone else on your team you think would be helpful for me to speak to on the S&T team during my time in NYC? I'd love to get to know the team a bit better and explore the different groups at Citi.

Just let me know, and thanks again for speaking with me at the event.

Best,
Graham
","Graham Mills","/O=EXCHANGELABS/OU=EXCHANGE ADMINISTRATIVE GROUP (FYDIBOHF23SPDLT)/CN=RECIPIENTS/CN=DB3BFE3506794F919AC1E0BCA73AB3A9-A02BFDDF-EF","EX","emma.brennan@citigroup.com","emma.brennan@citigroup.com","SMTP",,,,,,,,,"Normal",,"Normal"
"Re: Updated Resume","That's actually the wrong resume. My bad. Here is the correct updated one.
________________________________

From: Graham Mills
Sent: Thursday, January 15, 2026 7:36 PM
To: Tamara Burns <tamara.burns@duke.edu>
Subject: Updated Resume 
 
Hi Tamara,

I am one of the students in the Duke in New York Program. For future bank visits, please use this updated resume. Thanks.

Best,
Graham
","Graham Mills","/o=ExchangeLabs/ou=Exchange Administrative Group (FYDIBOHF23SPDLT)/cn=Recipients/cn=db3bfe3506794f919ac1e0bca73ab3a9-a02bfddf-ef","EX","Tamara Burns","/o=ExchangeLabs/ou=Exchange Administrative Group (FYDIBOHF23SPDLT)/cn=Recipients/cn=e9828bb5a83b4a7d9adbb2546cb52508-Tamara Burn","EX",,,,,,,,,"Normal",,"Normal"
"Updated Resume","Hi Tamara,

I am one of the students in the Duke in New York Program. For future bank visits, please use this updated resume. Thanks.

Best,
Graham
","Graham Mills","/O=EXCHANGELABS/OU=EXCHANGE ADMINISTRATIVE GROUP (FYDIBOHF23SPDLT)/CN=RECIPIENTS/CN=DB3BFE3506794F919AC1E0BCA73AB3A9-A02BFDDF-EF","EX","Tamara Burns","/o=ExchangeLabs/ou=Exchange Administrative Group (FYDIBOHF23SPDLT)/cn=Recipients/cn=e9828bb5a83b4a7d9adbb2546cb52508-Tamara Burn","EX",,,,,,,,,"Normal",,"Normal"
"Re: Duke in New York Student","Let's plan to meet at Gregory's Coffee down the street. See you then!

https://maps.app.goo.gl/9ZaPa4eJHnFJM8NH9
________________________________

From: Jacob Ronkin <ronkinjacob@gmail.com>
Sent: Thursday, January 15, 2026 1:14 PM
To: Graham Mills <graham.mills@duke.edu>
Subject: Re: Duke in New York Student 
 
2PM would be great. My office is on 52nd and Park, so anywhere around there works for me. Thanks so much!


	On Jan 15, 2026, at 10:34 AM, Graham Mills <graham.mills@duke.edu> wrote:
	
	

	﻿ 
	Thanks for getting back to me. Sometime next Friday will be perfect. Just let me know anytime, as I'm completely open that day. 

	See you then.

	Graham
________________________________

	From: Jacob Ronkin <ronkinjacob@gmail.com>
	Sent: Thursday, January 15, 2026 7:49 AM
	To: Graham Mills <graham.mills@duke.edu>
	Subject: Re: Duke in New York Student 
	 
	Hi Graham, 

	It is nice to meet you. I was actually a part of the Duke in New York program as well back in 2018. I’d be happy to meet and speak more about my role. While the end of this week / start of next week are fairly hectic, my schedule opens up next Wednesday or Friday. Let me know when is best for you. Thanks so much!

	Best,
	Jacob
	


		On Jan 13, 2026, at 10:29 AM, Graham Mills <graham.mills@duke.edu> wrote:

		Hi Jacob,
		I am a Duke student in the Duke in New York Program and was excited to see you on the list of mentors. I’m interested in the trading space as a whole and saw your role in data management. I don't know too much about data management, but it sounds interesting and would love to learn more about it.
		Is there a good time for you over the next week or so to grab coffee and chat? I’m sure you’re busy, so if not, a phone call would be great as well.
		Best,
		Graham Mills
		Ghm21@duke.edu <mailto:Ghm21@duke.edu> 
		704-770-7141
		https://www.linkedin.com/in/gmills1/ <https://nam11.safelinks.protection.outlook.com/?url=https%3A%2F%2Fwww.linkedin.com%2Fin%2Fgmills1%2F&data=05%7C02%7Cgraham.mills%40duke.edu%7C6f2b1a958ca7404db37c08de5461efc2%7Ccb72c54e4a314d9eb14a1ea36dfac94c%7C0%7C0%7C639040976791421486%7CUnknown%7CTWFpbGZsb3d8eyJFbXB0eU1hcGkiOnRydWUsIlYiOiIwLjAuMDAwMCIsIlAiOiJXaW4zMiIsIkFOIjoiTWFpbCIsIldUIjoyfQ%3D%3D%7C0%7C%7C%7C&sdata=KAIazx1ut34NH%2B315vPAayy7yDdDob%2F0vEHqOTWJyXk%3D&reserved=0> 


","Graham Mills","/o=ExchangeLabs/ou=Exchange Administrative Group (FYDIBOHF23SPDLT)/cn=Recipients/cn=db3bfe3506794f919ac1e0bca73ab3a9-a02bfddf-ef","EX","Jacob Ronkin","ronkinjacob@gmail.com","SMTP",,,,,,,,,"Normal",,"Normal"
"Student in NYC - Interested in HF Solutions","Hi Michael,

I am a Duke Student and am in the city as a part of the Duke in New York Program. I had never heard of a Hedge Fund Solutions team until recently, but after some research, it sounds like something that aligns with my interests. I want to learn more about it, and since I'm in the city, was wondering if you're able to meet me by the office for coffee and to chat about your role?

If not, I'd love to chat over the phone instead. Just let me know what works for you.

Best,
Graham

","Graham Mills","/O=EXCHANGELABS/OU=EXCHANGE ADMINISTRATIVE GROUP (FYDIBOHF23SPDLT)/CN=RECIPIENTS/CN=DB3BFE3506794F919AC1E0BCA73AB3A9-A02BFDDF-EF","EX","michael.grae@morganstanley.com","michael.grae@morganstanley.com","SMTP",,,,,,,,,"Normal",,"Normal"
"Student in NYC - Interested in HF Solutions","Hi Abby,
 
I am a Duke Student and am in the city as a part of the Duke in New York Program. I had never heard of a Hedge Fund Solutions team until recently, but after some research, it sounds like something that aligns with my interests. I want to learn more about it, and since I'm in the city, was wondering if you're able to meet me by the office for coffee and to chat about your role?

If not, I'd love to chat over the phone instead. Just let me know what works for you.

Best,
Graham
","Graham Mills","/O=EXCHANGELABS/OU=EXCHANGE ADMINISTRATIVE GROUP (FYDIBOHF23SPDLT)/CN=RECIPIENTS/CN=DB3BFE3506794F919AC1E0BCA73AB3A9-A02BFDDF-EF","EX","abby.draeger@morganstanley.com","abby.draeger@morganstanley.com","SMTP",,,,,,,,,"Normal",,"Normal"
"Duke Student in NYC","Hi Gregory,

I am a Duke student doing the Duke in New York program and am very interested in the options trading space. Since I am in the city, are you able to meet me for coffee and chat about your role? If not, I'd love to talk over the phone instead.

Just let me know what works for you.

Best,
Graham

","Graham Mills","/O=EXCHANGELABS/OU=EXCHANGE ADMINISTRATIVE GROUP (FYDIBOHF23SPDLT)/CN=RECIPIENTS/CN=DB3BFE3506794F919AC1E0BCA73AB3A9-A02BFDDF-EF","EX","gregory.orme@bofa.com","gregory.orme@bofa.com","SMTP",,,,,,,,,"Normal",,"Normal"
"Duke Student in NYC","Hi Lucas,

I am a Duke student doing the Duke in New York program. Since I am in the city, can you meet me for coffee and talk a bit about what you do?  If not, I'd love to talk over the phone instead.

Just let me know.

Best,
Graham
","Graham Mills","/O=EXCHANGELABS/OU=EXCHANGE ADMINISTRATIVE GROUP (FYDIBOHF23SPDLT)/CN=RECIPIENTS/CN=DB3BFE3506794F919AC1E0BCA73AB3A9-A02BFDDF-EF","EX","lucas.gibb@bofa.com","lucas.gibb@bofa.com","SMTP",,,,,,,,,"Normal",,"Normal"
"Duke Student in NY","Hi Will,

Not sure if you remember me, but we spoke about a year ago when I first came to Duke and was exploring career paths. I'm doing the Duke in New York program now and am in the city, and wanted to know if you have time to grab coffee and catch up? I'm happy to meet wherever, so just let me know.

Best,

Graham


","Graham Mills","/O=EXCHANGELABS/OU=EXCHANGE ADMINISTRATIVE GROUP (FYDIBOHF23SPDLT)/CN=RECIPIENTS/CN=DB3BFE3506794F919AC1E0BCA73AB3A9-A02BFDDF-EF","EX","william.reinke@bofa.com","william.reinke@bofa.com","SMTP",,,,,,,,,"Normal",,"Normal"
"Re: Duke in New York Student","2 PM is perfect. Do you have any recommendations on a spot?
________________________________

From: Will Boeckman <willboeckman@gmail.com>
Sent: Thursday, January 15, 2026 6:50 AM
To: Graham Mills <graham.mills@duke.edu>
Subject: Re: Duke in New York Student 
 
Hi Graham, 

Thanks for reaching out. Happy to meet tomorrow afternoon for a coffee near my office at 425 Park ave. I am open in the 2-3:30pm range. 

Hopefully that time works for you. 

Best,
Will

On Tue, Jan 13, 2026 at 10:26 AM Graham Mills <graham.mills@duke.edu <mailto:graham.mills@duke.edu> > wrote:


	Hi Will,
	I am a Duke student in the Duke in New York Program and was excited to see you on the mentors list. I’m pursuing S&T and would love to hear more about what you do.
	Is there a good time for you over the next week or so to grab coffee? I’m sure you’re busy, so if not, a phone call would be great as well.
	Best,
	Graham Mills
	Ghm21@duke.edu <mailto:Ghm21@duke.edu> 
	704-770-7141
	https://www.linkedin.com/in/gmills1/ <https://nam11.safelinks.protection.outlook.com/?url=https%3A%2F%2Fwww.linkedin.com%2Fin%2Fgmills1%2F&data=05%7C02%7Cgraham.mills%40duke.edu%7C9ac9fff05fad4bf1d8c508de542c59f9%7Ccb72c54e4a314d9eb14a1ea36dfac94c%7C0%7C0%7C639040746652122303%7CUnknown%7CTWFpbGZsb3d8eyJFbXB0eU1hcGkiOnRydWUsIlYiOiIwLjAuMDAwMCIsIlAiOiJXaW4zMiIsIkFOIjoiTWFpbCIsIldUIjoyfQ%3D%3D%7C0%7C%7C%7C&sdata=Myyyd1JtnP7EGoWX%2BWfY6maKsf7wwl83eUp4s8ULt58%3D&reserved=0> 


","Graham Mills","/o=ExchangeLabs/ou=Exchange Administrative Group (FYDIBOHF23SPDLT)/cn=Recipients/cn=db3bfe3506794f919ac1e0bca73ab3a9-a02bfddf-ef","EX","Will Boeckman","willboeckman@gmail.com","SMTP",,,,,,,,,"Normal",,"Normal"
"Re: Duke in New York Student","Thanks for getting back to me. Sometime next Friday will be perfect. Just let me know anytime, as I'm completely open that day. 

See you then.

Graham
________________________________

From: Jacob Ronkin <ronkinjacob@gmail.com>
Sent: Thursday, January 15, 2026 7:49 AM
To: Graham Mills <graham.mills@duke.edu>
Subject: Re: Duke in New York Student 
 
Hi Graham, 

It is nice to meet you. I was actually a part of the Duke in New York program as well back in 2018. I’d be happy to meet and speak more about my role. While the end of this week / start of next week are fairly hectic, my schedule opens up next Wednesday or Friday. Let me know when is best for you. Thanks so much!

Best,
Jacob



	On Jan 13, 2026, at 10:29 AM, Graham Mills <graham.mills@duke.edu> wrote:

	Hi Jacob,
	I am a Duke student in the Duke in New York Program and was excited to see you on the list of mentors. I’m interested in the trading space as a whole and saw your role in data management. I don't know too much about data management, but it sounds interesting and would love to learn more about it.
	Is there a good time for you over the next week or so to grab coffee and chat? I’m sure you’re busy, so if not, a phone call would be great as well.
	Best,
	Graham Mills
	Ghm21@duke.edu <mailto:Ghm21@duke.edu> 
	704-770-7141
	https://www.linkedin.com/in/gmills1/ <https://nam11.safelinks.protection.outlook.com/?url=https%3A%2F%2Fwww.linkedin.com%2Fin%2Fgmills1%2F&data=05%7C02%7Cgraham.mills%40duke.edu%7C2bbd349697d44aabfea908de54347dbd%7Ccb72c54e4a314d9eb14a1ea36dfac94c%7C0%7C0%7C639040781586476706%7CUnknown%7CTWFpbGZsb3d8eyJFbXB0eU1hcGkiOnRydWUsIlYiOiIwLjAuMDAwMCIsIlAiOiJXaW4zMiIsIkFOIjoiTWFpbCIsIldUIjoyfQ%3D%3D%7C0%7C%7C%7C&sdata=900cuCt5KOvm5kw8fpeOt0mru3gOS6CXUi8NM4twmnA%3D&reserved=0> 


","Graham Mills","/o=ExchangeLabs/ou=Exchange Administrative Group (FYDIBOHF23SPDLT)/cn=Recipients/cn=db3bfe3506794f919ac1e0bca73ab3a9-a02bfddf-ef","EX","Jacob Ronkin","ronkinjacob@gmail.com","SMTP",,,,,,,,,"Normal",,"Normal"
"Re: Duke in New York Student","Sounds good, talk to you then.
________________________________

From: Mitchell Parekh <parekhmitchell@gmail.com>
Sent: Tuesday, January 13, 2026 1:43 PM
To: Graham Mills <graham.mills@duke.edu>
Subject: Re: Duke in New York Student 
 
Perfect, we can try around 12pm?

My number is (201) 456-0720, speak soon.

On Tue, Jan 13, 2026 at 13:39 Graham Mills <graham.mills@duke.edu <mailto:graham.mills@duke.edu> > wrote:


	Thanks for getting back to me. Does Friday work for you? We're visiting banks on Wednesday/Thursday.

	Anytime Friday works, just let me know.

	Graham
________________________________

	From: Mitchell Parekh <parekhmitchell@gmail.com <mailto:parekhmitchell@gmail.com> >
	Sent: Tuesday, January 13, 2026 1:28 PM
	To: Graham Mills <graham.mills@duke.edu <mailto:graham.mills@duke.edu> >
	Subject: Re: Duke in New York Student 
	 
	Hey graham, I can make some time for a call this week. What day is best for you?

	Mitch

	On Tue, Jan 13, 2026 at 10:36 Graham Mills <graham.mills@duke.edu <mailto:graham.mills@duke.edu> > wrote:
	

		Hi Mitchell,
		I am a Duke student in the Duke in New York Program and was excited to see you on the list of mentors. I’m interested in trading and would love to learn about your time at Morgan Stanley and what you are doing independently now.
		Is there a good time for you over the next week or so to grab coffee? I’m sure you’re busy, so if not, a phone call would be great as well.
		Best,
		Graham Mills
		Ghm21@duke.edu <mailto:Ghm21@duke.edu> 
		704-770-7141
		https://www.linkedin.com/in/gmills1/ <https://nam11.safelinks.protection.outlook.com/?url=https%3A%2F%2Fwww.linkedin.com%2Fin%2Fgmills1%2F&data=05%7C02%7Cgraham.mills%40duke.edu%7C5d12c603736e48dc8b9008de52d3bdc5%7Ccb72c54e4a314d9eb14a1ea36dfac94c%7C0%7C0%7C639039266594109750%7CUnknown%7CTWFpbGZsb3d8eyJFbXB0eU1hcGkiOnRydWUsIlYiOiIwLjAuMDAwMCIsIlAiOiJXaW4zMiIsIkFOIjoiTWFpbCIsIldUIjoyfQ%3D%3D%7C0%7C%7C%7C&sdata=puS2Vd8e4xPs7GD9ORMdPWEUvTEwFVWHr%2BZQxuiLfB8%3D&reserved=0> 


","Graham Mills","/o=ExchangeLabs/ou=Exchange Administrative Group (FYDIBOHF23SPDLT)/cn=Recipients/cn=db3bfe3506794f919ac1e0bca73ab3a9-a02bfddf-ef","EX","Mitchell Parekh","parekhmitchell@gmail.com","SMTP",,,,,,,,,"Normal",,"Normal"
"Re: Duke in New York Student","Thanks for getting back to me. Does Friday work for you? We're visiting banks on Wednesday/Thursday.

Anytime Friday works, just let me know.

Graham
________________________________

From: Mitchell Parekh <parekhmitchell@gmail.com>
Sent: Tuesday, January 13, 2026 1:28 PM
To: Graham Mills <graham.mills@duke.edu>
Subject: Re: Duke in New York Student 
 
Hey graham, I can make some time for a call this week. What day is best for you?

Mitch

On Tue, Jan 13, 2026 at 10:36 Graham Mills <graham.mills@duke.edu <mailto:graham.mills@duke.edu> > wrote:


	Hi Mitchell,
	I am a Duke student in the Duke in New York Program and was excited to see you on the list of mentors. I’m interested in trading and would love to learn about your time at Morgan Stanley and what you are doing independently now.
	Is there a good time for you over the next week or so to grab coffee? I’m sure you’re busy, so if not, a phone call would be great as well.
	Best,
	Graham Mills
	Ghm21@duke.edu <mailto:Ghm21@duke.edu> 
	704-770-7141
	https://www.linkedin.com/in/gmills1/ <https://nam11.safelinks.protection.outlook.com/?url=https%3A%2F%2Fwww.linkedin.com%2Fin%2Fgmills1%2F&data=05%7C02%7Cgraham.mills%40duke.edu%7C528b285ff45540c9d4eb08de52d18478%7Ccb72c54e4a314d9eb14a1ea36dfac94c%7C0%7C0%7C639039256992752578%7CUnknown%7CTWFpbGZsb3d8eyJFbXB0eU1hcGkiOnRydWUsIlYiOiIwLjAuMDAwMCIsIlAiOiJXaW4zMiIsIkFOIjoiTWFpbCIsIldUIjoyfQ%3D%3D%7C0%7C%7C%7C&sdata=elVqSz4EUI%2FIvKw8VSK%2FIbP9P9CJCKTpRr3WhBPhnus%3D&reserved=0> 


","Graham Mills","/o=ExchangeLabs/ou=Exchange Administrative Group (FYDIBOHF23SPDLT)/cn=Recipients/cn=db3bfe3506794f919ac1e0bca73ab3a9-a02bfddf-ef","EX","Mitchell Parekh","parekhmitchell@gmail.com","SMTP",,,,,,,,,"Normal",,"Normal"
"Duke in New York Student ","Hi Alex,
I am a Duke student in the Duke in New York Program and was excited to see you on the mentors list. I’m Interested in VC and the startup scene in general and would love to hear more about what you do.
Is there a good time for you over the next week or so to grab coffee? I’m sure you’re busy, so if not, a phone call would be great as well.
Best,
Graham Mills
Ghm21@duke.edu <mailto:Ghm21@duke.edu> 
704-770-7141
https://www.linkedin.com/in/gmills1/

","Graham Mills","/O=EXCHANGELABS/OU=EXCHANGE ADMINISTRATIVE GROUP (FYDIBOHF23SPDLT)/CN=RECIPIENTS/CN=DB3BFE3506794F919AC1E0BCA73AB3A9-A02BFDDF-EF","EX","yu.alex38@gmail.com","yu.alex38@gmail.com","SMTP",,,,,,,,,"Normal",,"Normal"
"Duke in New York Student","Hi Mitchell,
I am a Duke student in the Duke in New York Program and was excited to see you on the list of mentors. I’m interested in trading and would love to learn about your time at Morgan Stanley and what you are doing independently now.
Is there a good time for you over the next week or so to grab coffee? I’m sure you’re busy, so if not, a phone call would be great as well.
Best,
Graham Mills
Ghm21@duke.edu <mailto:Ghm21@duke.edu> 
704-770-7141
https://www.linkedin.com/in/gmills1/

","Graham Mills","/O=EXCHANGELABS/OU=EXCHANGE ADMINISTRATIVE GROUP (FYDIBOHF23SPDLT)/CN=RECIPIENTS/CN=DB3BFE3506794F919AC1E0BCA73AB3A9-A02BFDDF-EF","EX","parekhmitchell@gmail.com","parekhmitchell@gmail.com","SMTP",,,,,,,,,"Normal",,"Normal"
"Duke in New York Student","Hi Felipe,
I am a Duke student in the Duke in New York Program and was excited to see you on the list of mentors. I’m interested in learning more about corporate finance and would love to hear more about what you do now and your time working in corporate derivatives, as I had never heard of them until now.
Is there a good time for you over the next week or so to grab coffee? I’m sure you’re busy, so if not, a phone call would be great as well.
Best,
Graham Mills
Ghm21@duke.edu <mailto:Ghm21@duke.edu> 
704-770-7141
https://www.linkedin.com/in/gmills1/

","Graham Mills","/O=EXCHANGELABS/OU=EXCHANGE ADMINISTRATIVE GROUP (FYDIBOHF23SPDLT)/CN=RECIPIENTS/CN=DB3BFE3506794F919AC1E0BCA73AB3A9-A02BFDDF-EF","EX","felipeconcha4@gmail.com","felipeconcha4@gmail.com","SMTP",,,,,,,,,"Normal",,"Normal"
"Duke in New York Student","Hi Lucas,
I am a Duke student in the Duke in New York Program and was excited to see you on the mentors list. I’m pursuing asset management and would love to hear more about what you do.
Is there a good time for you over the next week or so to grab coffee? I’m sure you’re busy, so if not, a phone call would be great as well.
Best,
Graham Mills
Ghm21@duke.edu <mailto:Ghm21@duke.edu> 
704-770-7141
https://www.linkedin.com/in/gmills1/

","Graham Mills","/O=EXCHANGELABS/OU=EXCHANGE ADMINISTRATIVE GROUP (FYDIBOHF23SPDLT)/CN=RECIPIENTS/CN=DB3BFE3506794F919AC1E0BCA73AB3A9-A02BFDDF-EF","EX","lucasnyc224@gmail.com","lucasnyc224@gmail.com","SMTP",,,,,,,,,"Normal",,"Normal"
"Duke in New York Student","Hi Jacob,
I am a Duke student in the Duke in New York Program and was excited to see you on the list of mentors. I’m interested in the trading space as a whole and saw your role in data management. I don't know too much about data management, but it sounds interesting and would love to learn more about it.
Is there a good time for you over the next week or so to grab coffee and chat? I’m sure you’re busy, so if not, a phone call would be great as well.
Best,
Graham Mills
Ghm21@duke.edu <mailto:Ghm21@duke.edu> 
704-770-7141
https://www.linkedin.com/in/gmills1/

","Graham Mills","/O=EXCHANGELABS/OU=EXCHANGE ADMINISTRATIVE GROUP (FYDIBOHF23SPDLT)/CN=RECIPIENTS/CN=DB3BFE3506794F919AC1E0BCA73AB3A9-A02BFDDF-EF","EX","ronkinjacob@gmail.com","ronkinjacob@gmail.com","SMTP",,,,,,,,,"Normal",,"Normal"
"Duke in New York Student","Hi Will,
I am a Duke student in the Duke in New York Program and was excited to see you on the mentors list. I’m pursuing S&T and would love to hear more about what you do.
Is there a good time for you over the next week or so to grab coffee? I’m sure you’re busy, so if not, a phone call would be great as well.
Best,
Graham Mills
Ghm21@duke.edu <mailto:Ghm21@duke.edu> 
704-770-7141
https://www.linkedin.com/in/gmills1/

","Graham Mills","/O=EXCHANGELABS/OU=EXCHANGE ADMINISTRATIVE GROUP (FYDIBOHF23SPDLT)/CN=RECIPIENTS/CN=DB3BFE3506794F919AC1E0BCA73AB3A9-A02BFDDF-EF","EX","willboeckman@gmail.com","willboeckman@gmail.com","SMTP",,,,,,,,,"Normal",,"Normal"
"Re: Duke Student - Inquiry","Hi Sydney,

I just sent you a calendar invitation for 3:30 PM on Wednesday. The notification will come from my gmail and I'll keep our communication there to keep it separate from your work email.
________________________________

From: Cikovic, Sydney <scikovic@btig.com>
Sent: Tuesday, December 30, 2025 11:30 AM
To: Graham Mills <graham.mills@duke.edu>
Cc: Sydney Cikovic <sydcikovic@gmail.com>
Subject: Re: Duke Student - Inquiry 
 
Hi Graham, 

I am not in investment banking but happy to chat. I’m free next Monday @4pm and Wednesday @3:30. Please send a calendar invite to my personal email with what works - I prefer to not use my work email for duke networking so please use moving forward. Thanks

Sydcikovic@gmail.com 
5616327063 

________________________________

From: Graham Mills <graham.mills@duke.edu>
Sent: Monday, December 29, 2025 5:25 PM
To: Cikovic, Sydney <scikovic@btig.com>
Subject: Duke Student - Inquiry 
 
	You don't often get email from graham.mills@duke.edu. Learn why this is important <https://aka.ms/LearnAboutSenderIdentification> 
	

Hi Sydney,

I hope you’re enjoying the holiday break.

I am a sophomore at Duke based in Charlotte with a strong interest in investment banking. I know you are likely busy, but I would value the chance to hear about your experience with the firm ahead of the upcoming recruiting cycle.

Do you have 10 minutes this week or next for a brief call?

Best,

--

Graham Mills

grahammillspb@gmail.com

704-770-7141

www.linkedin.com/in/gmills1 <https://nam11.safelinks.protection.outlook.com/?url=http%3A%2F%2Fwww.linkedin.com%2Fin%2Fgmills1&data=05%7C02%7Cgraham.mills%40duke.edu%7C1177f3bb969e43affdcd08de47c0ba78%7Ccb72c54e4a314d9eb14a1ea36dfac94c%7C0%7C0%7C639027090334201647%7CUnknown%7CTWFpbGZsb3d8eyJFbXB0eU1hcGkiOnRydWUsIlYiOiIwLjAuMDAwMCIsIlAiOiJXaW4zMiIsIkFOIjoiTWFpbCIsIldUIjoyfQ%3D%3D%7C0%7C%7C%7C&sdata=NPGIgca0KjEu1kIV0mt7VWfMWvlaNYTIuGEgJkyJ5ag%3D&reserved=0> 

 

 

Disclaimer: https://www.btig.com/disclaimer.aspx 
","Graham Mills","/o=ExchangeLabs/ou=Exchange Administrative Group (FYDIBOHF23SPDLT)/cn=Recipients/cn=db3bfe3506794f919ac1e0bca73ab3a9-a02bfddf-ef","EX","Cikovic, Sydney","scikovic@btig.com","SMTP",,,,,,,,,"Normal",,"Normal"
"Re: Duke Student - Inquiry","That's perfect. I'll call you then.
________________________________

From: Hibshman, Nick K <Nick.Hibshman@gs.com>
Sent: Tuesday, December 30, 2025 9:00 AM
To: Graham Mills <graham.mills@duke.edu>
Subject: RE: Duke Student - Inquiry 
 

Hey Graham - you actually able to chat after the close today? How does 5pm sound? 

 

Nick Hibshman

Global Banking & Markets | Private Investor Product Group

 

Goldman Sachs & Co. LLC

200 West Street New York, NY 10282

Phone: (212) 357-2756 | Email: nick.hibshman@gs.com <mailto:nick.hibshman@gs.com> 

 

From: Hibshman, Nick K [GBM Public] 
Sent: Monday, December 29, 2025 11:33 PM
To: 'Graham Mills' <graham.mills@duke.edu>
Subject: RE: Duke Student - Inquiry

 

Works with me! Call my line at 9:30 when you can. 212 357 2756

 

Chat soon, 

 

Nick Hibshman

Global Banking & Markets | Private Investor Product Group

 

Goldman Sachs & Co. LLC

200 West Street New York, NY 10282

Phone: (212) 357-2756 | Email: nick.hibshman@gs.com <mailto:nick.hibshman@gs.com> 

 

From: Graham Mills <graham.mills@duke.edu <mailto:graham.mills@duke.edu> > 
Sent: Monday, December 29, 2025 11:30 PM
To: Hibshman, Nick K [GBM Public] <Nick.Hibshman@ny.email.gs.com <mailto:Nick.Hibshman@ny.email.gs.com> >
Subject: Re: Duke Student - Inquiry

 

Hi Nick,

 

Thanks for getting back to me. I have something at 9, does 9:30 work?

________________________________

From: Hibshman, Nick K <Nick.Hibshman@gs.com <mailto:Nick.Hibshman@gs.com> >
Sent: Monday, December 29, 2025 11:28 PM
To: Graham Mills <graham.mills@duke.edu <mailto:graham.mills@duke.edu> >
Subject: RE: Duke Student - Inquiry 

 

Hey Graham - sounds good, let's chat tomorrow. Want to ring me at like 9am?

 

Nick Hibshman

Global Banking & Markets | Private Investor Product Group

 

Goldman Sachs & Co. LLC

200 West Street New York, NY 10282

Phone: (212) 357-2756 | Email: nick.hibshman@gs.com <mailto:nick.hibshman@gs.com> 

 

From: Graham Mills <graham.mills@duke.edu <mailto:graham.mills@duke.edu> > 
Sent: Monday, December 29, 2025 5:25 PM
To: Hibshman, Nick K [GBM Public] <Nick.Hibshman@ny.email.gs.com <mailto:Nick.Hibshman@ny.email.gs.com> >
Subject: Duke Student - Inquiry

 

Hi Nick,

I hope you’re enjoying the holiday break.

I am a sophomore at Duke based in Charlotte with a strong interest in investment banking. I know you are likely busy, but I would value the chance to hear about your experience with the firm ahead of the upcoming recruiting cycle.

Do you have 10 minutes this week or next for a brief call?

Best,

--

Graham Mills 

grahammillspb@gmail.com <mailto:grahammillspb@gmail.com>  

704-770-7141

www.linkedin.com/in/gmills1 <https://urldefense.com/v3/__http:/www.linkedin.com/in/gmills1__;!!O2kDR7mm-zSJ!r8j8DabyVlKzuyzhCOuy6FnoEDDVak2lbj5ycLeHLDP7V53BQvCAs-agW9PEfS1EHMY4n8fTmAH4QeKJE7xy2B2u$> 

 

 

 

________________________________


© Copyright 2025 Goldman Sachs. All rights reserved. See http://www.gs.com/disclaimer/email-salesandtrading.html <https://nam11.safelinks.protection.outlook.com/?url=http%3A%2F%2Fwww.gs.com%2Fdisclaimer%2Femail-salesandtrading.html&data=05%7C02%7Cgraham.mills%40duke.edu%7C2a2c221e1aee4a265ff008de47abc482%7Ccb72c54e4a314d9eb14a1ea36dfac94c%7C0%7C0%7C639027000253994534%7CUnknown%7CTWFpbGZsb3d8eyJFbXB0eU1hcGkiOnRydWUsIlYiOiIwLjAuMDAwMCIsIlAiOiJXaW4zMiIsIkFOIjoiTWFpbCIsIldUIjoyfQ%3D%3D%7C0%7C%7C%7C&sdata=Tu%2BExr44lV3WqoTU0FvKtPj91b6B112MCSFIJrsYG8Y%3D&reserved=0>  for risk disclosure, order handling practices, conflicts of interest and other terms and conditions relating to this e-mail and your reliance on it, and http://www.gs.com/disclaimer/ipo/ <https://nam11.safelinks.protection.outlook.com/?url=http%3A%2F%2Fwww.gs.com%2Fdisclaimer%2Fipo%2F&data=05%7C02%7Cgraham.mills%40duke.edu%7C2a2c221e1aee4a265ff008de47abc482%7Ccb72c54e4a314d9eb14a1ea36dfac94c%7C0%7C0%7C639027000254058505%7CUnknown%7CTWFpbGZsb3d8eyJFbXB0eU1hcGkiOnRydWUsIlYiOiIwLjAuMDAwMCIsIlAiOiJXaW4zMiIsIkFOIjoiTWFpbCIsIldUIjoyfQ%3D%3D%7C0%7C%7C%7C&sdata=N4QKlp7S6ZI1Wt5mprcM7JCWo6oc7%2Fx0XSYuChkdZF8%3D&reserved=0>  for recent prospectuses for initial public offerings to which this message may relate. See http://www.gs.com/swaps-related-disclosures <https://nam11.safelinks.protection.outlook.com/?url=http%3A%2F%2Fwww.gs.com%2Fswaps-related-disclosures&data=05%7C02%7Cgraham.mills%40duke.edu%7C2a2c221e1aee4a265ff008de47abc482%7Ccb72c54e4a314d9eb14a1ea36dfac94c%7C0%7C0%7C639027000254083304%7CUnknown%7CTWFpbGZsb3d8eyJFbXB0eU1hcGkiOnRydWUsIlYiOiIwLjAuMDAwMCIsIlAiOiJXaW4zMiIsIkFOIjoiTWFpbCIsIldUIjoyfQ%3D%3D%7C0%7C%7C%7C&sdata=3PERDX%2BJ9A6ci%2F1LGX%2BEpVIlHDKn1oWTa%2FXHJzeUuaw%3D&reserved=0>  for important disclosures relating to swap transactions, and http://www.goldmansachs.com/terms-of-dealing <https://nam11.safelinks.protection.outlook.com/?url=http%3A%2F%2Fwww.goldmansachs.com%2Fterms-of-dealing&data=05%7C02%7Cgraham.mills%40duke.edu%7C2a2c221e1aee4a265ff008de47abc482%7Ccb72c54e4a314d9eb14a1ea36dfac94c%7C0%7C0%7C639027000254107311%7CUnknown%7CTWFpbGZsb3d8eyJFbXB0eU1hcGkiOnRydWUsIlYiOiIwLjAuMDAwMCIsIlAiOiJXaW4zMiIsIkFOIjoiTWFpbCIsIldUIjoyfQ%3D%3D%7C0%7C%7C%7C&sdata=KiDy6ddRSaDbQlHj4hf9GcjN%2B0xR3JoZ57GV%2FjtERlQ%3D&reserved=0>  for general terms of dealing. For information on the nature and risks of investments for MiFID Professional Clients, see http://www.goldmansachs.com/disclosures/mifid/info-on-nature-risks-of-investments.pdf <https://nam11.safelinks.protection.outlook.com/?url=http%3A%2F%2Fwww.goldmansachs.com%2Fdisclosures%2Fmifid%2Finfo-on-nature-risks-of-investments.pdf&data=05%7C02%7Cgraham.mills%40duke.edu%7C2a2c221e1aee4a265ff008de47abc482%7Ccb72c54e4a314d9eb14a1ea36dfac94c%7C0%7C0%7C639027000254128889%7CUnknown%7CTWFpbGZsb3d8eyJFbXB0eU1hcGkiOnRydWUsIlYiOiIwLjAuMDAwMCIsIlAiOiJXaW4zMiIsIkFOIjoiTWFpbCIsIldUIjoyfQ%3D%3D%7C0%7C%7C%7C&sdata=CP4am4CNql%2FkWRii3QeMA5SU%2BrV2GyDA0pUYA%2F3EkdI%3D&reserved=0>  See http://www.goldmansachs.com/disclosures/mifid <https://nam11.safelinks.protection.outlook.com/?url=http%3A%2F%2Fwww.goldmansachs.com%2Fdisclosures%2Fmifid%2F&data=05%7C02%7Cgraham.mills%40duke.edu%7C2a2c221e1aee4a265ff008de47abc482%7Ccb72c54e4a314d9eb14a1ea36dfac94c%7C0%7C0%7C639027000254150093%7CUnknown%7CTWFpbGZsb3d8eyJFbXB0eU1hcGkiOnRydWUsIlYiOiIwLjAuMDAwMCIsIlAiOiJXaW4zMiIsIkFOIjoiTWFpbCIsIldUIjoyfQ%3D%3D%7C0%7C%7C%7C&sdata=4xhxigSvXlatpx4LTzElZiYZl0PhEVcRMBfTHodoqog%3D&reserved=0>  for important disclosures and GS policies in relation to MiFID II and MiFIR. This e-mail may contain confidential or privileged information. If you are not the intended recipient, please advise us immediately and delete it. See http://www.gs.com/disclaimer/email/ <https://nam11.safelinks.protection.outlook.com/?url=http%3A%2F%2Fwww.gs.com%2Fdisclaimer%2Femail%2F&data=05%7C02%7Cgraham.mills%40duke.edu%7C2a2c221e1aee4a265ff008de47abc482%7Ccb72c54e4a314d9eb14a1ea36dfac94c%7C0%7C0%7C639027000254172017%7CUnknown%7CTWFpbGZsb3d8eyJFbXB0eU1hcGkiOnRydWUsIlYiOiIwLjAuMDAwMCIsIlAiOiJXaW4zMiIsIkFOIjoiTWFpbCIsIldUIjoyfQ%3D%3D%7C0%7C%7C%7C&sdata=RuWRgDKyVwmdakE6nGvDUDhWepvoSQjjVl3H9%2FMpOjQ%3D&reserved=0>  on confidentiality and the risks of electronic communication. If you cannot access these links, please notify us by reply message and we will send the contents to you. This material is a solicitation of derivatives business generally, only for the purposes of, and to the extent it would otherwise be subject to, CFTC Regulations 1.71 and 23.605. Goldman Sachs International (""GSI"") is authorised by the Prudential Regulation Authority and regulated by the Financial Conduct Authority and Prudential Regulation Authority. 

________________________________


Your Personal Data: We may collect and process information about you that may be subject to data protection laws. For more information about how we use and disclose your personal data, how we protect your information, our legal basis to use your information, your rights and who you can contact, please refer to: www.gs.com/privacy-notices <https://nam11.safelinks.protection.outlook.com/?url=http%3A%2F%2Fwww.gs.com%2Fprivacy-notices&data=05%7C02%7Cgraham.mills%40duke.edu%7C2a2c221e1aee4a265ff008de47abc482%7Ccb72c54e4a314d9eb14a1ea36dfac94c%7C0%7C0%7C639027000254192877%7CUnknown%7CTWFpbGZsb3d8eyJFbXB0eU1hcGkiOnRydWUsIlYiOiIwLjAuMDAwMCIsIlAiOiJXaW4zMiIsIkFOIjoiTWFpbCIsIldUIjoyfQ%3D%3D%7C0%7C%7C%7C&sdata=3ryFeIyYYCgCJz3J1EqizqHdqstkHcAmHfzMiHLyjKk%3D&reserved=0> 


________________________________


© Copyright 2025 Goldman Sachs. All rights reserved. See http://www.gs.com/disclaimer/email-salesandtrading.html <https://nam11.safelinks.protection.outlook.com/?url=http%3A%2F%2Fwww.gs.com%2Fdisclaimer%2Femail-salesandtrading.html&data=05%7C02%7Cgraham.mills%40duke.edu%7C2a2c221e1aee4a265ff008de47abc482%7Ccb72c54e4a314d9eb14a1ea36dfac94c%7C0%7C0%7C639027000254213988%7CUnknown%7CTWFpbGZsb3d8eyJFbXB0eU1hcGkiOnRydWUsIlYiOiIwLjAuMDAwMCIsIlAiOiJXaW4zMiIsIkFOIjoiTWFpbCIsIldUIjoyfQ%3D%3D%7C0%7C%7C%7C&sdata=ULNqyQzp9rGRFdTGgE31Fpf%2B2qigegGyNiIjjH87qok%3D&reserved=0>  for risk disclosure, order handling practices, conflicts of interest and other terms and conditions relating to this e-mail and your reliance on it, and http://www.gs.com/disclaimer/ipo/ <https://nam11.safelinks.protection.outlook.com/?url=http%3A%2F%2Fwww.gs.com%2Fdisclaimer%2Fipo%2F&data=05%7C02%7Cgraham.mills%40duke.edu%7C2a2c221e1aee4a265ff008de47abc482%7Ccb72c54e4a314d9eb14a1ea36dfac94c%7C0%7C0%7C639027000254236968%7CUnknown%7CTWFpbGZsb3d8eyJFbXB0eU1hcGkiOnRydWUsIlYiOiIwLjAuMDAwMCIsIlAiOiJXaW4zMiIsIkFOIjoiTWFpbCIsIldUIjoyfQ%3D%3D%7C0%7C%7C%7C&sdata=nOpQwz4eU1ionRsa4vlojdjRfmH7Z4ZXxkb3pCAy%2Fr0%3D&reserved=0>  for recent prospectuses for initial public offerings to which this message may relate. See http://www.gs.com/swaps-related-disclosures <https://nam11.safelinks.protection.outlook.com/?url=http%3A%2F%2Fwww.gs.com%2Fswaps-related-disclosures&data=05%7C02%7Cgraham.mills%40duke.edu%7C2a2c221e1aee4a265ff008de47abc482%7Ccb72c54e4a314d9eb14a1ea36dfac94c%7C0%7C0%7C639027000254260398%7CUnknown%7CTWFpbGZsb3d8eyJFbXB0eU1hcGkiOnRydWUsIlYiOiIwLjAuMDAwMCIsIlAiOiJXaW4zMiIsIkFOIjoiTWFpbCIsIldUIjoyfQ%3D%3D%7C0%7C%7C%7C&sdata=swXfNvBA6A398tjh49lJ950PTOOITMldE9%2BzTwOKcqI%3D&reserved=0>  for important disclosures relating to swap transactions, and http://www.goldmansachs.com/terms-of-dealing <https://nam11.safelinks.protection.outlook.com/?url=http%3A%2F%2Fwww.goldmansachs.com%2Fterms-of-dealing&data=05%7C02%7Cgraham.mills%40duke.edu%7C2a2c221e1aee4a265ff008de47abc482%7Ccb72c54e4a314d9eb14a1ea36dfac94c%7C0%7C0%7C639027000254283763%7CUnknown%7CTWFpbGZsb3d8eyJFbXB0eU1hcGkiOnRydWUsIlYiOiIwLjAuMDAwMCIsIlAiOiJXaW4zMiIsIkFOIjoiTWFpbCIsIldUIjoyfQ%3D%3D%7C0%7C%7C%7C&sdata=x0x12PxpmbmEMw1T9cyEoNDS4GbiQePe4DqkxWtgKa0%3D&reserved=0>  for general terms of dealing. For information on the nature and risks of investments for MiFID Professional Clients, see http://www.goldmansachs.com/disclosures/mifid/info-on-nature-risks-of-investments.pdf <https://nam11.safelinks.protection.outlook.com/?url=http%3A%2F%2Fwww.goldmansachs.com%2Fdisclosures%2Fmifid%2Finfo-on-nature-risks-of-investments.pdf&data=05%7C02%7Cgraham.mills%40duke.edu%7C2a2c221e1aee4a265ff008de47abc482%7Ccb72c54e4a314d9eb14a1ea36dfac94c%7C0%7C0%7C639027000254305007%7CUnknown%7CTWFpbGZsb3d8eyJFbXB0eU1hcGkiOnRydWUsIlYiOiIwLjAuMDAwMCIsIlAiOiJXaW4zMiIsIkFOIjoiTWFpbCIsIldUIjoyfQ%3D%3D%7C0%7C%7C%7C&sdata=0s7WcZXqxD%2FVWmUAKBKSgEb%2FxTTNsWKTJqYDK98KqHI%3D&reserved=0>  See http://www.goldmansachs.com/disclosures/mifid <https://nam11.safelinks.protection.outlook.com/?url=http%3A%2F%2Fwww.goldmansachs.com%2Fdisclosures%2Fmifid%2F&data=05%7C02%7Cgraham.mills%40duke.edu%7C2a2c221e1aee4a265ff008de47abc482%7Ccb72c54e4a314d9eb14a1ea36dfac94c%7C0%7C0%7C639027000254325584%7CUnknown%7CTWFpbGZsb3d8eyJFbXB0eU1hcGkiOnRydWUsIlYiOiIwLjAuMDAwMCIsIlAiOiJXaW4zMiIsIkFOIjoiTWFpbCIsIldUIjoyfQ%3D%3D%7C0%7C%7C%7C&sdata=uQVVeA3wUQJkKbRI%2FGIqSCbkcDr9WsyJWWic284Cnpc%3D&reserved=0>  for important disclosures and GS policies in relation to MiFID II and MiFIR. This e-mail may contain confidential or privileged information. If you are not the intended recipient, please advise us immediately and delete it. See http://www.gs.com/disclaimer/email/ <https://nam11.safelinks.protection.outlook.com/?url=http%3A%2F%2Fwww.gs.com%2Fdisclaimer%2Femail%2F&data=05%7C02%7Cgraham.mills%40duke.edu%7C2a2c221e1aee4a265ff008de47abc482%7Ccb72c54e4a314d9eb14a1ea36dfac94c%7C0%7C0%7C639027000254347070%7CUnknown%7CTWFpbGZsb3d8eyJFbXB0eU1hcGkiOnRydWUsIlYiOiIwLjAuMDAwMCIsIlAiOiJXaW4zMiIsIkFOIjoiTWFpbCIsIldUIjoyfQ%3D%3D%7C0%7C%7C%7C&sdata=Wsqjsf3J1JIctop%2Btj6Pc2j6ZvVp52ffqKo4FcMjQ88%3D&reserved=0>  on confidentiality and the risks of electronic communication. If you cannot access these links, please notify us by reply message and we will send the contents to you. This material is a solicitation of derivatives business generally, only for the purposes of, and to the extent it would otherwise be subject to, CFTC Regulations 1.71 and 23.605. Goldman Sachs International (""GSI"") is authorised by the Prudential Regulation Authority and regulated by the Financial Conduct Authority and Prudential Regulation Authority. 


________________________________


Your Personal Data: We may collect and process information about you that may be subject to data protection laws. For more information about how we use and disclose your personal data, how we protect your information, our legal basis to use your information, your rights and who you can contact, please refer to: www.gs.com/privacy-notices <https://nam11.safelinks.protection.outlook.com/?url=http%3A%2F%2Fwww.gs.com%2Fprivacy-notices&data=05%7C02%7Cgraham.mills%40duke.edu%7C2a2c221e1aee4a265ff008de47abc482%7Ccb72c54e4a314d9eb14a1ea36dfac94c%7C0%7C0%7C639027000254369205%7CUnknown%7CTWFpbGZsb3d8eyJFbXB0eU1hcGkiOnRydWUsIlYiOiIwLjAuMDAwMCIsIlAiOiJXaW4zMiIsIkFOIjoiTWFpbCIsIldUIjoyfQ%3D%3D%7C0%7C%7C%7C&sdata=kOVJlDg6FUwya3UBGpUi95jDec1ZjVFFJC%2Fq0RPWl4Y%3D&reserved=0> 

","Graham Mills","/o=ExchangeLabs/ou=Exchange Administrative Group (FYDIBOHF23SPDLT)/cn=Recipients/cn=db3bfe3506794f919ac1e0bca73ab3a9-a02bfddf-ef","EX","Hibshman, Nick K","Nick.Hibshman@gs.com","SMTP",,,,,,,,,"Normal",,"Normal"
"Re: Duke Student - Inquiry","Hi Nick,

Thanks for getting back to me. I have something at 9, does 9:30 work?
________________________________

From: Hibshman, Nick K <Nick.Hibshman@gs.com>
Sent: Monday, December 29, 2025 11:28 PM
To: Graham Mills <graham.mills@duke.edu>
Subject: RE: Duke Student - Inquiry 
 

Hey Graham - sounds good, let's chat tomorrow. Want to ring me at like 9am?

 

Nick Hibshman

Global Banking & Markets | Private Investor Product Group

 

Goldman Sachs & Co. LLC

200 West Street New York, NY 10282

Phone: (212) 357-2756 | Email: nick.hibshman@gs.com <mailto:nick.hibshman@gs.com> 

 

From: Graham Mills <graham.mills@duke.edu> 
Sent: Monday, December 29, 2025 5:25 PM
To: Hibshman, Nick K [GBM Public] <Nick.Hibshman@ny.email.gs.com>
Subject: Duke Student - Inquiry

 

Hi Nick,

I hope you’re enjoying the holiday break.

I am a sophomore at Duke based in Charlotte with a strong interest in investment banking. I know you are likely busy, but I would value the chance to hear about your experience with the firm ahead of the upcoming recruiting cycle.

Do you have 10 minutes this week or next for a brief call?

Best,

--

Graham Mills 

grahammillspb@gmail.com <mailto:grahammillspb@gmail.com>  

704-770-7141

www.linkedin.com/in/gmills1 <https://urldefense.com/v3/__http:/www.linkedin.com/in/gmills1__;!!O2kDR7mm-zSJ!r8j8DabyVlKzuyzhCOuy6FnoEDDVak2lbj5ycLeHLDP7V53BQvCAs-agW9PEfS1EHMY4n8fTmAH4QeKJE7xy2B2u$> 

 

 


________________________________


© Copyright 2025 Goldman Sachs. All rights reserved. See http://www.gs.com/disclaimer/email-salesandtrading.html <https://nam11.safelinks.protection.outlook.com/?url=http%3A%2F%2Fwww.gs.com%2Fdisclaimer%2Femail-salesandtrading.html&data=05%7C02%7Cgraham.mills%40duke.edu%7C6a6c2a7251c54c3df45d08de475bf4f0%7Ccb72c54e4a314d9eb14a1ea36dfac94c%7C0%7C0%7C639026657467868867%7CUnknown%7CTWFpbGZsb3d8eyJFbXB0eU1hcGkiOnRydWUsIlYiOiIwLjAuMDAwMCIsIlAiOiJXaW4zMiIsIkFOIjoiTWFpbCIsIldUIjoyfQ%3D%3D%7C0%7C%7C%7C&sdata=Hl%2BAQ8q6rLuDP6ecB4kKMTxouEi89uLHWmmtptQPZF0%3D&reserved=0>  for risk disclosure, order handling practices, conflicts of interest and other terms and conditions relating to this e-mail and your reliance on it, and http://www.gs.com/disclaimer/ipo/ <https://nam11.safelinks.protection.outlook.com/?url=http%3A%2F%2Fwww.gs.com%2Fdisclaimer%2Fipo%2F&data=05%7C02%7Cgraham.mills%40duke.edu%7C6a6c2a7251c54c3df45d08de475bf4f0%7Ccb72c54e4a314d9eb14a1ea36dfac94c%7C0%7C0%7C639026657467912585%7CUnknown%7CTWFpbGZsb3d8eyJFbXB0eU1hcGkiOnRydWUsIlYiOiIwLjAuMDAwMCIsIlAiOiJXaW4zMiIsIkFOIjoiTWFpbCIsIldUIjoyfQ%3D%3D%7C0%7C%7C%7C&sdata=eFu9jniQplAXYl73GJrFY0HHVk%2F2ENnOnf0iLF9E08E%3D&reserved=0>  for recent prospectuses for initial public offerings to which this message may relate. See http://www.gs.com/swaps-related-disclosures <https://nam11.safelinks.protection.outlook.com/?url=http%3A%2F%2Fwww.gs.com%2Fswaps-related-disclosures&data=05%7C02%7Cgraham.mills%40duke.edu%7C6a6c2a7251c54c3df45d08de475bf4f0%7Ccb72c54e4a314d9eb14a1ea36dfac94c%7C0%7C0%7C639026657467933703%7CUnknown%7CTWFpbGZsb3d8eyJFbXB0eU1hcGkiOnRydWUsIlYiOiIwLjAuMDAwMCIsIlAiOiJXaW4zMiIsIkFOIjoiTWFpbCIsIldUIjoyfQ%3D%3D%7C0%7C%7C%7C&sdata=RDc1BGvDqfWAGdm5GdxqW6zPe27KbnJdRhdD0Tm3dxY%3D&reserved=0>  for important disclosures relating to swap transactions, and http://www.goldmansachs.com/terms-of-dealing <https://nam11.safelinks.protection.outlook.com/?url=http%3A%2F%2Fwww.goldmansachs.com%2Fterms-of-dealing&data=05%7C02%7Cgraham.mills%40duke.edu%7C6a6c2a7251c54c3df45d08de475bf4f0%7Ccb72c54e4a314d9eb14a1ea36dfac94c%7C0%7C0%7C639026657467953715%7CUnknown%7CTWFpbGZsb3d8eyJFbXB0eU1hcGkiOnRydWUsIlYiOiIwLjAuMDAwMCIsIlAiOiJXaW4zMiIsIkFOIjoiTWFpbCIsIldUIjoyfQ%3D%3D%7C0%7C%7C%7C&sdata=mOpt2mERuzmlWpYR8iWyuauRzXEyqXWm0kezDQCw724%3D&reserved=0>  for general terms of dealing. For information on the nature and risks of investments for MiFID Professional Clients, see http://www.goldmansachs.com/disclosures/mifid/info-on-nature-risks-of-investments.pdf <https://nam11.safelinks.protection.outlook.com/?url=http%3A%2F%2Fwww.goldmansachs.com%2Fdisclosures%2Fmifid%2Finfo-on-nature-risks-of-investments.pdf&data=05%7C02%7Cgraham.mills%40duke.edu%7C6a6c2a7251c54c3df45d08de475bf4f0%7Ccb72c54e4a314d9eb14a1ea36dfac94c%7C0%7C0%7C639026657467976465%7CUnknown%7CTWFpbGZsb3d8eyJFbXB0eU1hcGkiOnRydWUsIlYiOiIwLjAuMDAwMCIsIlAiOiJXaW4zMiIsIkFOIjoiTWFpbCIsIldUIjoyfQ%3D%3D%7C0%7C%7C%7C&sdata=CCnN1g9yw30m1YHUJexOlfW4CwolzBFXv50WvUJRRFo%3D&reserved=0>  See http://www.goldmansachs.com/disclosures/mifid <https://nam11.safelinks.protection.outlook.com/?url=http%3A%2F%2Fwww.goldmansachs.com%2Fdisclosures%2Fmifid%2F&data=05%7C02%7Cgraham.mills%40duke.edu%7C6a6c2a7251c54c3df45d08de475bf4f0%7Ccb72c54e4a314d9eb14a1ea36dfac94c%7C0%7C0%7C639026657467996680%7CUnknown%7CTWFpbGZsb3d8eyJFbXB0eU1hcGkiOnRydWUsIlYiOiIwLjAuMDAwMCIsIlAiOiJXaW4zMiIsIkFOIjoiTWFpbCIsIldUIjoyfQ%3D%3D%7C0%7C%7C%7C&sdata=t3NJ4NKVQDAAkRHEZ85iIh4SrzPYkx8U3KQChdJpkWw%3D&reserved=0>  for important disclosures and GS policies in relation to MiFID II and MiFIR. This e-mail may contain confidential or privileged information. If you are not the intended recipient, please advise us immediately and delete it. See http://www.gs.com/disclaimer/email/ <https://nam11.safelinks.protection.outlook.com/?url=http%3A%2F%2Fwww.gs.com%2Fdisclaimer%2Femail%2F&data=05%7C02%7Cgraham.mills%40duke.edu%7C6a6c2a7251c54c3df45d08de475bf4f0%7Ccb72c54e4a314d9eb14a1ea36dfac94c%7C0%7C0%7C639026657468015968%7CUnknown%7CTWFpbGZsb3d8eyJFbXB0eU1hcGkiOnRydWUsIlYiOiIwLjAuMDAwMCIsIlAiOiJXaW4zMiIsIkFOIjoiTWFpbCIsIldUIjoyfQ%3D%3D%7C0%7C%7C%7C&sdata=PXoCvlIajp9z%2B403DXGRihzb9f14rRBbZSIrO9zRrdE%3D&reserved=0>  on confidentiality and the risks of electronic communication. If you cannot access these links, please notify us by reply message and we will send the contents to you. This material is a solicitation of derivatives business generally, only for the purposes of, and to the extent it would otherwise be subject to, CFTC Regulations 1.71 and 23.605. Goldman Sachs International (""GSI"") is authorised by the Prudential Regulation Authority and regulated by the Financial Conduct Authority and Prudential Regulation Authority. 


________________________________


Your Personal Data: We may collect and process information about you that may be subject to data protection laws. For more information about how we use and disclose your personal data, how we protect your information, our legal basis to use your information, your rights and who you can contact, please refer to: www.gs.com/privacy-notices <https://nam11.safelinks.protection.outlook.com/?url=http%3A%2F%2Fwww.gs.com%2Fprivacy-notices&data=05%7C02%7Cgraham.mills%40duke.edu%7C6a6c2a7251c54c3df45d08de475bf4f0%7Ccb72c54e4a314d9eb14a1ea36dfac94c%7C0%7C0%7C639026657468035066%7CUnknown%7CTWFpbGZsb3d8eyJFbXB0eU1hcGkiOnRydWUsIlYiOiIwLjAuMDAwMCIsIlAiOiJXaW4zMiIsIkFOIjoiTWFpbCIsIldUIjoyfQ%3D%3D%7C0%7C%7C%7C&sdata=ZFvFKLJwonvKlPtjDPRxHrJHFs9MaNf6E58AslS5VUg%3D&reserved=0> 

","Graham Mills","/o=ExchangeLabs/ou=Exchange Administrative Group (FYDIBOHF23SPDLT)/cn=Recipients/cn=db3bfe3506794f919ac1e0bca73ab3a9-a02bfddf-ef","EX","Hibshman, Nick K","Nick.Hibshman@gs.com","SMTP",,,,,,,,,"Normal",,"Normal"
"Duke Student - Inquiry","Hi Basile,

I hope you’re enjoying the holiday break.

I am a sophomore at Duke based in Charlotte with a strong interest in investment banking. I know you are likely busy, but I would value the chance to hear about your experience with the firm ahead of the upcoming recruiting cycle.

Do you have 10 minutes this week or next for a brief call?

Best,

--

Graham Mills 

grahammillspb@gmail.com 

704-770-7141

www.linkedin.com/in/gmills1 <http://www.linkedin.com/in/gmills1> 

 

 

","Graham Mills","/O=EXCHANGELABS/OU=EXCHANGE ADMINISTRATIVE GROUP (FYDIBOHF23SPDLT)/CN=RECIPIENTS/CN=DB3BFE3506794F919AC1E0BCA73AB3A9-A02BFDDF-EF","EX","bgraz@pharmakonadvisors.com","bgraz@pharmakonadvisors.com","SMTP",,,,,,,,,"Normal",,"Normal"
"Duke Student - Inquiry","Hi Sydney,

I hope you’re enjoying the holiday break.

I am a sophomore at Duke based in Charlotte with a strong interest in investment banking. I know you are likely busy, but I would value the chance to hear about your experience with the firm ahead of the upcoming recruiting cycle.

Do you have 10 minutes this week or next for a brief call?

Best,

--

Graham Mills 

grahammillspb@gmail.com 

704-770-7141

www.linkedin.com/in/gmills1 <http://www.linkedin.com/in/gmills1> 

 

 

","Graham Mills","/O=EXCHANGELABS/OU=EXCHANGE ADMINISTRATIVE GROUP (FYDIBOHF23SPDLT)/CN=RECIPIENTS/CN=DB3BFE3506794F919AC1E0BCA73AB3A9-A02BFDDF-EF","EX","scikovic@btig.com","scikovic@btig.com","SMTP",,,,,,,,,"Normal",,"Normal"
"Duke Student - Inquiry","Hi Nick,

I hope you’re enjoying the holiday break.

I am a sophomore at Duke based in Charlotte with a strong interest in investment banking. I know you are likely busy, but I would value the chance to hear about your experience with the firm ahead of the upcoming recruiting cycle.

Do you have 10 minutes this week or next for a brief call?

Best,

--

Graham Mills 

grahammillspb@gmail.com 

704-770-7141

www.linkedin.com/in/gmills1 <http://www.linkedin.com/in/gmills1> 

 

 

","Graham Mills","/O=EXCHANGELABS/OU=EXCHANGE ADMINISTRATIVE GROUP (FYDIBOHF23SPDLT)/CN=RECIPIENTS/CN=DB3BFE3506794F919AC1E0BCA73AB3A9-A02BFDDF-EF","EX","nick.hibshman@gs.com","nick.hibshman@gs.com","SMTP",,,,,,,,,"Normal",,"Normal"
